Copyright 1986-2022 Xilinx, Inc. All Rights Reserved. Copyright 2022-2023 Advanced Micro Devices, Inc. All Rights Reserved.
---------------------------------------------------------------------------------------------------------------------------------------------
| Tool Version : Vivado v.2023.2 (lin64) Build 4029153 Fri Oct 13 20:13:54 MDT 2023
| Date         : Sat Aug  1 02:19:44 2026
| Host         : loongson running 64-bit Ubuntu 24.04.4 LTS
| Command      : report_timing_summary -delay_type min_max -report_unconstrained -file project/loongson.runs/impl_1/timing_summary.rpt
| Design       : soc_top
| Device       : 7a200t-fbg676
| Speed File   : -2  PRODUCTION 1.23 2018-06-13
| Design State : Routed
---------------------------------------------------------------------------------------------------------------------------------------------

Timing Summary Report

------------------------------------------------------------------------------------------------
| Timer Settings
| --------------
------------------------------------------------------------------------------------------------

  Enable Multi Corner Analysis               :  Yes
  Enable Pessimism Removal                   :  Yes
  Pessimism Removal Resolution               :  Nearest Common Node
  Enable Input Delay Default Clock           :  No
  Enable Preset / Clear Arcs                 :  No
  Disable Flight Delays                      :  No
  Ignore I/O Paths                           :  No
  Timing Early Launch at Borrowing Latches   :  No
  Borrow Time for Max Delay Exceptions       :  Yes
  Merge Timing Exceptions                    :  Yes
  Inter-SLR Compensation                     :  Conservative

  Corner  Analyze    Analyze    
  Name    Max Paths  Min Paths  
  ------  ---------  ---------  
  Slow    Yes        Yes        
  Fast    Yes        Yes        


------------------------------------------------------------------------------------------------
| Report Methodology
| ------------------
------------------------------------------------------------------------------------------------

Rule       Severity  Description                                  Violations  
---------  --------  -------------------------------------------  ----------  
LUTAR-1    Warning   LUT drives async reset alert                 8           
SYNTH-10   Warning   Wide multiplier                              4           
TIMING-10  Warning   Missing property on synchronizer             1           
TIMING-18  Warning   Missing input or output delay                59          
TIMING-47  Warning   False path                                   2           
XDCB-5     Warning   Runtime inefficient way to find pin objects  1           
REQP-1959  Advisory  connects_SERDES_RST_driver_not_FF            16          

Note: This report is based on the most recent report_methodology run and may not be up-to-date. Run report_methodology on the current design for the latest report.



check_timing report

Table of Contents
-----------------
1. checking no_clock (0)
2. checking constant_clock (0)
3. checking pulse_width_clock (0)
4. checking unconstrained_internal_endpoints (0)
5. checking no_input_delay (17)
6. checking no_output_delay (42)
7. checking multiple_clock (0)
8. checking generated_clocks (0)
9. checking loops (0)
10. checking partial_input_delay (0)
11. checking partial_output_delay (0)
12. checking latch_loops (0)

1. checking no_clock (0)
------------------------
 There are 0 register/latch pins with no clock.


2. checking constant_clock (0)
------------------------------
 There are 0 register/latch pins with constant_clock.


3. checking pulse_width_clock (0)
---------------------------------
 There are 0 register/latch pins which need pulse_width check


4. checking unconstrained_internal_endpoints (0)
------------------------------------------------
 There are 0 pins that are not constrained for maximum delay.

 There are 0 pins that are not constrained for maximum delay due to constant clock.


5. checking no_input_delay (17)
-------------------------------
 There are 17 input ports with no input delay specified. (HIGH)

 There are 0 input ports with no input delay but user has a false path constraint.


6. checking no_output_delay (42)
--------------------------------
 There are 42 ports with no output delay specified. (HIGH)

 There are 0 ports with no output delay but user has a false path constraint

 There are 0 ports with no output delay but with a timing clock defined on it or propagating through it


7. checking multiple_clock (0)
------------------------------
 There are 0 register/latch pins with multiple clocks.


8. checking generated_clocks (0)
--------------------------------
 There are 0 generated clocks that are not connected to a clock source.


9. checking loops (0)
---------------------
 There are 0 combinational loops in the design.


10. checking partial_input_delay (0)
------------------------------------
 There are 0 input ports with partial input delay specified.


11. checking partial_output_delay (0)
-------------------------------------
 There are 0 ports with partial output delay specified.


12. checking latch_loops (0)
----------------------------
 There are 0 combinational latch loops in the design through latch input



------------------------------------------------------------------------------------------------
| Design Timing Summary
| ---------------------
------------------------------------------------------------------------------------------------

    WNS(ns)      TNS(ns)  TNS Failing Endpoints  TNS Total Endpoints      WHS(ns)      THS(ns)  THS Failing Endpoints  THS Total Endpoints     WPWS(ns)     TPWS(ns)  TPWS Failing Endpoints  TPWS Total Endpoints  
    -------      -------  ---------------------  -------------------      -------      -------  ---------------------  -------------------     --------     --------  ----------------------  --------------------  
      0.052        0.000                      0               131708        0.050        0.000                      0               131642        0.000        0.000                       0                 50437  


All user specified timing constraints are met.


------------------------------------------------------------------------------------------------
| Clock Summary
| -------------
------------------------------------------------------------------------------------------------

Clock                                                                                                                                                          Waveform(ns)         Period(ns)      Frequency(MHz)
-----                                                                                                                                                          ------------         ----------      --------------
clk                                                                                                                                                            {0.000 5.000}        10.000          100.000         
  clkfbout_clk_pll                                                                                                                                             {0.000 5.000}        10.000          100.000         
  cpu_clk                                                                                                                                                      {0.000 6.667}        13.333          75.000          
  ddr_clk                                                                                                                                                      {0.000 2.500}        5.000           200.000         
  freq_refclk                                                                                                                                                  {0.000 0.625}        1.250           800.000         
    u_memc_ui_top_axi/mem_intfc0/ddr_phy_top0/u_ddr_mc_phy_wrapper/u_ddr_mc_phy/ddr_phy_4lanes_0.u_ddr_phy_4lanes/ddr_byte_lane_A.ddr_byte_lane_A/iserdes_clk  {0.000 1.250}        2.500           400.000         
      iserdes_clkdiv                                                                                                                                           {0.000 5.000}        10.000          100.000         
    u_memc_ui_top_axi/mem_intfc0/ddr_phy_top0/u_ddr_mc_phy_wrapper/u_ddr_mc_phy/ddr_phy_4lanes_0.u_ddr_phy_4lanes/ddr_byte_lane_B.ddr_byte_lane_B/iserdes_clk  {0.000 1.250}        2.500           400.000         
      iserdes_clkdiv_1                                                                                                                                         {0.000 5.000}        10.000          100.000         
  mem_refclk                                                                                                                                                   {0.000 1.250}        2.500           400.000         
    oserdes_clk                                                                                                                                                {0.000 1.250}        2.500           400.000         
      oserdes_clkdiv                                                                                                                                           {0.000 2.500}        5.000           200.000         
    oserdes_clk_1                                                                                                                                              {0.000 1.250}        2.500           400.000         
      oserdes_clkdiv_1                                                                                                                                         {0.000 2.500}        5.000           200.000         
    oserdes_clk_2                                                                                                                                              {0.000 1.250}        2.500           400.000         
      oserdes_clkdiv_2                                                                                                                                         {0.000 5.000}        10.000          100.000         
    oserdes_clk_3                                                                                                                                              {0.000 1.250}        2.500           400.000         
      oserdes_clkdiv_3                                                                                                                                         {0.000 5.000}        10.000          100.000         
  pll_clk3_out                                                                                                                                                 {0.000 5.000}        10.000          100.000         
    clk_pll_i                                                                                                                                                  {0.000 5.000}        10.000          100.000         
  pll_clkfbout                                                                                                                                                 {0.000 5.000}        10.000          100.000         
  sync_pulse                                                                                                                                                   {1.094 3.594}        40.000          25.000          
  sys_clk                                                                                                                                                      {0.000 5.000}        10.000          100.000         
dbg_hub/inst/BSCANID.u_xsdbm_id/SWITCH_N_EXT_BSCAN.bscan_inst/SERIES7_BSCAN.bscan_inst/TCK                                                                     {0.000 16.500}       33.000          30.303          


------------------------------------------------------------------------------------------------
| Intra Clock Table
| -----------------
------------------------------------------------------------------------------------------------

Clock                                                                                                                                                              WNS(ns)      TNS(ns)  TNS Failing Endpoints  TNS Total Endpoints      WHS(ns)      THS(ns)  THS Failing Endpoints  THS Total Endpoints     WPWS(ns)     TPWS(ns)  TPWS Failing Endpoints  TPWS Total Endpoints  
-----                                                                                                                                                              -------      -------  ---------------------  -------------------      -------      -------  ---------------------  -------------------     --------     --------  ----------------------  --------------------  
clk                                                                                                                                                                  4.331        0.000                      0                 4458        0.075        0.000                      0                 4458        3.000        0.000                       0                  2028  
  clkfbout_clk_pll                                                                                                                                                                                                                                                                                               8.408        0.000                       0                     3  
  cpu_clk                                                                                                                                                            0.052        0.000                      0                99882        0.073        0.000                      0                99882        5.537        0.000                       0                 37090  
  ddr_clk                                                                                                                                                            2.239        0.000                      0                  126        0.121        0.000                      0                  126        0.264        0.000                       0                    64  
  freq_refclk                                                                                                                                                                                                                                                                                                    0.001        0.000                       0                     8  
    u_memc_ui_top_axi/mem_intfc0/ddr_phy_top0/u_ddr_mc_phy_wrapper/u_ddr_mc_phy/ddr_phy_4lanes_0.u_ddr_phy_4lanes/ddr_byte_lane_A.ddr_byte_lane_A/iserdes_clk                                                                                                                                                    1.029        0.000                       0                    16  
      iserdes_clkdiv                                                                                                                                                 8.178        0.000                      0                   33        0.071        0.000                      0                   33        2.850        0.000                       0                     9  
    u_memc_ui_top_axi/mem_intfc0/ddr_phy_top0/u_ddr_mc_phy_wrapper/u_ddr_mc_phy/ddr_phy_4lanes_0.u_ddr_phy_4lanes/ddr_byte_lane_B.ddr_byte_lane_B/iserdes_clk                                                                                                                                                    1.029        0.000                       0                    16  
      iserdes_clkdiv_1                                                                                                                                               8.297        0.000                      0                   33        0.071        0.000                      0                   33        2.850        0.000                       0                     9  
  mem_refclk                                                                                                                                                         1.407        0.000                      0                    1        0.336        0.000                      0                    1        0.715        0.000                       0                     8  
    oserdes_clk                                                                                                                                                      1.190        0.000                      0                    4        0.408        0.000                      0                    4        1.026        0.000                       0                    12  
      oserdes_clkdiv                                                                                                                                                 3.731        0.000                      0                   36        0.087        0.000                      0                   36        0.000        0.000                       0                    11  
    oserdes_clk_1                                                                                                                                                    1.175        0.000                      0                    4        0.413        0.000                      0                    4        1.026        0.000                       0                    12  
      oserdes_clkdiv_1                                                                                                                                               3.737        0.000                      0                   36        0.091        0.000                      0                   36        0.000        0.000                       0                    11  
    oserdes_clk_2                                                                                                                                                                                                                                                                                                1.026        0.000                       0                    10  
      oserdes_clkdiv_2                                                                                                                                               8.726        0.000                      0                   36        0.089        0.000                      0                   36        2.850        0.000                       0                    10  
    oserdes_clk_3                                                                                                                                                                                                                                                                                                1.029        0.000                       0                    12  
      oserdes_clkdiv_3                                                                                                                                               8.740        0.000                      0                   48        0.083        0.000                      0                   48        2.850        0.000                       0                    13  
  pll_clk3_out                                                                                                                                                                                                                                                                                                   3.000        0.000                       0                     3  
    clk_pll_i                                                                                                                                                        1.707        0.000                      0                16577        0.068        0.000                      0                16577        2.850        0.000                       0                  7007  
  pll_clkfbout                                                                                                                                                                                                                                                                                                   8.751        0.000                       0                     2  
  sync_pulse                                                                                                                                                                                                                                                                                                     1.428        0.000                       0                     8  
  sys_clk                                                                                                                                                            2.443        0.000                      0                 8399        0.050        0.000                      0                 8399        3.870        0.000                       0                  3588  
dbg_hub/inst/BSCANID.u_xsdbm_id/SWITCH_N_EXT_BSCAN.bscan_inst/SERIES7_BSCAN.bscan_inst/TCK                                                                          27.165        0.000                      0                  933        0.093        0.000                      0                  933       15.370        0.000                       0                   487  


------------------------------------------------------------------------------------------------
| Inter Clock Table
| -----------------
------------------------------------------------------------------------------------------------

From Clock                                                                                  To Clock                                                                                        WNS(ns)      TNS(ns)  TNS Failing Endpoints  TNS Total Endpoints      WHS(ns)      THS(ns)  THS Failing Endpoints  THS Total Endpoints  
----------                                                                                  --------                                                                                        -------      -------  ---------------------  -------------------      -------      -------  ---------------------  -------------------  
clk_pll_i                                                                                   clk                                                                                               5.220        0.000                      0                    1        1.413        0.000                      0                    1  
sys_clk                                                                                     clk                                                                                               7.179        0.000                      0                   77        0.108        0.000                      0                   53  
dbg_hub/inst/BSCANID.u_xsdbm_id/SWITCH_N_EXT_BSCAN.bscan_inst/SERIES7_BSCAN.bscan_inst/TCK  clk                                                                                              31.857        0.000                      0                    8                                                                        
clk_pll_i                                                                                   ddr_clk                                                                                          14.606        0.000                      0                    1                                                                        
sync_pulse                                                                                  mem_refclk                                                                                        0.978        0.000                      0                    1        0.673        0.000                      0                    1  
oserdes_clk                                                                                 oserdes_clkdiv                                                                                    1.694        0.000                      0                   15        0.095        0.000                      0                   15  
oserdes_clk_1                                                                               oserdes_clkdiv_1                                                                                  1.694        0.000                      0                   15        0.095        0.000                      0                   15  
oserdes_clk_2                                                                               oserdes_clkdiv_2                                                                                  1.694        0.000                      0                   10        0.095        0.000                      0                   10  
oserdes_clk_3                                                                               oserdes_clkdiv_3                                                                                  1.694        0.000                      0                   13        0.095        0.000                      0                   13  
ddr_clk                                                                                     clk_pll_i                                                                                        17.417        0.000                      0                   12        0.111        0.000                      0                   12  
sys_clk                                                                                     clk_pll_i                                                                                         6.559        0.000                      0                  142        0.054        0.000                      0                  142  
clk                                                                                         sys_clk                                                                                           5.043        0.000                      0                   56        0.128        0.000                      0                   32  
clk_pll_i                                                                                   sys_clk                                                                                           5.117        0.000                      0                   62        0.629        0.000                      0                   62  
clk                                                                                         dbg_hub/inst/BSCANID.u_xsdbm_id/SWITCH_N_EXT_BSCAN.bscan_inst/SERIES7_BSCAN.bscan_inst/TCK        9.013        0.000                      0                    8                                                                        


------------------------------------------------------------------------------------------------
| Other Path Groups Table
| -----------------------
------------------------------------------------------------------------------------------------

Path Group                                                                                  From Clock                                                                                  To Clock                                                                                        WNS(ns)      TNS(ns)  TNS Failing Endpoints  TNS Total Endpoints      WHS(ns)      THS(ns)  THS Failing Endpoints  THS Total Endpoints  
----------                                                                                  ----------                                                                                  --------                                                                                        -------      -------  ---------------------  -------------------      -------      -------  ---------------------  -------------------  
**async_default**                                                                           clk                                                                                         clk                                                                                               7.449        0.000                      0                  115        0.328        0.000                      0                  115  
**async_default**                                                                           clk_pll_i                                                                                   clk_pll_i                                                                                         6.637        0.000                      0                   73        0.640        0.000                      0                   73  
**async_default**                                                                           sys_clk                                                                                     clk_pll_i                                                                                         7.242        0.000                      0                    2        0.529        0.000                      0                    2  
**async_default**                                                                           cpu_clk                                                                                     cpu_clk                                                                                           3.498        0.000                      0                  106        0.837        0.000                      0                  106  
**async_default**                                                                           dbg_hub/inst/BSCANID.u_xsdbm_id/SWITCH_N_EXT_BSCAN.bscan_inst/SERIES7_BSCAN.bscan_inst/TCK  dbg_hub/inst/BSCANID.u_xsdbm_id/SWITCH_N_EXT_BSCAN.bscan_inst/SERIES7_BSCAN.bscan_inst/TCK       29.528        0.000                      0                  100        0.314        0.000                      0                  100  
**async_default**                                                                           clk_pll_i                                                                                   sys_clk                                                                                           5.084        0.000                      0                    4        0.954        0.000                      0                    4  
**async_default**                                                                           sys_clk                                                                                     sys_clk                                                                                           3.311        0.000                      0                  482        0.774        0.000                      0                  482  
**default**                                                                                 clk_pll_i                                                                                                                                                                                     2.207        0.000                      0                    1                                                                        


------------------------------------------------------------------------------------------------
| User Ignored Path Table
| -----------------------
------------------------------------------------------------------------------------------------

Path Group                                                                                  From Clock                                                                                  To Clock                                                                                  
----------                                                                                  ----------                                                                                  --------                                                                                  
(none)                                                                                      clk_pll_i                                                                                                                                                                               
(none)                                                                                      clk                                                                                         clk                                                                                         
(none)                                                                                      dbg_hub/inst/BSCANID.u_xsdbm_id/SWITCH_N_EXT_BSCAN.bscan_inst/SERIES7_BSCAN.bscan_inst/TCK  clk                                                                                         
(none)                                                                                      sys_clk                                                                                     clk                                                                                         
(none)                                                                                      clk                                                                                         clk_pll_i                                                                                   
(none)                                                                                      mem_refclk                                                                                  clk_pll_i                                                                                   
(none)                                                                                      sys_clk                                                                                     cpu_clk                                                                                     
(none)                                                                                      clk                                                                                         dbg_hub/inst/BSCANID.u_xsdbm_id/SWITCH_N_EXT_BSCAN.bscan_inst/SERIES7_BSCAN.bscan_inst/TCK  
(none)                                                                                      clk                                                                                         ddr_clk                                                                                     
(none)                                                                                      clk_pll_i                                                                                   ddr_clk                                                                                     
(none)                                                                                      clk                                                                                         sys_clk                                                                                     
(none)                                                                                      cpu_clk                                                                                     sys_clk                                                                                     


------------------------------------------------------------------------------------------------
| Unconstrained Path Table
| ------------------------
------------------------------------------------------------------------------------------------

Path Group                                                                                  From Clock                                                                                  To Clock                                                                                  
----------                                                                                  ----------                                                                                  --------                                                                                  
(none)                                                                                      clk_pll_i                                                                                                                                                                               
(none)                                                                                      clkfbout_clk_pll                                                                                                                                                                        
(none)                                                                                      ddr_clk                                                                                                                                                                                 
(none)                                                                                      freq_refclk                                                                                                                                                                             
(none)                                                                                      pll_clkfbout                                                                                                                                                                            
(none)                                                                                      sys_clk                                                                                                                                                                                 
(none)                                                                                                                                                                                  clk                                                                                         
(none)                                                                                                                                                                                  clk_pll_i                                                                                   
(none)                                                                                                                                                                                  dbg_hub/inst/BSCANID.u_xsdbm_id/SWITCH_N_EXT_BSCAN.bscan_inst/SERIES7_BSCAN.bscan_inst/TCK  
(none)                                                                                                                                                                                  sys_clk                                                                                     


------------------------------------------------------------------------------------------------
| Timing Details
| --------------
------------------------------------------------------------------------------------------------


---------------------------------------------------------------------------------------------------
From Clock:  clk
  To Clock:  clk

Setup :            0  Failing Endpoints,  Worst Slack        4.331ns,  Total Violation        0.000ns
Hold  :            0  Failing Endpoints,  Worst Slack        0.075ns,  Total Violation        0.000ns
PW    :            0  Failing Endpoints,  Worst Slack        3.000ns,  Total Violation        0.000ns
---------------------------------------------------------------------------------------------------


Max Delay Paths
--------------------------------------------------------------------------------------
Slack (MET) :             4.331ns  (required time - arrival time)
  Source:                 dbg_hub/inst/BSCANID.u_xsdbm_id/CORE_XSDB.UUT_MASTER/U_ICON_INTERFACE/U_CMD6_WR/U_WR_FIFO/SUBCORE_FIFO.xsdbm_v3_0_0_wrfifo_inst/inst_fifo_gen/gconvfifo.rf/grf.rf/gntv_or_sync_fifo.gl0.rd/gras.rsts/ram_empty_i_reg/C
                            (rising edge-triggered cell FDPE clocked by clk  {rise@0.000ns fall@5.000ns period=10.000ns})
  Destination:            dbg_hub/inst/BSCANID.u_xsdbm_id/CORE_XSDB.UUT_MASTER/U_XSDB_BUS_CONTROLLER/dec_wdc_r_reg/D
                            (rising edge-triggered cell FDCE clocked by clk  {rise@0.000ns fall@5.000ns period=10.000ns})
  Path Group:             clk
  Path Type:              Setup (Max at Slow Process Corner)
  Requirement:            10.000ns  (clk rise@10.000ns - clk rise@0.000ns)
  Data Path Delay:        5.780ns  (logic 1.138ns (19.690%)  route 4.642ns (80.310%))
  Logic Levels:           5  (LUT3=1 LUT5=2 LUT6=2)
  Clock Path Skew:        0.070ns (DCD - SCD + CPR)
    Destination Clock Delay (DCD):    5.349ns = ( 15.349 - 10.000 ) 
    Source Clock Delay      (SCD):    5.487ns
    Clock Pessimism Removal (CPR):    0.208ns
  Clock Uncertainty:      0.035ns  ((TSJ^2 + TIJ^2)^1/2 + DJ) / 2 + PE
    Total System Jitter     (TSJ):    0.071ns
    Total Input Jitter      (TIJ):    0.000ns
    Discrete Jitter          (DJ):    0.000ns
    Phase Error              (PE):    0.000ns

    Location             Delay type                Incr(ns)  Path(ns)    Netlist Resource(s)
  -------------------------------------------------------------------    -------------------
                         (clock clk rise edge)        0.000     0.000 r  
    AC19                                              0.000     0.000 r  clk (IN)
                         net (fo=0)                   0.000     0.000    clk
    AC19                 IBUF (Prop_ibuf_I_O)         1.416     1.416 r  clk_IBUF_inst/O
                         net (fo=1, routed)           2.602     4.018    clk_IBUF
    BUFGCTRL_X0Y0        BUFG (Prop_bufg_I_O)         0.081     4.099 r  clk_IBUF_BUFG_inst/O
                         net (fo=2027, routed)        1.388     5.487    dbg_hub/inst/BSCANID.u_xsdbm_id/CORE_XSDB.UUT_MASTER/U_ICON_INTERFACE/U_CMD6_WR/U_WR_FIFO/SUBCORE_FIFO.xsdbm_v3_0_0_wrfifo_inst/inst_fifo_gen/gconvfifo.rf/grf.rf/gntv_or_sync_fifo.gl0.rd/gras.rsts/rd_clk
    SLICE_X66Y197        FDPE                                         r  dbg_hub/inst/BSCANID.u_xsdbm_id/CORE_XSDB.UUT_MASTER/U_ICON_INTERFACE/U_CMD6_WR/U_WR_FIFO/SUBCORE_FIFO.xsdbm_v3_0_0_wrfifo_inst/inst_fifo_gen/gconvfifo.rf/grf.rf/gntv_or_sync_fifo.gl0.rd/gras.rsts/ram_empty_i_reg/C
  -------------------------------------------------------------------    -------------------
    SLICE_X66Y197        FDPE (Prop_fdpe_C_Q)         0.433     5.920 r  dbg_hub/inst/BSCANID.u_xsdbm_id/CORE_XSDB.UUT_MASTER/U_ICON_INTERFACE/U_CMD6_WR/U_WR_FIFO/SUBCORE_FIFO.xsdbm_v3_0_0_wrfifo_inst/inst_fifo_gen/gconvfifo.rf/grf.rf/gntv_or_sync_fifo.gl0.rd/gras.rsts/ram_empty_i_reg/Q
                         net (fo=11, routed)          1.819     7.739    dbg_hub/inst/BSCANID.u_xsdbm_id/CORE_XSDB.UUT_MASTER/U_XSDB_BUS_CONTROLLER/EMPTY_O
    SLICE_X46Y212        LUT5 (Prop_lut5_I4_O)        0.105     7.844 r  dbg_hub/inst/BSCANID.u_xsdbm_id/CORE_XSDB.UUT_MASTER/U_XSDB_BUS_CONTROLLER/g0_b0__0_i_25/O
                         net (fo=2, routed)           0.539     8.383    dbg_hub/inst/BSCANID.u_xsdbm_id/CORE_XSDB.UUT_MASTER/U_XSDB_BUS_CONTROLLER/U_TIMER/g0_b0__0_i_2
    SLICE_X46Y211        LUT6 (Prop_lut6_I5_O)        0.105     8.488 r  dbg_hub/inst/BSCANID.u_xsdbm_id/CORE_XSDB.UUT_MASTER/U_XSDB_BUS_CONTROLLER/U_TIMER/g0_b0__0_i_13/O
                         net (fo=1, routed)           0.551     9.038    dbg_hub/inst/BSCANID.u_xsdbm_id/CORE_XSDB.UUT_MASTER/U_XSDB_BUS_CONTROLLER/U_RD_ABORT_FLAG/in_idle_mode_reg_1
    SLICE_X46Y211        LUT6 (Prop_lut6_I4_O)        0.105     9.143 r  dbg_hub/inst/BSCANID.u_xsdbm_id/CORE_XSDB.UUT_MASTER/U_XSDB_BUS_CONTROLLER/U_RD_ABORT_FLAG/g0_b0__0_i_2/O
                         net (fo=27, routed)          1.022    10.165    dbg_hub/inst/BSCANID.u_xsdbm_id/CORE_XSDB.UUT_MASTER/U_XSDB_BUS_CONTROLLER/U_TIMER/in_read_mode_reg_0[0]
    SLICE_X50Y210        LUT5 (Prop_lut5_I1_O)        0.115    10.280 r  dbg_hub/inst/BSCANID.u_xsdbm_id/CORE_XSDB.UUT_MASTER/U_XSDB_BUS_CONTROLLER/U_TIMER/g0_b0__6/O
                         net (fo=1, routed)           0.711    10.992    dbg_hub/inst/BSCANID.u_xsdbm_id/CORE_XSDB.UUT_MASTER/U_XSDB_BUS_CONTROLLER/U_TIMER/g0_b0__6_n_0
    SLICE_X48Y210        LUT3 (Prop_lut3_I1_O)        0.275    11.267 r  dbg_hub/inst/BSCANID.u_xsdbm_id/CORE_XSDB.UUT_MASTER/U_XSDB_BUS_CONTROLLER/U_TIMER/dec_wdc_r_i_1/O
                         net (fo=1, routed)           0.000    11.267    dbg_hub/inst/BSCANID.u_xsdbm_id/CORE_XSDB.UUT_MASTER/U_XSDB_BUS_CONTROLLER/U_TIMER_n_13
    SLICE_X48Y210        FDCE                                         r  dbg_hub/inst/BSCANID.u_xsdbm_id/CORE_XSDB.UUT_MASTER/U_XSDB_BUS_CONTROLLER/dec_wdc_r_reg/D
  -------------------------------------------------------------------    -------------------

                         (clock clk rise edge)       10.000    10.000 r  
    AC19                                              0.000    10.000 r  clk (IN)
                         net (fo=0)                   0.000    10.000    clk
    AC19                 IBUF (Prop_ibuf_I_O)         1.350    11.350 r  clk_IBUF_inst/O
                         net (fo=1, routed)           2.471    13.821    clk_IBUF
    BUFGCTRL_X0Y0        BUFG (Prop_bufg_I_O)         0.077    13.898 r  clk_IBUF_BUFG_inst/O
                         net (fo=2027, routed)        1.451    15.349    dbg_hub/inst/BSCANID.u_xsdbm_id/CORE_XSDB.UUT_MASTER/U_XSDB_BUS_CONTROLLER/clk
    SLICE_X48Y210        FDCE                                         r  dbg_hub/inst/BSCANID.u_xsdbm_id/CORE_XSDB.UUT_MASTER/U_XSDB_BUS_CONTROLLER/dec_wdc_r_reg/C
                         clock pessimism              0.208    15.557    
                         clock uncertainty           -0.035    15.521    
    SLICE_X48Y210        FDCE (Setup_fdce_C_D)        0.076    15.597    dbg_hub/inst/BSCANID.u_xsdbm_id/CORE_XSDB.UUT_MASTER/U_XSDB_BUS_CONTROLLER/dec_wdc_r_reg
  -------------------------------------------------------------------
                         required time                         15.597    
                         arrival time                         -11.267    
  -------------------------------------------------------------------
                         slack                                  4.331    





Min Delay Paths
--------------------------------------------------------------------------------------
Slack (MET) :             0.075ns  (arrival time - required time)
  Source:                 u_jtag_axi_wrap/u_jtag_axi/inst/jtag_axi_engine_u/u_xsdb_fifo_interface/xsdb2write_cmdfifo/tx_fifo_dataout_reg[59]/C
                            (rising edge-triggered cell FDRE clocked by clk  {rise@0.000ns fall@5.000ns period=10.000ns})
  Destination:            u_jtag_axi_wrap/u_jtag_axi/inst/jtag_axi_engine_u/wr_cmd_fifo_i/inst_fifo_gen/gconvfifo.rf/grf.rf/gntv_or_sync_fifo.mem/gbm.gbmg.gbmga.ngecc.bmg/inst_blk_mem_gen/gnbram.gnativebmg.native_blk_mem_gen/valid.cstr/ramloop[0].ram.r/prim_noinit.ram/DEVICE_7SERIES.NO_BMM_INFO.SDP.WIDE_PRIM36_NO_ECC.ram/DIBDI[27]
                            (rising edge-triggered cell RAMB36E1 clocked by clk  {rise@0.000ns fall@5.000ns period=10.000ns})
  Path Group:             clk
  Path Type:              Hold (Min at Fast Process Corner)
  Requirement:            0.000ns  (clk rise@0.000ns - clk rise@0.000ns)
  Data Path Delay:        0.389ns  (logic 0.148ns (38.023%)  route 0.241ns (61.977%))
  Logic Levels:           0  
  Clock Path Skew:        0.073ns (DCD - SCD - CPR)
    Destination Clock Delay (DCD):    2.503ns
    Source Clock Delay      (SCD):    1.919ns
    Clock Pessimism Removal (CPR):    0.511ns

    Location             Delay type                Incr(ns)  Path(ns)    Netlist Resource(s)
  -------------------------------------------------------------------    -------------------
                         (clock clk rise edge)        0.000     0.000 r  
    AC19                                              0.000     0.000 r  clk (IN)
                         net (fo=0)                   0.000     0.000    clk
    AC19                 IBUF (Prop_ibuf_I_O)         0.253     0.253 r  clk_IBUF_inst/O
                         net (fo=1, routed)           1.074     1.327    clk_IBUF
    BUFGCTRL_X0Y0        BUFG (Prop_bufg_I_O)         0.026     1.353 r  clk_IBUF_BUFG_inst/O
                         net (fo=2027, routed)        0.567     1.919    u_jtag_axi_wrap/u_jtag_axi/inst/jtag_axi_engine_u/u_xsdb_fifo_interface/xsdb2write_cmdfifo/s_dclk_o
    SLICE_X66Y179        FDRE                                         r  u_jtag_axi_wrap/u_jtag_axi/inst/jtag_axi_engine_u/u_xsdb_fifo_interface/xsdb2write_cmdfifo/tx_fifo_dataout_reg[59]/C
  -------------------------------------------------------------------    -------------------
    SLICE_X66Y179        FDRE (Prop_fdre_C_Q)         0.148     2.067 r  u_jtag_axi_wrap/u_jtag_axi/inst/jtag_axi_engine_u/u_xsdb_fifo_interface/xsdb2write_cmdfifo/tx_fifo_dataout_reg[59]/Q
                         net (fo=1, routed)           0.241     2.309    u_jtag_axi_wrap/u_jtag_axi/inst/jtag_axi_engine_u/wr_cmd_fifo_i/inst_fifo_gen/gconvfifo.rf/grf.rf/gntv_or_sync_fifo.mem/gbm.gbmg.gbmga.ngecc.bmg/inst_blk_mem_gen/gnbram.gnativebmg.native_blk_mem_gen/valid.cstr/ramloop[0].ram.r/prim_noinit.ram/DEVICE_7SERIES.NO_BMM_INFO.SDP.WIDE_PRIM36_NO_ECC.ram_1[59]
    RAMB36_X3Y35         RAMB36E1                                     r  u_jtag_axi_wrap/u_jtag_axi/inst/jtag_axi_engine_u/wr_cmd_fifo_i/inst_fifo_gen/gconvfifo.rf/grf.rf/gntv_or_sync_fifo.mem/gbm.gbmg.gbmga.ngecc.bmg/inst_blk_mem_gen/gnbram.gnativebmg.native_blk_mem_gen/valid.cstr/ramloop[0].ram.r/prim_noinit.ram/DEVICE_7SERIES.NO_BMM_INFO.SDP.WIDE_PRIM36_NO_ECC.ram/DIBDI[27]
  -------------------------------------------------------------------    -------------------

                         (clock clk rise edge)        0.000     0.000 r  
    AC19                                              0.000     0.000 r  clk (IN)
                         net (fo=0)                   0.000     0.000    clk
    AC19                 IBUF (Prop_ibuf_I_O)         0.441     0.441 r  clk_IBUF_inst/O
                         net (fo=1, routed)           1.160     1.601    clk_IBUF
    BUFGCTRL_X0Y0        BUFG (Prop_bufg_I_O)         0.029     1.630 r  clk_IBUF_BUFG_inst/O
                         net (fo=2027, routed)        0.873     2.503    u_jtag_axi_wrap/u_jtag_axi/inst/jtag_axi_engine_u/wr_cmd_fifo_i/inst_fifo_gen/gconvfifo.rf/grf.rf/gntv_or_sync_fifo.mem/gbm.gbmg.gbmga.ngecc.bmg/inst_blk_mem_gen/gnbram.gnativebmg.native_blk_mem_gen/valid.cstr/ramloop[0].ram.r/prim_noinit.ram/s_dclk_o
    RAMB36_X3Y35         RAMB36E1                                     r  u_jtag_axi_wrap/u_jtag_axi/inst/jtag_axi_engine_u/wr_cmd_fifo_i/inst_fifo_gen/gconvfifo.rf/grf.rf/gntv_or_sync_fifo.mem/gbm.gbmg.gbmga.ngecc.bmg/inst_blk_mem_gen/gnbram.gnativebmg.native_blk_mem_gen/valid.cstr/ramloop[0].ram.r/prim_noinit.ram/DEVICE_7SERIES.NO_BMM_INFO.SDP.WIDE_PRIM36_NO_ECC.ram/CLKBWRCLK
                         clock pessimism             -0.511     1.992    
    RAMB36_X3Y35         RAMB36E1 (Hold_ramb36e1_CLKBWRCLK_DIBDI[27])
                                                      0.242     2.234    u_jtag_axi_wrap/u_jtag_axi/inst/jtag_axi_engine_u/wr_cmd_fifo_i/inst_fifo_gen/gconvfifo.rf/grf.rf/gntv_or_sync_fifo.mem/gbm.gbmg.gbmga.ngecc.bmg/inst_blk_mem_gen/gnbram.gnativebmg.native_blk_mem_gen/valid.cstr/ramloop[0].ram.r/prim_noinit.ram/DEVICE_7SERIES.NO_BMM_INFO.SDP.WIDE_PRIM36_NO_ECC.ram
  -------------------------------------------------------------------
                         required time                         -2.234    
                         arrival time                           2.309    
  -------------------------------------------------------------------
                         slack                                  0.075    





Pulse Width Checks
--------------------------------------------------------------------------------------
Clock Name:         clk
Waveform(ns):       { 0.000 5.000 }
Period(ns):         10.000
Sources:            { clk }

Check Type        Corner  Lib Pin             Reference Pin  Required(ns)  Actual(ns)  Slack(ns)  Location        Pin
Min Period        n/a     RAMB36E1/CLKBWRCLK  n/a            2.170         10.000      7.830      RAMB36_X3Y34    u_jtag_axi_wrap/u_jtag_axi/inst/jtag_axi_engine_u/rd_cmd_fifo_i/inst_fifo_gen/gconvfifo.rf/grf.rf/gntv_or_sync_fifo.mem/gbm.gbmg.gbmga.ngecc.bmg/inst_blk_mem_gen/gnbram.gnativebmg.native_blk_mem_gen/valid.cstr/ramloop[0].ram.r/prim_noinit.ram/DEVICE_7SERIES.NO_BMM_INFO.SDP.WIDE_PRIM36_NO_ECC.ram/CLKBWRCLK
Max Period        n/a     PLLE2_ADV/CLKIN1    n/a            52.633        10.000      42.633     PLLE2_ADV_X0Y4  ddr3.u_axi_wrap_ddr/mig_axi/u_mig_axi_32_mig/u_ddr3_infrastructure/plle2_i/CLKIN1
Low Pulse Width   Slow    PLLE2_ADV/CLKIN1    n/a            2.000         5.000       3.000      PLLE2_ADV_X0Y4  ddr3.u_axi_wrap_ddr/mig_axi/u_mig_axi_32_mig/u_ddr3_infrastructure/plle2_i/CLKIN1
High Pulse Width  Slow    PLLE2_ADV/CLKIN1    n/a            2.000         5.000       3.000      PLLE2_ADV_X0Y4  ddr3.u_axi_wrap_ddr/mig_axi/u_mig_axi_32_mig/u_ddr3_infrastructure/plle2_i/CLKIN1



---------------------------------------------------------------------------------------------------
From Clock:  clkfbout_clk_pll
  To Clock:  clkfbout_clk_pll

Setup :           NA  Failing Endpoints,  Worst Slack           NA  ,  Total Violation           NA
Hold  :           NA  Failing Endpoints,  Worst Slack           NA  ,  Total Violation           NA
PW    :            0  Failing Endpoints,  Worst Slack        8.408ns,  Total Violation        0.000ns
---------------------------------------------------------------------------------------------------


Pulse Width Checks
--------------------------------------------------------------------------------------
Clock Name:         clkfbout_clk_pll
Waveform(ns):       { 0.000 5.000 }
Period(ns):         10.000
Sources:            { fpga_pll.u_clk_pll/inst/plle2_adv_inst/CLKFBOUT }

Check Type  Corner  Lib Pin            Reference Pin  Required(ns)  Actual(ns)  Slack(ns)  Location        Pin
Min Period  n/a     BUFG/I             n/a            1.592         10.000      8.408      BUFGCTRL_X0Y5   fpga_pll.u_clk_pll/inst/clkf_buf/I
Max Period  n/a     PLLE2_ADV/CLKFBIN  n/a            52.633        10.000      42.633     PLLE2_ADV_X1Y0  fpga_pll.u_clk_pll/inst/plle2_adv_inst/CLKFBIN



---------------------------------------------------------------------------------------------------
From Clock:  cpu_clk
  To Clock:  cpu_clk

Setup :            0  Failing Endpoints,  Worst Slack        0.052ns,  Total Violation        0.000ns
Hold  :            0  Failing Endpoints,  Worst Slack        0.073ns,  Total Violation        0.000ns
PW    :            0  Failing Endpoints,  Worst Slack        5.537ns,  Total Violation        0.000ns
---------------------------------------------------------------------------------------------------


Max Delay Paths
--------------------------------------------------------------------------------------
Slack (MET) :             0.052ns  (required time - arrival time)
  Source:                 u_cpu/u_dcache/req_paddr_reg[6]_rep__2/C
                            (rising edge-triggered cell FDRE clocked by cpu_clk  {rise@0.000ns fall@6.667ns period=13.333ns})
  Destination:            u_cpu/u_dcache/pend_robid_reg[0]/CE
                            (rising edge-triggered cell FDRE clocked by cpu_clk  {rise@0.000ns fall@6.667ns period=13.333ns})
  Path Group:             cpu_clk
  Path Type:              Setup (Max at Slow Process Corner)
  Requirement:            13.333ns  (cpu_clk rise@13.333ns - cpu_clk rise@0.000ns)
  Data Path Delay:        12.806ns  (logic 2.823ns (22.044%)  route 9.983ns (77.956%))
  Logic Levels:           15  (LUT2=1 LUT4=2 LUT5=1 LUT6=6 MUXF7=3 MUXF8=2)
  Clock Path Skew:        -0.101ns (DCD - SCD + CPR)
    Destination Clock Delay (DCD):    5.187ns = ( 18.521 - 13.333 ) 
    Source Clock Delay      (SCD):    5.489ns
    Clock Pessimism Removal (CPR):    0.201ns
  Clock Uncertainty:      0.070ns  ((TSJ^2 + DJ^2)^1/2) / 2 + PE
    Total System Jitter     (TSJ):    0.071ns
    Discrete Jitter          (DJ):    0.121ns
    Phase Error              (PE):    0.000ns

    Location             Delay type                Incr(ns)  Path(ns)    Netlist Resource(s)
  -------------------------------------------------------------------    -------------------
                         (clock cpu_clk rise edge)    0.000     0.000 r  
    AC19                                              0.000     0.000 r  clk (IN)
                         net (fo=0)                   0.000     0.000    clk
    AC19                 IBUF (Prop_ibuf_I_O)         1.416     1.416 r  clk_IBUF_inst/O
                         net (fo=1, routed)           2.602     4.018    clk_IBUF
    BUFGCTRL_X0Y0        BUFG (Prop_bufg_I_O)         0.081     4.099 r  clk_IBUF_BUFG_inst/O
                         net (fo=2027, routed)        1.823     5.922    fpga_pll.u_clk_pll/inst/clk_in1
    PLLE2_ADV_X1Y0       PLLE2_ADV (Prop_plle2_adv_CLKIN1_CLKOUT0)
                                                     -4.192     1.730 r  fpga_pll.u_clk_pll/inst/plle2_adv_inst/CLKOUT0
                         net (fo=1, routed)           2.288     4.018    fpga_pll.u_clk_pll/inst/cpu_clk_clk_pll
    BUFGCTRL_X0Y2        BUFG (Prop_bufg_I_O)         0.081     4.099 r  fpga_pll.u_clk_pll/inst/clkout1_buf/O
                         net (fo=37090, routed)       1.390     5.489    u_cpu/u_dcache/cpu_clk
    SLICE_X102Y180       FDRE                                         r  u_cpu/u_dcache/req_paddr_reg[6]_rep__2/C
  -------------------------------------------------------------------    -------------------
    SLICE_X102Y180       FDRE (Prop_fdre_C_Q)         0.433     5.922 r  u_cpu/u_dcache/req_paddr_reg[6]_rep__2/Q
                         net (fo=56, routed)          1.365     7.287    u_cpu/u_dcache/gen_dram[3].u_way_ram/i___152_i_91_0
    SLICE_X104Y187       LUT6 (Prop_lut6_I2_O)        0.105     7.392 r  u_cpu/u_dcache/gen_dram[3].u_way_ram/i___152_i_64/O
                         net (fo=1, routed)           0.779     8.171    u_cpu/u_dcache/gen_dram[3].u_way_ram/i___152_i_64_n_0
    SLICE_X104Y184       LUT6 (Prop_lut6_I5_O)        0.105     8.276 f  u_cpu/u_dcache/gen_dram[3].u_way_ram/i___152_i_20/O
                         net (fo=1, routed)           0.247     8.523    u_cpu/u_dcache/gen_dram[3].u_way_ram/i___152_i_20_n_0
    SLICE_X104Y182       LUT6 (Prop_lut6_I5_O)        0.105     8.628 r  u_cpu/u_dcache/gen_dram[3].u_way_ram/i___152_i_6/O
                         net (fo=1, routed)           0.000     8.628    u_cpu/u_dcache/gen_dram[3].u_way_ram/i___152_i_6_n_0
    SLICE_X104Y182       MUXF7 (Prop_muxf7_I1_O)      0.178     8.806 r  u_cpu/u_dcache/gen_dram[3].u_way_ram/i___152_i_1/O
                         net (fo=31, routed)          1.119     9.925    u_cpu/u_dcache/gen_dram[3].u_way_ram_n_505
    SLICE_X110Y186       LUT6 (Prop_lut6_I1_O)        0.241    10.166 f  u_cpu/u_dcache/i___152_rep__2/O
                         net (fo=64, routed)          0.966    11.132    u_cpu/u_dcache/i___152_rep__2_n_0
    SLICE_X123Y193       LUT4 (Prop_lut4_I2_O)        0.105    11.237 r  u_cpu/u_dcache/wb_addr[31]_i_377/O
                         net (fo=1, routed)           0.622    11.859    u_cpu/u_dcache/wb_addr[31]_i_377_n_0
    SLICE_X123Y191       LUT5 (Prop_lut5_I4_O)        0.105    11.964 r  u_cpu/u_dcache/wb_addr[31]_i_125/O
                         net (fo=1, routed)           0.000    11.964    u_cpu/u_dcache/wb_addr[31]_i_125_n_0
    SLICE_X123Y191       MUXF7 (Prop_muxf7_I1_O)      0.182    12.146 r  u_cpu/u_dcache/wb_addr_reg[31]_i_61/O
                         net (fo=1, routed)           0.000    12.146    u_cpu/u_dcache/wb_addr_reg[31]_i_61_n_0
    SLICE_X123Y191       MUXF8 (Prop_muxf8_I1_O)      0.079    12.225 r  u_cpu/u_dcache/wb_addr_reg[31]_i_29/O
                         net (fo=1, routed)           1.171    13.397    u_cpu/u_dcache/wb_addr_reg[31]_i_29_n_0
    SLICE_X103Y178       LUT6 (Prop_lut6_I5_O)        0.264    13.661 r  u_cpu/u_dcache/wb_addr[31]_i_13/O
                         net (fo=1, routed)           0.000    13.661    u_cpu/u_dcache/wb_addr[31]_i_13_n_0
    SLICE_X103Y178       MUXF7 (Prop_muxf7_I1_O)      0.182    13.843 r  u_cpu/u_dcache/wb_addr_reg[31]_i_7/O
                         net (fo=2, routed)           0.000    13.843    u_cpu/u_dcache/wb_addr_reg[31]_i_7_n_0
    SLICE_X103Y178       MUXF8 (Prop_muxf8_I1_O)      0.079    13.922 r  u_cpu/u_dcache/i___21_i_5/O
                         net (fo=3, routed)           0.834    14.756    u_cpu/u_dcache/i___21_i_5_n_0
    SLICE_X89Y171        LUT6 (Prop_lut6_I4_O)        0.264    15.020 f  u_cpu/u_dcache/i___21_i_1_replica_1/O
                         net (fo=2, routed)           0.634    15.654    u_cpu/u_dcache/i___21_i_1_n_0_repN_1
    SLICE_X88Y161        LUT4 (Prop_lut4_I0_O)        0.108    15.762 r  u_cpu/u_dcache/i__i_2/O
                         net (fo=5, routed)           0.735    16.497    u_cpu/u_dcache/i__i_2_n_0
    SLICE_X86Y167        LUT2 (Prop_lut2_I0_O)        0.288    16.785 r  u_cpu/u_dcache/i___23/O
                         net (fo=331, routed)         1.510    18.295    u_cpu/u_dcache/i___23_n_0
    SLICE_X72Y144        FDRE                                         r  u_cpu/u_dcache/pend_robid_reg[0]/CE
  -------------------------------------------------------------------    -------------------

                         (clock cpu_clk rise edge)   13.333    13.333 r  
    AC19                                              0.000    13.333 r  clk (IN)
                         net (fo=0)                   0.000    13.333    clk
    AC19                 IBUF (Prop_ibuf_I_O)         1.350    14.684 r  clk_IBUF_inst/O
                         net (fo=1, routed)           2.471    17.154    clk_IBUF
    BUFGCTRL_X0Y0        BUFG (Prop_bufg_I_O)         0.077    17.231 r  clk_IBUF_BUFG_inst/O
                         net (fo=2027, routed)        1.706    18.937    fpga_pll.u_clk_pll/inst/clk_in1
    PLLE2_ADV_X1Y0       PLLE2_ADV (Prop_plle2_adv_CLKIN1_CLKOUT0)
                                                     -3.960    14.977 r  fpga_pll.u_clk_pll/inst/plle2_adv_inst/CLKOUT0
                         net (fo=1, routed)           2.177    17.154    fpga_pll.u_clk_pll/inst/cpu_clk_clk_pll
    BUFGCTRL_X0Y2        BUFG (Prop_bufg_I_O)         0.077    17.231 r  fpga_pll.u_clk_pll/inst/clkout1_buf/O
                         net (fo=37090, routed)       1.290    18.521    u_cpu/u_dcache/cpu_clk
    SLICE_X72Y144        FDRE                                         r  u_cpu/u_dcache/pend_robid_reg[0]/C
                         clock pessimism              0.201    18.722    
                         clock uncertainty           -0.070    18.652    
    SLICE_X72Y144        FDRE (Setup_fdre_C_CE)      -0.305    18.347    u_cpu/u_dcache/pend_robid_reg[0]
  -------------------------------------------------------------------
                         required time                         18.347    
                         arrival time                         -18.295    
  -------------------------------------------------------------------
                         slack                                  0.052    





Min Delay Paths
--------------------------------------------------------------------------------------
Slack (MET) :             0.073ns  (arrival time - required time)
  Source:                 u_cpu/u_bpu/u_tage/spec_ghr_reg[84]/C
                            (rising edge-triggered cell FDRE clocked by cpu_clk  {rise@0.000ns fall@6.667ns period=13.333ns})
  Destination:            u_cpu/u_bpu/u_tage/hist_checkpoint_reg_r1_0_15_84_89/RAMA/I
                            (rising edge-triggered cell RAMD32 clocked by cpu_clk  {rise@0.000ns fall@6.667ns period=13.333ns})
  Path Group:             cpu_clk
  Path Type:              Hold (Min at Fast Process Corner)
  Requirement:            0.000ns  (cpu_clk rise@0.000ns - cpu_clk rise@0.000ns)
  Data Path Delay:        0.233ns  (logic 0.141ns (60.450%)  route 0.092ns (39.549%))
  Logic Levels:           0  
  Clock Path Skew:        0.013ns (DCD - SCD - CPR)
    Destination Clock Delay (DCD):    2.591ns
    Source Clock Delay      (SCD):    2.039ns
    Clock Pessimism Removal (CPR):    0.540ns

    Location             Delay type                Incr(ns)  Path(ns)    Netlist Resource(s)
  -------------------------------------------------------------------    -------------------
                         (clock cpu_clk rise edge)    0.000     0.000 r  
    AC19                                              0.000     0.000 r  clk (IN)
                         net (fo=0)                   0.000     0.000    clk
    AC19                 IBUF (Prop_ibuf_I_O)         0.253     0.253 r  clk_IBUF_inst/O
                         net (fo=1, routed)           1.074     1.327    clk_IBUF
    BUFGCTRL_X0Y0        BUFG (Prop_bufg_I_O)         0.026     1.353 r  clk_IBUF_BUFG_inst/O
                         net (fo=2027, routed)        0.750     2.103    fpga_pll.u_clk_pll/inst/clk_in1
    PLLE2_ADV_X1Y0       PLLE2_ADV (Prop_plle2_adv_CLKIN1_CLKOUT0)
                                                     -1.703     0.400 r  fpga_pll.u_clk_pll/inst/plle2_adv_inst/CLKOUT0
                         net (fo=1, routed)           0.927     1.327    fpga_pll.u_clk_pll/inst/cpu_clk_clk_pll
    BUFGCTRL_X0Y2        BUFG (Prop_bufg_I_O)         0.026     1.353 r  fpga_pll.u_clk_pll/inst/clkout1_buf/O
                         net (fo=37090, routed)       0.686     2.039    u_cpu/u_bpu/u_tage/cpu_clk
    SLICE_X149Y56        FDRE                                         r  u_cpu/u_bpu/u_tage/spec_ghr_reg[84]/C
  -------------------------------------------------------------------    -------------------
    SLICE_X149Y56        FDRE (Prop_fdre_C_Q)         0.141     2.180 r  u_cpu/u_bpu/u_tage/spec_ghr_reg[84]/Q
                         net (fo=5, routed)           0.092     2.272    u_cpu/u_bpu/u_tage/hist_checkpoint_reg_r1_0_15_84_89/DIA0
    SLICE_X148Y56        RAMD32                                       r  u_cpu/u_bpu/u_tage/hist_checkpoint_reg_r1_0_15_84_89/RAMA/I
  -------------------------------------------------------------------    -------------------

                         (clock cpu_clk rise edge)    0.000     0.000 r  
    AC19                                              0.000     0.000 r  clk (IN)
                         net (fo=0)                   0.000     0.000    clk
    AC19                 IBUF (Prop_ibuf_I_O)         0.441     0.441 r  clk_IBUF_inst/O
                         net (fo=1, routed)           1.160     1.601    clk_IBUF
    BUFGCTRL_X0Y0        BUFG (Prop_bufg_I_O)         0.029     1.630 r  clk_IBUF_BUFG_inst/O
                         net (fo=2027, routed)        1.027     2.656    fpga_pll.u_clk_pll/inst/clk_in1
    PLLE2_ADV_X1Y0       PLLE2_ADV (Prop_plle2_adv_CLKIN1_CLKOUT0)
                                                     -2.061     0.596 r  fpga_pll.u_clk_pll/inst/plle2_adv_inst/CLKOUT0
                         net (fo=1, routed)           1.005     1.601    fpga_pll.u_clk_pll/inst/cpu_clk_clk_pll
    BUFGCTRL_X0Y2        BUFG (Prop_bufg_I_O)         0.029     1.630 r  fpga_pll.u_clk_pll/inst/clkout1_buf/O
                         net (fo=37090, routed)       0.962     2.591    u_cpu/u_bpu/u_tage/hist_checkpoint_reg_r1_0_15_84_89/WCLK
    SLICE_X148Y56        RAMD32                                       r  u_cpu/u_bpu/u_tage/hist_checkpoint_reg_r1_0_15_84_89/RAMA/CLK
                         clock pessimism             -0.540     2.052    
    SLICE_X148Y56        RAMD32 (Hold_ramd32_CLK_I)
                                                      0.147     2.199    u_cpu/u_bpu/u_tage/hist_checkpoint_reg_r1_0_15_84_89/RAMA
  -------------------------------------------------------------------
                         required time                         -2.199    
                         arrival time                           2.272    
  -------------------------------------------------------------------
                         slack                                  0.073    





Pulse Width Checks
--------------------------------------------------------------------------------------
Clock Name:         cpu_clk
Waveform(ns):       { 0.000 6.667 }
Period(ns):         13.333
Sources:            { fpga_pll.u_clk_pll/inst/plle2_adv_inst/CLKOUT0 }

Check Type        Corner  Lib Pin            Reference Pin  Required(ns)  Actual(ns)  Slack(ns)  Location        Pin
Min Period        n/a     DSP48E1/CLK        n/a            3.272         13.333      10.061     DSP48_X6Y47     u_cpu/u_fu_mdu/u_mul/prod_r_reg/CLK
Max Period        n/a     PLLE2_ADV/CLKOUT0  n/a            160.000       13.333      146.667    PLLE2_ADV_X1Y0  fpga_pll.u_clk_pll/inst/plle2_adv_inst/CLKOUT0
Low Pulse Width   Slow    RAMD32/CLK         n/a            1.130         6.667       5.537      SLICE_X40Y169   u_axi_clock_sync/arFifo/ram_reg_0_3_0_5/RAMA/CLK
High Pulse Width  Slow    RAMD32/CLK         n/a            1.130         6.667       5.537      SLICE_X40Y169   u_axi_clock_sync/arFifo/ram_reg_0_3_0_5/RAMA/CLK



---------------------------------------------------------------------------------------------------
From Clock:  ddr_clk
  To Clock:  ddr_clk

Setup :            0  Failing Endpoints,  Worst Slack        2.239ns,  Total Violation        0.000ns
Hold  :            0  Failing Endpoints,  Worst Slack        0.121ns,  Total Violation        0.000ns
PW    :            0  Failing Endpoints,  Worst Slack        0.264ns,  Total Violation        0.000ns
---------------------------------------------------------------------------------------------------


Max Delay Paths
--------------------------------------------------------------------------------------
Slack (MET) :             2.239ns  (required time - arrival time)
  Source:                 ddr3.u_axi_wrap_ddr/mig_axi/u_mig_axi_32_mig/temp_mon_enabled.u_tempmon/xadc_supplied_temperature.sample_timer_clr_reg/C
                            (rising edge-triggered cell FDRE clocked by ddr_clk  {rise@0.000ns fall@2.500ns period=5.000ns})
  Destination:            ddr3.u_axi_wrap_ddr/mig_axi/u_mig_axi_32_mig/temp_mon_enabled.u_tempmon/xadc_supplied_temperature.XADC_inst/DEN
                            (rising edge-triggered cell XADC clocked by ddr_clk  {rise@0.000ns fall@2.500ns period=5.000ns})
  Path Group:             ddr_clk
  Path Type:              Setup (Max at Slow Process Corner)
  Requirement:            5.000ns  (ddr_clk rise@5.000ns - ddr_clk rise@0.000ns)
  Data Path Delay:        1.896ns  (logic 0.433ns (22.843%)  route 1.463ns (77.157%))
  Logic Levels:           0  
  Clock Path Skew:        -0.065ns (DCD - SCD + CPR)
    Destination Clock Delay (DCD):    5.247ns = ( 10.247 - 5.000 ) 
    Source Clock Delay      (SCD):    5.579ns
    Clock Pessimism Removal (CPR):    0.267ns
  Clock Uncertainty:      0.061ns  ((TSJ^2 + DJ^2)^1/2) / 2 + PE
    Total System Jitter     (TSJ):    0.071ns
    Discrete Jitter          (DJ):    0.100ns
    Phase Error              (PE):    0.000ns

    Location             Delay type                Incr(ns)  Path(ns)    Netlist Resource(s)
  -------------------------------------------------------------------    -------------------
                         (clock ddr_clk rise edge)    0.000     0.000 r  
    AC19                                              0.000     0.000 r  clk (IN)
                         net (fo=0)                   0.000     0.000    clk
    AC19                 IBUF (Prop_ibuf_I_O)         1.416     1.416 r  clk_IBUF_inst/O
                         net (fo=1, routed)           2.602     4.018    clk_IBUF
    BUFGCTRL_X0Y0        BUFG (Prop_bufg_I_O)         0.081     4.099 r  clk_IBUF_BUFG_inst/O
                         net (fo=2027, routed)        1.823     5.922    fpga_pll.u_clk_pll/inst/clk_in1
    PLLE2_ADV_X1Y0       PLLE2_ADV (Prop_plle2_adv_CLKIN1_CLKOUT2)
                                                     -4.192     1.730 r  fpga_pll.u_clk_pll/inst/plle2_adv_inst/CLKOUT2
                         net (fo=1, routed)           2.288     4.018    fpga_pll.u_clk_pll/inst/ddr_clk_clk_pll
    BUFGCTRL_X0Y1        BUFG (Prop_bufg_I_O)         0.081     4.099 r  fpga_pll.u_clk_pll/inst/clkout3_buf/O
                         net (fo=62, routed)          1.480     5.579    ddr3.u_axi_wrap_ddr/mig_axi/u_mig_axi_32_mig/temp_mon_enabled.u_tempmon/clk_ref_i
    SLICE_X12Y164        FDRE                                         r  ddr3.u_axi_wrap_ddr/mig_axi/u_mig_axi_32_mig/temp_mon_enabled.u_tempmon/xadc_supplied_temperature.sample_timer_clr_reg/C
  -------------------------------------------------------------------    -------------------
    SLICE_X12Y164        FDRE (Prop_fdre_C_Q)         0.433     6.012 r  ddr3.u_axi_wrap_ddr/mig_axi/u_mig_axi_32_mig/temp_mon_enabled.u_tempmon/xadc_supplied_temperature.sample_timer_clr_reg/Q
                         net (fo=3, routed)           1.463     7.475    ddr3.u_axi_wrap_ddr/mig_axi/u_mig_axi_32_mig/temp_mon_enabled.u_tempmon/xadc_supplied_temperature.xadc_den
    XADC_X0Y0            XADC                                         r  ddr3.u_axi_wrap_ddr/mig_axi/u_mig_axi_32_mig/temp_mon_enabled.u_tempmon/xadc_supplied_temperature.XADC_inst/DEN
  -------------------------------------------------------------------    -------------------

                         (clock ddr_clk rise edge)    5.000     5.000 r  
    AC19                                              0.000     5.000 r  clk (IN)
                         net (fo=0)                   0.000     5.000    clk
    AC19                 IBUF (Prop_ibuf_I_O)         1.350     6.350 r  clk_IBUF_inst/O
                         net (fo=1, routed)           2.471     8.821    clk_IBUF
    BUFGCTRL_X0Y0        BUFG (Prop_bufg_I_O)         0.077     8.898 r  clk_IBUF_BUFG_inst/O
                         net (fo=2027, routed)        1.706    10.604    fpga_pll.u_clk_pll/inst/clk_in1
    PLLE2_ADV_X1Y0       PLLE2_ADV (Prop_plle2_adv_CLKIN1_CLKOUT2)
                                                     -3.960     6.644 r  fpga_pll.u_clk_pll/inst/plle2_adv_inst/CLKOUT2
                         net (fo=1, routed)           2.177     8.821    fpga_pll.u_clk_pll/inst/ddr_clk_clk_pll
    BUFGCTRL_X0Y1        BUFG (Prop_bufg_I_O)         0.077     8.898 r  fpga_pll.u_clk_pll/inst/clkout3_buf/O
                         net (fo=62, routed)          1.349    10.247    ddr3.u_axi_wrap_ddr/mig_axi/u_mig_axi_32_mig/temp_mon_enabled.u_tempmon/clk_ref_i
    XADC_X0Y0            XADC                                         r  ddr3.u_axi_wrap_ddr/mig_axi/u_mig_axi_32_mig/temp_mon_enabled.u_tempmon/xadc_supplied_temperature.XADC_inst/DCLK
                         clock pessimism              0.267    10.514    
                         clock uncertainty           -0.061    10.453    
    XADC_X0Y0            XADC (Setup_xadc_DCLK_DEN)
                                                     -0.739     9.714    ddr3.u_axi_wrap_ddr/mig_axi/u_mig_axi_32_mig/temp_mon_enabled.u_tempmon/xadc_supplied_temperature.XADC_inst
  -------------------------------------------------------------------
                         required time                          9.714    
                         arrival time                          -7.475    
  -------------------------------------------------------------------
                         slack                                  2.239    





Min Delay Paths
--------------------------------------------------------------------------------------
Slack (MET) :             0.121ns  (arrival time - required time)
  Source:                 ddr3.u_axi_wrap_ddr/mig_axi/u_mig_axi_32_mig/temp_mon_enabled.u_tempmon/xadc_supplied_temperature.rst_r1_reg/C
                            (rising edge-triggered cell FDRE clocked by ddr_clk  {rise@0.000ns fall@2.500ns period=5.000ns})
  Destination:            ddr3.u_axi_wrap_ddr/mig_axi/u_mig_axi_32_mig/temp_mon_enabled.u_tempmon/xadc_supplied_temperature.rst_r2_reg/D
                            (rising edge-triggered cell FDRE clocked by ddr_clk  {rise@0.000ns fall@2.500ns period=5.000ns})
  Path Group:             ddr_clk
  Path Type:              Hold (Min at Fast Process Corner)
  Requirement:            0.000ns  (ddr_clk rise@0.000ns - ddr_clk rise@0.000ns)
  Data Path Delay:        0.196ns  (logic 0.141ns (71.838%)  route 0.055ns (28.162%))
  Logic Levels:           0  
  Clock Path Skew:        0.000ns (DCD - SCD - CPR)
    Destination Clock Delay (DCD):    2.521ns
    Source Clock Delay      (SCD):    1.973ns
    Clock Pessimism Removal (CPR):    0.548ns

    Location             Delay type                Incr(ns)  Path(ns)    Netlist Resource(s)
  -------------------------------------------------------------------    -------------------
                         (clock ddr_clk rise edge)    0.000     0.000 r  
    AC19                                              0.000     0.000 r  clk (IN)
                         net (fo=0)                   0.000     0.000    clk
    AC19                 IBUF (Prop_ibuf_I_O)         0.253     0.253 r  clk_IBUF_inst/O
                         net (fo=1, routed)           1.074     1.327    clk_IBUF
    BUFGCTRL_X0Y0        BUFG (Prop_bufg_I_O)         0.026     1.353 r  clk_IBUF_BUFG_inst/O
                         net (fo=2027, routed)        0.750     2.103    fpga_pll.u_clk_pll/inst/clk_in1
    PLLE2_ADV_X1Y0       PLLE2_ADV (Prop_plle2_adv_CLKIN1_CLKOUT2)
                                                     -1.703     0.400 r  fpga_pll.u_clk_pll/inst/plle2_adv_inst/CLKOUT2
                         net (fo=1, routed)           0.927     1.327    fpga_pll.u_clk_pll/inst/ddr_clk_clk_pll
    BUFGCTRL_X0Y1        BUFG (Prop_bufg_I_O)         0.026     1.353 r  fpga_pll.u_clk_pll/inst/clkout3_buf/O
                         net (fo=62, routed)          0.621     1.973    ddr3.u_axi_wrap_ddr/mig_axi/u_mig_axi_32_mig/temp_mon_enabled.u_tempmon/clk_ref_i
    SLICE_X13Y163        FDRE                                         r  ddr3.u_axi_wrap_ddr/mig_axi/u_mig_axi_32_mig/temp_mon_enabled.u_tempmon/xadc_supplied_temperature.rst_r1_reg/C
  -------------------------------------------------------------------    -------------------
    SLICE_X13Y163        FDRE (Prop_fdre_C_Q)         0.141     2.114 r  ddr3.u_axi_wrap_ddr/mig_axi/u_mig_axi_32_mig/temp_mon_enabled.u_tempmon/xadc_supplied_temperature.rst_r1_reg/Q
                         net (fo=1, routed)           0.055     2.170    ddr3.u_axi_wrap_ddr/mig_axi/u_mig_axi_32_mig/temp_mon_enabled.u_tempmon/xadc_supplied_temperature.rst_r1
    SLICE_X13Y163        FDRE                                         r  ddr3.u_axi_wrap_ddr/mig_axi/u_mig_axi_32_mig/temp_mon_enabled.u_tempmon/xadc_supplied_temperature.rst_r2_reg/D
  -------------------------------------------------------------------    -------------------

                         (clock ddr_clk rise edge)    0.000     0.000 r  
    AC19                                              0.000     0.000 r  clk (IN)
                         net (fo=0)                   0.000     0.000    clk
    AC19                 IBUF (Prop_ibuf_I_O)         0.441     0.441 r  clk_IBUF_inst/O
                         net (fo=1, routed)           1.160     1.601    clk_IBUF
    BUFGCTRL_X0Y0        BUFG (Prop_bufg_I_O)         0.029     1.630 r  clk_IBUF_BUFG_inst/O
                         net (fo=2027, routed)        1.027     2.656    fpga_pll.u_clk_pll/inst/clk_in1
    PLLE2_ADV_X1Y0       PLLE2_ADV (Prop_plle2_adv_CLKIN1_CLKOUT2)
                                                     -2.061     0.596 r  fpga_pll.u_clk_pll/inst/plle2_adv_inst/CLKOUT2
                         net (fo=1, routed)           1.005     1.601    fpga_pll.u_clk_pll/inst/ddr_clk_clk_pll
    BUFGCTRL_X0Y1        BUFG (Prop_bufg_I_O)         0.029     1.630 r  fpga_pll.u_clk_pll/inst/clkout3_buf/O
                         net (fo=62, routed)          0.891     2.521    ddr3.u_axi_wrap_ddr/mig_axi/u_mig_axi_32_mig/temp_mon_enabled.u_tempmon/clk_ref_i
    SLICE_X13Y163        FDRE                                         r  ddr3.u_axi_wrap_ddr/mig_axi/u_mig_axi_32_mig/temp_mon_enabled.u_tempmon/xadc_supplied_temperature.rst_r2_reg/C
                         clock pessimism             -0.548     1.973    
    SLICE_X13Y163        FDRE (Hold_fdre_C_D)         0.075     2.048    ddr3.u_axi_wrap_ddr/mig_axi/u_mig_axi_32_mig/temp_mon_enabled.u_tempmon/xadc_supplied_temperature.rst_r2_reg
  -------------------------------------------------------------------
                         required time                         -2.048    
                         arrival time                           2.170    
  -------------------------------------------------------------------
                         slack                                  0.121    





Pulse Width Checks
--------------------------------------------------------------------------------------
Clock Name:         ddr_clk
Waveform(ns):       { 0.000 2.500 }
Period(ns):         5.000
Sources:            { fpga_pll.u_clk_pll/inst/plle2_adv_inst/CLKOUT2 }

Check Type        Corner  Lib Pin            Reference Pin  Required(ns)  Actual(ns)  Slack(ns)  Location         Pin
Min Period        n/a     XADC/DCLK          n/a            4.000         5.000       1.000      XADC_X0Y0        ddr3.u_axi_wrap_ddr/mig_axi/u_mig_axi_32_mig/temp_mon_enabled.u_tempmon/xadc_supplied_temperature.XADC_inst/DCLK
Max Period        n/a     IDELAYCTRL/REFCLK  n/a            5.264         5.000       0.264      IDELAYCTRL_X0Y4  ddr3.u_axi_wrap_ddr/mig_axi/u_mig_axi_32_mig/u_iodelay_ctrl/u_idelayctrl_200/REFCLK
Low Pulse Width   Slow    FDSE/C             n/a            0.500         2.500       2.000      SLICE_X12Y165    ddr3.u_axi_wrap_ddr/mig_axi/u_mig_axi_32_mig/temp_mon_enabled.u_tempmon/FSM_onehot_xadc_supplied_temperature.tempmon_state_reg[0]/C
High Pulse Width  Slow    FDSE/C             n/a            0.500         2.500       2.000      SLICE_X12Y165    ddr3.u_axi_wrap_ddr/mig_axi/u_mig_axi_32_mig/temp_mon_enabled.u_tempmon/FSM_onehot_xadc_supplied_temperature.tempmon_state_reg[0]/C



---------------------------------------------------------------------------------------------------
From Clock:  freq_refclk
  To Clock:  freq_refclk

Setup :           NA  Failing Endpoints,  Worst Slack           NA  ,  Total Violation           NA
Hold  :           NA  Failing Endpoints,  Worst Slack           NA  ,  Total Violation           NA
PW    :            0  Failing Endpoints,  Worst Slack        0.001ns,  Total Violation        0.000ns
---------------------------------------------------------------------------------------------------


Pulse Width Checks
--------------------------------------------------------------------------------------
Clock Name:         freq_refclk
Waveform(ns):       { 0.000 0.625 }
Period(ns):         1.250
Sources:            { ddr3.u_axi_wrap_ddr/mig_axi/u_mig_axi_32_mig/u_ddr3_infrastructure/plle2_i/CLKOUT0 }

Check Type        Corner  Lib Pin                    Reference Pin  Required(ns)  Actual(ns)  Slack(ns)  Location              Pin
Min Period        n/a     PLLE2_ADV/CLKOUT0          n/a            1.249         1.250       0.001      PLLE2_ADV_X0Y4        ddr3.u_axi_wrap_ddr/mig_axi/u_mig_axi_32_mig/u_ddr3_infrastructure/plle2_i/CLKOUT0
Max Period        n/a     PHASER_OUT_PHY/FREQREFCLK  n/a            2.500         1.250       1.250      PHASER_OUT_PHY_X0Y16  ddr3.u_axi_wrap_ddr/mig_axi/u_mig_axi_32_mig/u_memc_ui_top_axi/mem_intfc0/ddr_phy_top0/u_ddr_mc_phy_wrapper/u_ddr_mc_phy/ddr_phy_4lanes_0.u_ddr_phy_4lanes/ddr_byte_lane_A.ddr_byte_lane_A/phaser_out/FREQREFCLK
Low Pulse Width   Slow    PHASER_REF/CLKIN           n/a            0.482         0.625       0.143      PHASER_REF_X0Y4       ddr3.u_axi_wrap_ddr/mig_axi/u_mig_axi_32_mig/u_memc_ui_top_axi/mem_intfc0/ddr_phy_top0/u_ddr_mc_phy_wrapper/u_ddr_mc_phy/ddr_phy_4lanes_0.u_ddr_phy_4lanes/phaser_ref_i/CLKIN
High Pulse Width  Slow    PHASER_IN_PHY/FREQREFCLK   n/a            0.482         0.625       0.143      PHASER_IN_PHY_X0Y16   ddr3.u_axi_wrap_ddr/mig_axi/u_mig_axi_32_mig/u_memc_ui_top_axi/mem_intfc0/ddr_phy_top0/u_ddr_mc_phy_wrapper/u_ddr_mc_phy/ddr_phy_4lanes_0.u_ddr_phy_4lanes/ddr_byte_lane_A.ddr_byte_lane_A/phaser_in_gen.phaser_in/FREQREFCLK



---------------------------------------------------------------------------------------------------
From Clock:  u_memc_ui_top_axi/mem_intfc0/ddr_phy_top0/u_ddr_mc_phy_wrapper/u_ddr_mc_phy/ddr_phy_4lanes_0.u_ddr_phy_4lanes/ddr_byte_lane_A.ddr_byte_lane_A/iserdes_clk
  To Clock:  u_memc_ui_top_axi/mem_intfc0/ddr_phy_top0/u_ddr_mc_phy_wrapper/u_ddr_mc_phy/ddr_phy_4lanes_0.u_ddr_phy_4lanes/ddr_byte_lane_A.ddr_byte_lane_A/iserdes_clk

Setup :           NA  Failing Endpoints,  Worst Slack           NA  ,  Total Violation           NA
Hold  :           NA  Failing Endpoints,  Worst Slack           NA  ,  Total Violation           NA
PW    :            0  Failing Endpoints,  Worst Slack        1.029ns,  Total Violation        0.000ns
---------------------------------------------------------------------------------------------------


Pulse Width Checks
--------------------------------------------------------------------------------------
Clock Name:         u_memc_ui_top_axi/mem_intfc0/ddr_phy_top0/u_ddr_mc_phy_wrapper/u_ddr_mc_phy/ddr_phy_4lanes_0.u_ddr_phy_4lanes/ddr_byte_lane_A.ddr_byte_lane_A/iserdes_clk
Waveform(ns):       { 0.000 1.250 }
Period(ns):         2.500
Sources:            { ddr3.u_axi_wrap_ddr/mig_axi/u_mig_axi_32_mig/u_memc_ui_top_axi/mem_intfc0/ddr_phy_top0/u_ddr_mc_phy_wrapper/u_ddr_mc_phy/ddr_phy_4lanes_0.u_ddr_phy_4lanes/ddr_byte_lane_A.ddr_byte_lane_A/phaser_in_gen.phaser_in/ICLK }

Check Type  Corner  Lib Pin        Reference Pin  Required(ns)  Actual(ns)  Slack(ns)  Location       Pin
Min Period  n/a     ISERDESE2/CLK  n/a            1.471         2.500       1.029      ILOGIC_X0Y203  ddr3.u_axi_wrap_ddr/mig_axi/u_mig_axi_32_mig/u_memc_ui_top_axi/mem_intfc0/ddr_phy_top0/u_ddr_mc_phy_wrapper/u_ddr_mc_phy/ddr_phy_4lanes_0.u_ddr_phy_4lanes/ddr_byte_lane_A.ddr_byte_lane_A/ddr_byte_group_io/input_[2].iserdes_dq_.iserdesdq/CLK



---------------------------------------------------------------------------------------------------
From Clock:  iserdes_clkdiv
  To Clock:  iserdes_clkdiv

Setup :            0  Failing Endpoints,  Worst Slack        8.178ns,  Total Violation        0.000ns
Hold  :            0  Failing Endpoints,  Worst Slack        0.071ns,  Total Violation        0.000ns
PW    :            0  Failing Endpoints,  Worst Slack        2.850ns,  Total Violation        0.000ns
---------------------------------------------------------------------------------------------------


Max Delay Paths
--------------------------------------------------------------------------------------
Slack (MET) :             8.178ns  (required time - arrival time)
  Source:                 ddr3.u_axi_wrap_ddr/mig_axi/u_mig_axi_32_mig/u_memc_ui_top_axi/mem_intfc0/ddr_phy_top0/u_ddr_mc_phy_wrapper/u_ddr_mc_phy/ddr_phy_4lanes_0.u_ddr_phy_4lanes/ddr_byte_lane_A.ddr_byte_lane_A/ddr_byte_group_io/input_[5].iserdes_dq_.iserdesdq/CLKDIVP
                            (rising edge-triggered cell ISERDESE2 clocked by iserdes_clkdiv  {rise@0.000ns fall@5.000ns period=10.000ns})
  Destination:            ddr3.u_axi_wrap_ddr/mig_axi/u_mig_axi_32_mig/u_memc_ui_top_axi/mem_intfc0/ddr_phy_top0/u_ddr_mc_phy_wrapper/u_ddr_mc_phy/ddr_phy_4lanes_0.u_ddr_phy_4lanes/ddr_byte_lane_A.ddr_byte_lane_A/in_fifo_gen.in_fifo/D5[2]
                            (rising edge-triggered cell IN_FIFO clocked by iserdes_clkdiv  {rise@0.000ns fall@5.000ns period=10.000ns})
  Path Group:             iserdes_clkdiv
  Path Type:              Setup (Max at Slow Process Corner)
  Requirement:            10.000ns  (iserdes_clkdiv rise@10.000ns - iserdes_clkdiv rise@0.000ns)
  Data Path Delay:        0.952ns  (logic 0.372ns (39.068%)  route 0.580ns (60.932%))
  Logic Levels:           0  
  Clock Path Skew:        -0.397ns (DCD - SCD + CPR)
    Destination Clock Delay (DCD):    7.598ns = ( 17.598 - 10.000 ) 
    Source Clock Delay      (SCD):    8.380ns
    Clock Pessimism Removal (CPR):    0.385ns
  Clock Uncertainty:      0.059ns  ((TSJ^2 + DJ^2)^1/2) / 2 + PE
    Total System Jitter     (TSJ):    0.071ns
    Discrete Jitter          (DJ):    0.096ns
    Phase Error              (PE):    0.000ns

    Location             Delay type                Incr(ns)  Path(ns)    Netlist Resource(s)
  -------------------------------------------------------------------    -------------------
                         (clock iserdes_clkdiv rise edge)
                                                      0.000     0.000 r  
    AC19                                              0.000     0.000 r  clk (IN)
                         net (fo=0)                   0.000     0.000    clk
    AC19                 IBUF (Prop_ibuf_I_O)         1.416     1.416 r  clk_IBUF_inst/O
                         net (fo=1, routed)           2.602     4.018    clk_IBUF
    BUFGCTRL_X0Y0        BUFG (Prop_bufg_I_O)         0.081     4.099 r  clk_IBUF_BUFG_inst/O
                         net (fo=2027, routed)        1.696     5.795    ddr3.u_axi_wrap_ddr/mig_axi/u_mig_axi_32_mig/u_ddr3_infrastructure/mmcm_clk
    PLLE2_ADV_X0Y4       PLLE2_ADV (Prop_plle2_adv_CLKIN1_CLKOUT0)
                                                      0.077     5.872 r  ddr3.u_axi_wrap_ddr/mig_axi/u_mig_axi_32_mig/u_ddr3_infrastructure/plle2_i/CLKOUT0
                         net (fo=7, routed)           0.529     6.401    ddr3.u_axi_wrap_ddr/mig_axi/u_mig_axi_32_mig/u_memc_ui_top_axi/mem_intfc0/ddr_phy_top0/u_ddr_mc_phy_wrapper/u_ddr_mc_phy/ddr_phy_4lanes_0.u_ddr_phy_4lanes/ddr_byte_lane_A.ddr_byte_lane_A/freq_refclk
    PHASER_IN_PHY_X0Y16  PHASER_IN_PHY (Prop_phaser_in_phy_FREQREFCLK_ICLK)
                                                      1.428     7.829 r  ddr3.u_axi_wrap_ddr/mig_axi/u_mig_axi_32_mig/u_memc_ui_top_axi/mem_intfc0/ddr_phy_top0/u_ddr_mc_phy_wrapper/u_ddr_mc_phy/ddr_phy_4lanes_0.u_ddr_phy_4lanes/ddr_byte_lane_A.ddr_byte_lane_A/phaser_in_gen.phaser_in/ICLK
    PHASER_IN_PHY_X0Y16  PHASER_IN_PHY (Prop_phaser_in_phy_ICLK_ICLKDIV)
                                                      0.154     7.983 r  ddr3.u_axi_wrap_ddr/mig_axi/u_mig_axi_32_mig/u_memc_ui_top_axi/mem_intfc0/ddr_phy_top0/u_ddr_mc_phy_wrapper/u_ddr_mc_phy/ddr_phy_4lanes_0.u_ddr_phy_4lanes/ddr_byte_lane_A.ddr_byte_lane_A/phaser_in_gen.phaser_in/ICLKDIV
                         net (fo=9, routed)           0.397     8.380    ddr3.u_axi_wrap_ddr/mig_axi/u_mig_axi_32_mig/u_memc_ui_top_axi/mem_intfc0/ddr_phy_top0/u_ddr_mc_phy_wrapper/u_ddr_mc_phy/ddr_phy_4lanes_0.u_ddr_phy_4lanes/ddr_byte_lane_A.ddr_byte_lane_A/ddr_byte_group_io/iserdes_clkdiv
    ILOGIC_X0Y206        ISERDESE2                                    r  ddr3.u_axi_wrap_ddr/mig_axi/u_mig_axi_32_mig/u_memc_ui_top_axi/mem_intfc0/ddr_phy_top0/u_ddr_mc_phy_wrapper/u_ddr_mc_phy/ddr_phy_4lanes_0.u_ddr_phy_4lanes/ddr_byte_lane_A.ddr_byte_lane_A/ddr_byte_group_io/input_[5].iserdes_dq_.iserdesdq/CLKDIVP
  -------------------------------------------------------------------    -------------------
    ILOGIC_X0Y206        ISERDESE2 (Prop_iserdese2_CLKDIVP_Q2)
                                                      0.372     8.752 r  ddr3.u_axi_wrap_ddr/mig_axi/u_mig_axi_32_mig/u_memc_ui_top_axi/mem_intfc0/ddr_phy_top0/u_ddr_mc_phy_wrapper/u_ddr_mc_phy/ddr_phy_4lanes_0.u_ddr_phy_4lanes/ddr_byte_lane_A.ddr_byte_lane_A/ddr_byte_group_io/input_[5].iserdes_dq_.iserdesdq/Q2
                         net (fo=1, routed)           0.580     9.332    ddr3.u_axi_wrap_ddr/mig_axi/u_mig_axi_32_mig/u_memc_ui_top_axi/mem_intfc0/ddr_phy_top0/u_ddr_mc_phy_wrapper/u_ddr_mc_phy/ddr_phy_4lanes_0.u_ddr_phy_4lanes/ddr_byte_lane_A.ddr_byte_lane_A/if_d5[2]
    IN_FIFO_X0Y16        IN_FIFO                                      r  ddr3.u_axi_wrap_ddr/mig_axi/u_mig_axi_32_mig/u_memc_ui_top_axi/mem_intfc0/ddr_phy_top0/u_ddr_mc_phy_wrapper/u_ddr_mc_phy/ddr_phy_4lanes_0.u_ddr_phy_4lanes/ddr_byte_lane_A.ddr_byte_lane_A/in_fifo_gen.in_fifo/D5[2]
  -------------------------------------------------------------------    -------------------

                         (clock iserdes_clkdiv rise edge)
                                                     10.000    10.000 r  
    AC19                                              0.000    10.000 r  clk (IN)
                         net (fo=0)                   0.000    10.000    clk
    AC19                 IBUF (Prop_ibuf_I_O)         1.350    11.350 r  clk_IBUF_inst/O
                         net (fo=1, routed)           2.471    13.821    clk_IBUF
    BUFGCTRL_X0Y0        BUFG (Prop_bufg_I_O)         0.077    13.898 r  clk_IBUF_BUFG_inst/O
                         net (fo=2027, routed)        1.586    15.484    ddr3.u_axi_wrap_ddr/mig_axi/u_mig_axi_32_mig/u_ddr3_infrastructure/mmcm_clk
    PLLE2_ADV_X0Y4       PLLE2_ADV (Prop_plle2_adv_CLKIN1_CLKOUT0)
                                                      0.073    15.557 r  ddr3.u_axi_wrap_ddr/mig_axi/u_mig_axi_32_mig/u_ddr3_infrastructure/plle2_i/CLKOUT0
                         net (fo=7, routed)           0.502    16.059    ddr3.u_axi_wrap_ddr/mig_axi/u_mig_axi_32_mig/u_memc_ui_top_axi/mem_intfc0/ddr_phy_top0/u_ddr_mc_phy_wrapper/u_ddr_mc_phy/ddr_phy_4lanes_0.u_ddr_phy_4lanes/ddr_byte_lane_A.ddr_byte_lane_A/freq_refclk
    PHASER_IN_PHY_X0Y16  PHASER_IN_PHY (Prop_phaser_in_phy_FREQREFCLK_ICLK)
                                                      1.394    17.453 r  ddr3.u_axi_wrap_ddr/mig_axi/u_mig_axi_32_mig/u_memc_ui_top_axi/mem_intfc0/ddr_phy_top0/u_ddr_mc_phy_wrapper/u_ddr_mc_phy/ddr_phy_4lanes_0.u_ddr_phy_4lanes/ddr_byte_lane_A.ddr_byte_lane_A/phaser_in_gen.phaser_in/ICLK
    PHASER_IN_PHY_X0Y16  PHASER_IN_PHY (Prop_phaser_in_phy_ICLK_ICLKDIV)
                                                      0.145    17.598 r  ddr3.u_axi_wrap_ddr/mig_axi/u_mig_axi_32_mig/u_memc_ui_top_axi/mem_intfc0/ddr_phy_top0/u_ddr_mc_phy_wrapper/u_ddr_mc_phy/ddr_phy_4lanes_0.u_ddr_phy_4lanes/ddr_byte_lane_A.ddr_byte_lane_A/phaser_in_gen.phaser_in/ICLKDIV
                         net (fo=9, routed)           0.000    17.598    ddr3.u_axi_wrap_ddr/mig_axi/u_mig_axi_32_mig/u_memc_ui_top_axi/mem_intfc0/ddr_phy_top0/u_ddr_mc_phy_wrapper/u_ddr_mc_phy/ddr_phy_4lanes_0.u_ddr_phy_4lanes/ddr_byte_lane_A.ddr_byte_lane_A/iserdes_clkdiv
    IN_FIFO_X0Y16        IN_FIFO                                      r  ddr3.u_axi_wrap_ddr/mig_axi/u_mig_axi_32_mig/u_memc_ui_top_axi/mem_intfc0/ddr_phy_top0/u_ddr_mc_phy_wrapper/u_ddr_mc_phy/ddr_phy_4lanes_0.u_ddr_phy_4lanes/ddr_byte_lane_A.ddr_byte_lane_A/in_fifo_gen.in_fifo/WRCLK
                         clock pessimism              0.385    17.983    
                         clock uncertainty           -0.059    17.924    
    IN_FIFO_X0Y16        IN_FIFO (Setup_in_fifo_WRCLK_D5[2])
                                                     -0.413    17.511    ddr3.u_axi_wrap_ddr/mig_axi/u_mig_axi_32_mig/u_memc_ui_top_axi/mem_intfc0/ddr_phy_top0/u_ddr_mc_phy_wrapper/u_ddr_mc_phy/ddr_phy_4lanes_0.u_ddr_phy_4lanes/ddr_byte_lane_A.ddr_byte_lane_A/in_fifo_gen.in_fifo
  -------------------------------------------------------------------
                         required time                         17.511    
                         arrival time                          -9.332    
  -------------------------------------------------------------------
                         slack                                  8.178    





Min Delay Paths
--------------------------------------------------------------------------------------
Slack (MET) :             0.071ns  (arrival time - required time)
  Source:                 ddr3.u_axi_wrap_ddr/mig_axi/u_mig_axi_32_mig/u_memc_ui_top_axi/mem_intfc0/ddr_phy_top0/u_ddr_mc_phy_wrapper/u_ddr_mc_phy/ddr_phy_4lanes_0.u_ddr_phy_4lanes/ddr_byte_lane_A.ddr_byte_lane_A/phaser_in_gen.phaser_in/ICLKDIV
                            (rising edge-triggered cell PHASER_IN_PHY clocked by iserdes_clkdiv  {rise@0.000ns fall@5.000ns period=10.000ns})
  Destination:            ddr3.u_axi_wrap_ddr/mig_axi/u_mig_axi_32_mig/u_memc_ui_top_axi/mem_intfc0/ddr_phy_top0/u_ddr_mc_phy_wrapper/u_ddr_mc_phy/ddr_phy_4lanes_0.u_ddr_phy_4lanes/ddr_byte_lane_A.ddr_byte_lane_A/in_fifo_gen.in_fifo/WREN
                            (rising edge-triggered cell IN_FIFO clocked by iserdes_clkdiv  {rise@0.000ns fall@5.000ns period=10.000ns})
  Path Group:             iserdes_clkdiv
  Path Type:              Hold (Min at Fast Process Corner)
  Requirement:            0.000ns  (iserdes_clkdiv rise@0.000ns - iserdes_clkdiv rise@0.000ns)
  Data Path Delay:        0.058ns  (logic 0.058ns (100.000%)  route 0.000ns (0.000%))
  Logic Levels:           0  
  Clock Path Skew:        0.000ns (DCD - SCD - CPR)
    Destination Clock Delay (DCD):    4.200ns
    Source Clock Delay      (SCD):    3.594ns
    Clock Pessimism Removal (CPR):    0.606ns

    Location             Delay type                Incr(ns)  Path(ns)    Netlist Resource(s)
  -------------------------------------------------------------------    -------------------
                         (clock iserdes_clkdiv rise edge)
                                                      0.000     0.000 r  
    AC19                                              0.000     0.000 r  clk (IN)
                         net (fo=0)                   0.000     0.000    clk
    AC19                 IBUF (Prop_ibuf_I_O)         0.253     0.253 r  clk_IBUF_inst/O
                         net (fo=1, routed)           1.074     1.327    clk_IBUF
    BUFGCTRL_X0Y0        BUFG (Prop_bufg_I_O)         0.026     1.353 r  clk_IBUF_BUFG_inst/O
                         net (fo=2027, routed)        0.701     2.054    ddr3.u_axi_wrap_ddr/mig_axi/u_mig_axi_32_mig/u_ddr3_infrastructure/mmcm_clk
    PLLE2_ADV_X0Y4       PLLE2_ADV (Prop_plle2_adv_CLKIN1_CLKOUT0)
                                                      0.050     2.104 r  ddr3.u_axi_wrap_ddr/mig_axi/u_mig_axi_32_mig/u_ddr3_infrastructure/plle2_i/CLKOUT0
                         net (fo=7, routed)           0.205     2.309    ddr3.u_axi_wrap_ddr/mig_axi/u_mig_axi_32_mig/u_memc_ui_top_axi/mem_intfc0/ddr_phy_top0/u_ddr_mc_phy_wrapper/u_ddr_mc_phy/ddr_phy_4lanes_0.u_ddr_phy_4lanes/ddr_byte_lane_A.ddr_byte_lane_A/freq_refclk
    PHASER_IN_PHY_X0Y16  PHASER_IN_PHY (Prop_phaser_in_phy_FREQREFCLK_ICLK)
                                                      1.195     3.504 r  ddr3.u_axi_wrap_ddr/mig_axi/u_mig_axi_32_mig/u_memc_ui_top_axi/mem_intfc0/ddr_phy_top0/u_ddr_mc_phy_wrapper/u_ddr_mc_phy/ddr_phy_4lanes_0.u_ddr_phy_4lanes/ddr_byte_lane_A.ddr_byte_lane_A/phaser_in_gen.phaser_in/ICLK
    PHASER_IN_PHY_X0Y16  PHASER_IN_PHY (Prop_phaser_in_phy_ICLK_ICLKDIV)
                                                      0.090     3.594 r  ddr3.u_axi_wrap_ddr/mig_axi/u_mig_axi_32_mig/u_memc_ui_top_axi/mem_intfc0/ddr_phy_top0/u_ddr_mc_phy_wrapper/u_ddr_mc_phy/ddr_phy_4lanes_0.u_ddr_phy_4lanes/ddr_byte_lane_A.ddr_byte_lane_A/phaser_in_gen.phaser_in/ICLKDIV
  -------------------------------------------------------------------    -------------------
    PHASER_IN_PHY_X0Y16  PHASER_IN_PHY (Prop_phaser_in_phy_ICLKDIV_WRENABLE)
                                                      0.058     3.652 r  ddr3.u_axi_wrap_ddr/mig_axi/u_mig_axi_32_mig/u_memc_ui_top_axi/mem_intfc0/ddr_phy_top0/u_ddr_mc_phy_wrapper/u_ddr_mc_phy/ddr_phy_4lanes_0.u_ddr_phy_4lanes/ddr_byte_lane_A.ddr_byte_lane_A/phaser_in_gen.phaser_in/WRENABLE
                         net (fo=1, routed)           0.000     3.652    ddr3.u_axi_wrap_ddr/mig_axi/u_mig_axi_32_mig/u_memc_ui_top_axi/mem_intfc0/ddr_phy_top0/u_ddr_mc_phy_wrapper/u_ddr_mc_phy/ddr_phy_4lanes_0.u_ddr_phy_4lanes/ddr_byte_lane_A.ddr_byte_lane_A/ififo_wr_enable
    IN_FIFO_X0Y16        IN_FIFO                                      r  ddr3.u_axi_wrap_ddr/mig_axi/u_mig_axi_32_mig/u_memc_ui_top_axi/mem_intfc0/ddr_phy_top0/u_ddr_mc_phy_wrapper/u_ddr_mc_phy/ddr_phy_4lanes_0.u_ddr_phy_4lanes/ddr_byte_lane_A.ddr_byte_lane_A/in_fifo_gen.in_fifo/WREN
  -------------------------------------------------------------------    -------------------

                         (clock iserdes_clkdiv rise edge)
                                                      0.000     0.000 r  
    AC19                                              0.000     0.000 r  clk (IN)
                         net (fo=0)                   0.000     0.000    clk
    AC19                 IBUF (Prop_ibuf_I_O)         0.441     0.441 r  clk_IBUF_inst/O
                         net (fo=1, routed)           1.160     1.601    clk_IBUF
    BUFGCTRL_X0Y0        BUFG (Prop_bufg_I_O)         0.029     1.630 r  clk_IBUF_BUFG_inst/O
                         net (fo=2027, routed)        0.976     2.606    ddr3.u_axi_wrap_ddr/mig_axi/u_mig_axi_32_mig/u_ddr3_infrastructure/mmcm_clk
    PLLE2_ADV_X0Y4       PLLE2_ADV (Prop_plle2_adv_CLKIN1_CLKOUT0)
                                                      0.053     2.659 r  ddr3.u_axi_wrap_ddr/mig_axi/u_mig_axi_32_mig/u_ddr3_infrastructure/plle2_i/CLKOUT0
                         net (fo=7, routed)           0.226     2.885    ddr3.u_axi_wrap_ddr/mig_axi/u_mig_axi_32_mig/u_memc_ui_top_axi/mem_intfc0/ddr_phy_top0/u_ddr_mc_phy_wrapper/u_ddr_mc_phy/ddr_phy_4lanes_0.u_ddr_phy_4lanes/ddr_byte_lane_A.ddr_byte_lane_A/freq_refclk
    PHASER_IN_PHY_X0Y16  PHASER_IN_PHY (Prop_phaser_in_phy_FREQREFCLK_ICLK)
                                                      1.219     4.104 r  ddr3.u_axi_wrap_ddr/mig_axi/u_mig_axi_32_mig/u_memc_ui_top_axi/mem_intfc0/ddr_phy_top0/u_ddr_mc_phy_wrapper/u_ddr_mc_phy/ddr_phy_4lanes_0.u_ddr_phy_4lanes/ddr_byte_lane_A.ddr_byte_lane_A/phaser_in_gen.phaser_in/ICLK
    PHASER_IN_PHY_X0Y16  PHASER_IN_PHY (Prop_phaser_in_phy_ICLK_ICLKDIV)
                                                      0.096     4.200 r  ddr3.u_axi_wrap_ddr/mig_axi/u_mig_axi_32_mig/u_memc_ui_top_axi/mem_intfc0/ddr_phy_top0/u_ddr_mc_phy_wrapper/u_ddr_mc_phy/ddr_phy_4lanes_0.u_ddr_phy_4lanes/ddr_byte_lane_A.ddr_byte_lane_A/phaser_in_gen.phaser_in/ICLKDIV
                         net (fo=9, routed)           0.000     4.200    ddr3.u_axi_wrap_ddr/mig_axi/u_mig_axi_32_mig/u_memc_ui_top_axi/mem_intfc0/ddr_phy_top0/u_ddr_mc_phy_wrapper/u_ddr_mc_phy/ddr_phy_4lanes_0.u_ddr_phy_4lanes/ddr_byte_lane_A.ddr_byte_lane_A/iserdes_clkdiv
    IN_FIFO_X0Y16        IN_FIFO                                      r  ddr3.u_axi_wrap_ddr/mig_axi/u_mig_axi_32_mig/u_memc_ui_top_axi/mem_intfc0/ddr_phy_top0/u_ddr_mc_phy_wrapper/u_ddr_mc_phy/ddr_phy_4lanes_0.u_ddr_phy_4lanes/ddr_byte_lane_A.ddr_byte_lane_A/in_fifo_gen.in_fifo/WRCLK
                         clock pessimism             -0.606     3.594    
    IN_FIFO_X0Y16        IN_FIFO (Hold_in_fifo_WRCLK_WREN)
                                                     -0.013     3.581    ddr3.u_axi_wrap_ddr/mig_axi/u_mig_axi_32_mig/u_memc_ui_top_axi/mem_intfc0/ddr_phy_top0/u_ddr_mc_phy_wrapper/u_ddr_mc_phy/ddr_phy_4lanes_0.u_ddr_phy_4lanes/ddr_byte_lane_A.ddr_byte_lane_A/in_fifo_gen.in_fifo
  -------------------------------------------------------------------
                         required time                         -3.581    
                         arrival time                           3.652    
  -------------------------------------------------------------------
                         slack                                  0.071    





Pulse Width Checks
--------------------------------------------------------------------------------------
Clock Name:         iserdes_clkdiv
Waveform(ns):       { 0.000 5.000 }
Period(ns):         10.000
Sources:            { ddr3.u_axi_wrap_ddr/mig_axi/u_mig_axi_32_mig/u_memc_ui_top_axi/mem_intfc0/ddr_phy_top0/u_ddr_mc_phy_wrapper/u_ddr_mc_phy/ddr_phy_4lanes_0.u_ddr_phy_4lanes/ddr_byte_lane_A.ddr_byte_lane_A/phaser_in_gen.phaser_in/ICLKDIV }

Check Type        Corner  Lib Pin        Reference Pin  Required(ns)  Actual(ns)  Slack(ns)  Location       Pin
Min Period        n/a     IN_FIFO/WRCLK  n/a            5.000         10.000      5.000      IN_FIFO_X0Y16  ddr3.u_axi_wrap_ddr/mig_axi/u_mig_axi_32_mig/u_memc_ui_top_axi/mem_intfc0/ddr_phy_top0/u_ddr_mc_phy_wrapper/u_ddr_mc_phy/ddr_phy_4lanes_0.u_ddr_phy_4lanes/ddr_byte_lane_A.ddr_byte_lane_A/in_fifo_gen.in_fifo/WRCLK
Low Pulse Width   Slow    IN_FIFO/WRCLK  n/a            2.150         5.000       2.850      IN_FIFO_X0Y16  ddr3.u_axi_wrap_ddr/mig_axi/u_mig_axi_32_mig/u_memc_ui_top_axi/mem_intfc0/ddr_phy_top0/u_ddr_mc_phy_wrapper/u_ddr_mc_phy/ddr_phy_4lanes_0.u_ddr_phy_4lanes/ddr_byte_lane_A.ddr_byte_lane_A/in_fifo_gen.in_fifo/WRCLK
High Pulse Width  Slow    IN_FIFO/WRCLK  n/a            2.150         5.000       2.850      IN_FIFO_X0Y16  ddr3.u_axi_wrap_ddr/mig_axi/u_mig_axi_32_mig/u_memc_ui_top_axi/mem_intfc0/ddr_phy_top0/u_ddr_mc_phy_wrapper/u_ddr_mc_phy/ddr_phy_4lanes_0.u_ddr_phy_4lanes/ddr_byte_lane_A.ddr_byte_lane_A/in_fifo_gen.in_fifo/WRCLK



---------------------------------------------------------------------------------------------------
From Clock:  u_memc_ui_top_axi/mem_intfc0/ddr_phy_top0/u_ddr_mc_phy_wrapper/u_ddr_mc_phy/ddr_phy_4lanes_0.u_ddr_phy_4lanes/ddr_byte_lane_B.ddr_byte_lane_B/iserdes_clk
  To Clock:  u_memc_ui_top_axi/mem_intfc0/ddr_phy_top0/u_ddr_mc_phy_wrapper/u_ddr_mc_phy/ddr_phy_4lanes_0.u_ddr_phy_4lanes/ddr_byte_lane_B.ddr_byte_lane_B/iserdes_clk

Setup :           NA  Failing Endpoints,  Worst Slack           NA  ,  Total Violation           NA
Hold  :           NA  Failing Endpoints,  Worst Slack           NA  ,  Total Violation           NA
PW    :            0  Failing Endpoints,  Worst Slack        1.029ns,  Total Violation        0.000ns
---------------------------------------------------------------------------------------------------


Pulse Width Checks
--------------------------------------------------------------------------------------
Clock Name:         u_memc_ui_top_axi/mem_intfc0/ddr_phy_top0/u_ddr_mc_phy_wrapper/u_ddr_mc_phy/ddr_phy_4lanes_0.u_ddr_phy_4lanes/ddr_byte_lane_B.ddr_byte_lane_B/iserdes_clk
Waveform(ns):       { 0.000 1.250 }
Period(ns):         2.500
Sources:            { ddr3.u_axi_wrap_ddr/mig_axi/u_mig_axi_32_mig/u_memc_ui_top_axi/mem_intfc0/ddr_phy_top0/u_ddr_mc_phy_wrapper/u_ddr_mc_phy/ddr_phy_4lanes_0.u_ddr_phy_4lanes/ddr_byte_lane_B.ddr_byte_lane_B/phaser_in_gen.phaser_in/ICLK }

Check Type  Corner  Lib Pin        Reference Pin  Required(ns)  Actual(ns)  Slack(ns)  Location       Pin
Min Period  n/a     ISERDESE2/CLK  n/a            1.471         2.500       1.029      ILOGIC_X0Y215  ddr3.u_axi_wrap_ddr/mig_axi/u_mig_axi_32_mig/u_memc_ui_top_axi/mem_intfc0/ddr_phy_top0/u_ddr_mc_phy_wrapper/u_ddr_mc_phy/ddr_phy_4lanes_0.u_ddr_phy_4lanes/ddr_byte_lane_B.ddr_byte_lane_B/ddr_byte_group_io/input_[2].iserdes_dq_.iserdesdq/CLK



---------------------------------------------------------------------------------------------------
From Clock:  iserdes_clkdiv_1
  To Clock:  iserdes_clkdiv_1

Setup :            0  Failing Endpoints,  Worst Slack        8.297ns,  Total Violation        0.000ns
Hold  :            0  Failing Endpoints,  Worst Slack        0.071ns,  Total Violation        0.000ns
PW    :            0  Failing Endpoints,  Worst Slack        2.850ns,  Total Violation        0.000ns
---------------------------------------------------------------------------------------------------


Max Delay Paths
--------------------------------------------------------------------------------------
Slack (MET) :             8.297ns  (required time - arrival time)
  Source:                 ddr3.u_axi_wrap_ddr/mig_axi/u_mig_axi_32_mig/u_memc_ui_top_axi/mem_intfc0/ddr_phy_top0/u_ddr_mc_phy_wrapper/u_ddr_mc_phy/ddr_phy_4lanes_0.u_ddr_phy_4lanes/ddr_byte_lane_B.ddr_byte_lane_B/ddr_byte_group_io/input_[2].iserdes_dq_.iserdesdq/CLKDIVP
                            (rising edge-triggered cell ISERDESE2 clocked by iserdes_clkdiv_1  {rise@0.000ns fall@5.000ns period=10.000ns})
  Destination:            ddr3.u_axi_wrap_ddr/mig_axi/u_mig_axi_32_mig/u_memc_ui_top_axi/mem_intfc0/ddr_phy_top0/u_ddr_mc_phy_wrapper/u_ddr_mc_phy/ddr_phy_4lanes_0.u_ddr_phy_4lanes/ddr_byte_lane_B.ddr_byte_lane_B/in_fifo_gen.in_fifo/D2[0]
                            (rising edge-triggered cell IN_FIFO clocked by iserdes_clkdiv_1  {rise@0.000ns fall@5.000ns period=10.000ns})
  Path Group:             iserdes_clkdiv_1
  Path Type:              Setup (Max at Slow Process Corner)
  Requirement:            10.000ns  (iserdes_clkdiv_1 rise@10.000ns - iserdes_clkdiv_1 rise@0.000ns)
  Data Path Delay:        0.793ns  (logic 0.372ns (46.908%)  route 0.421ns (53.092%))
  Logic Levels:           0  
  Clock Path Skew:        -0.385ns (DCD - SCD + CPR)
    Destination Clock Delay (DCD):    7.597ns = ( 17.597 - 10.000 ) 
    Source Clock Delay      (SCD):    8.367ns
    Clock Pessimism Removal (CPR):    0.385ns
  Clock Uncertainty:      0.059ns  ((TSJ^2 + DJ^2)^1/2) / 2 + PE
    Total System Jitter     (TSJ):    0.071ns
    Discrete Jitter          (DJ):    0.096ns
    Phase Error              (PE):    0.000ns

    Location             Delay type                Incr(ns)  Path(ns)    Netlist Resource(s)
  -------------------------------------------------------------------    -------------------
                         (clock iserdes_clkdiv_1 rise edge)
                                                      0.000     0.000 r  
    AC19                                              0.000     0.000 r  clk (IN)
                         net (fo=0)                   0.000     0.000    clk
    AC19                 IBUF (Prop_ibuf_I_O)         1.416     1.416 r  clk_IBUF_inst/O
                         net (fo=1, routed)           2.602     4.018    clk_IBUF
    BUFGCTRL_X0Y0        BUFG (Prop_bufg_I_O)         0.081     4.099 r  clk_IBUF_BUFG_inst/O
                         net (fo=2027, routed)        1.696     5.795    ddr3.u_axi_wrap_ddr/mig_axi/u_mig_axi_32_mig/u_ddr3_infrastructure/mmcm_clk
    PLLE2_ADV_X0Y4       PLLE2_ADV (Prop_plle2_adv_CLKIN1_CLKOUT0)
                                                      0.077     5.872 r  ddr3.u_axi_wrap_ddr/mig_axi/u_mig_axi_32_mig/u_ddr3_infrastructure/plle2_i/CLKOUT0
                         net (fo=7, routed)           0.528     6.400    ddr3.u_axi_wrap_ddr/mig_axi/u_mig_axi_32_mig/u_memc_ui_top_axi/mem_intfc0/ddr_phy_top0/u_ddr_mc_phy_wrapper/u_ddr_mc_phy/ddr_phy_4lanes_0.u_ddr_phy_4lanes/ddr_byte_lane_B.ddr_byte_lane_B/freq_refclk
    PHASER_IN_PHY_X0Y17  PHASER_IN_PHY (Prop_phaser_in_phy_FREQREFCLK_ICLK)
                                                      1.428     7.828 r  ddr3.u_axi_wrap_ddr/mig_axi/u_mig_axi_32_mig/u_memc_ui_top_axi/mem_intfc0/ddr_phy_top0/u_ddr_mc_phy_wrapper/u_ddr_mc_phy/ddr_phy_4lanes_0.u_ddr_phy_4lanes/ddr_byte_lane_B.ddr_byte_lane_B/phaser_in_gen.phaser_in/ICLK
    PHASER_IN_PHY_X0Y17  PHASER_IN_PHY (Prop_phaser_in_phy_ICLK_ICLKDIV)
                                                      0.154     7.982 r  ddr3.u_axi_wrap_ddr/mig_axi/u_mig_axi_32_mig/u_memc_ui_top_axi/mem_intfc0/ddr_phy_top0/u_ddr_mc_phy_wrapper/u_ddr_mc_phy/ddr_phy_4lanes_0.u_ddr_phy_4lanes/ddr_byte_lane_B.ddr_byte_lane_B/phaser_in_gen.phaser_in/ICLKDIV
                         net (fo=9, routed)           0.385     8.367    ddr3.u_axi_wrap_ddr/mig_axi/u_mig_axi_32_mig/u_memc_ui_top_axi/mem_intfc0/ddr_phy_top0/u_ddr_mc_phy_wrapper/u_ddr_mc_phy/ddr_phy_4lanes_0.u_ddr_phy_4lanes/ddr_byte_lane_B.ddr_byte_lane_B/ddr_byte_group_io/iserdes_clkdiv
    ILOGIC_X0Y215        ISERDESE2                                    r  ddr3.u_axi_wrap_ddr/mig_axi/u_mig_axi_32_mig/u_memc_ui_top_axi/mem_intfc0/ddr_phy_top0/u_ddr_mc_phy_wrapper/u_ddr_mc_phy/ddr_phy_4lanes_0.u_ddr_phy_4lanes/ddr_byte_lane_B.ddr_byte_lane_B/ddr_byte_group_io/input_[2].iserdes_dq_.iserdesdq/CLKDIVP
  -------------------------------------------------------------------    -------------------
    ILOGIC_X0Y215        ISERDESE2 (Prop_iserdese2_CLKDIVP_Q4)
                                                      0.372     8.739 r  ddr3.u_axi_wrap_ddr/mig_axi/u_mig_axi_32_mig/u_memc_ui_top_axi/mem_intfc0/ddr_phy_top0/u_ddr_mc_phy_wrapper/u_ddr_mc_phy/ddr_phy_4lanes_0.u_ddr_phy_4lanes/ddr_byte_lane_B.ddr_byte_lane_B/ddr_byte_group_io/input_[2].iserdes_dq_.iserdesdq/Q4
                         net (fo=1, routed)           0.421     9.160    ddr3.u_axi_wrap_ddr/mig_axi/u_mig_axi_32_mig/u_memc_ui_top_axi/mem_intfc0/ddr_phy_top0/u_ddr_mc_phy_wrapper/u_ddr_mc_phy/ddr_phy_4lanes_0.u_ddr_phy_4lanes/ddr_byte_lane_B.ddr_byte_lane_B/if_d2[0]
    IN_FIFO_X0Y17        IN_FIFO                                      r  ddr3.u_axi_wrap_ddr/mig_axi/u_mig_axi_32_mig/u_memc_ui_top_axi/mem_intfc0/ddr_phy_top0/u_ddr_mc_phy_wrapper/u_ddr_mc_phy/ddr_phy_4lanes_0.u_ddr_phy_4lanes/ddr_byte_lane_B.ddr_byte_lane_B/in_fifo_gen.in_fifo/D2[0]
  -------------------------------------------------------------------    -------------------

                         (clock iserdes_clkdiv_1 rise edge)
                                                     10.000    10.000 r  
    AC19                                              0.000    10.000 r  clk (IN)
                         net (fo=0)                   0.000    10.000    clk
    AC19                 IBUF (Prop_ibuf_I_O)         1.350    11.350 r  clk_IBUF_inst/O
                         net (fo=1, routed)           2.471    13.821    clk_IBUF
    BUFGCTRL_X0Y0        BUFG (Prop_bufg_I_O)         0.077    13.898 r  clk_IBUF_BUFG_inst/O
                         net (fo=2027, routed)        1.586    15.484    ddr3.u_axi_wrap_ddr/mig_axi/u_mig_axi_32_mig/u_ddr3_infrastructure/mmcm_clk
    PLLE2_ADV_X0Y4       PLLE2_ADV (Prop_plle2_adv_CLKIN1_CLKOUT0)
                                                      0.073    15.557 r  ddr3.u_axi_wrap_ddr/mig_axi/u_mig_axi_32_mig/u_ddr3_infrastructure/plle2_i/CLKOUT0
                         net (fo=7, routed)           0.501    16.058    ddr3.u_axi_wrap_ddr/mig_axi/u_mig_axi_32_mig/u_memc_ui_top_axi/mem_intfc0/ddr_phy_top0/u_ddr_mc_phy_wrapper/u_ddr_mc_phy/ddr_phy_4lanes_0.u_ddr_phy_4lanes/ddr_byte_lane_B.ddr_byte_lane_B/freq_refclk
    PHASER_IN_PHY_X0Y17  PHASER_IN_PHY (Prop_phaser_in_phy_FREQREFCLK_ICLK)
                                                      1.394    17.452 r  ddr3.u_axi_wrap_ddr/mig_axi/u_mig_axi_32_mig/u_memc_ui_top_axi/mem_intfc0/ddr_phy_top0/u_ddr_mc_phy_wrapper/u_ddr_mc_phy/ddr_phy_4lanes_0.u_ddr_phy_4lanes/ddr_byte_lane_B.ddr_byte_lane_B/phaser_in_gen.phaser_in/ICLK
    PHASER_IN_PHY_X0Y17  PHASER_IN_PHY (Prop_phaser_in_phy_ICLK_ICLKDIV)
                                                      0.145    17.597 r  ddr3.u_axi_wrap_ddr/mig_axi/u_mig_axi_32_mig/u_memc_ui_top_axi/mem_intfc0/ddr_phy_top0/u_ddr_mc_phy_wrapper/u_ddr_mc_phy/ddr_phy_4lanes_0.u_ddr_phy_4lanes/ddr_byte_lane_B.ddr_byte_lane_B/phaser_in_gen.phaser_in/ICLKDIV
                         net (fo=9, routed)           0.000    17.597    ddr3.u_axi_wrap_ddr/mig_axi/u_mig_axi_32_mig/u_memc_ui_top_axi/mem_intfc0/ddr_phy_top0/u_ddr_mc_phy_wrapper/u_ddr_mc_phy/ddr_phy_4lanes_0.u_ddr_phy_4lanes/ddr_byte_lane_B.ddr_byte_lane_B/iserdes_clkdiv
    IN_FIFO_X0Y17        IN_FIFO                                      r  ddr3.u_axi_wrap_ddr/mig_axi/u_mig_axi_32_mig/u_memc_ui_top_axi/mem_intfc0/ddr_phy_top0/u_ddr_mc_phy_wrapper/u_ddr_mc_phy/ddr_phy_4lanes_0.u_ddr_phy_4lanes/ddr_byte_lane_B.ddr_byte_lane_B/in_fifo_gen.in_fifo/WRCLK
                         clock pessimism              0.385    17.982    
                         clock uncertainty           -0.059    17.923    
    IN_FIFO_X0Y17        IN_FIFO (Setup_in_fifo_WRCLK_D2[0])
                                                     -0.466    17.457    ddr3.u_axi_wrap_ddr/mig_axi/u_mig_axi_32_mig/u_memc_ui_top_axi/mem_intfc0/ddr_phy_top0/u_ddr_mc_phy_wrapper/u_ddr_mc_phy/ddr_phy_4lanes_0.u_ddr_phy_4lanes/ddr_byte_lane_B.ddr_byte_lane_B/in_fifo_gen.in_fifo
  -------------------------------------------------------------------
                         required time                         17.457    
                         arrival time                          -9.160    
  -------------------------------------------------------------------
                         slack                                  8.297    





Min Delay Paths
--------------------------------------------------------------------------------------
Slack (MET) :             0.071ns  (arrival time - required time)
  Source:                 ddr3.u_axi_wrap_ddr/mig_axi/u_mig_axi_32_mig/u_memc_ui_top_axi/mem_intfc0/ddr_phy_top0/u_ddr_mc_phy_wrapper/u_ddr_mc_phy/ddr_phy_4lanes_0.u_ddr_phy_4lanes/ddr_byte_lane_B.ddr_byte_lane_B/phaser_in_gen.phaser_in/ICLKDIV
                            (rising edge-triggered cell PHASER_IN_PHY clocked by iserdes_clkdiv_1  {rise@0.000ns fall@5.000ns period=10.000ns})
  Destination:            ddr3.u_axi_wrap_ddr/mig_axi/u_mig_axi_32_mig/u_memc_ui_top_axi/mem_intfc0/ddr_phy_top0/u_ddr_mc_phy_wrapper/u_ddr_mc_phy/ddr_phy_4lanes_0.u_ddr_phy_4lanes/ddr_byte_lane_B.ddr_byte_lane_B/in_fifo_gen.in_fifo/WREN
                            (rising edge-triggered cell IN_FIFO clocked by iserdes_clkdiv_1  {rise@0.000ns fall@5.000ns period=10.000ns})
  Path Group:             iserdes_clkdiv_1
  Path Type:              Hold (Min at Fast Process Corner)
  Requirement:            0.000ns  (iserdes_clkdiv_1 rise@0.000ns - iserdes_clkdiv_1 rise@0.000ns)
  Data Path Delay:        0.058ns  (logic 0.058ns (100.000%)  route 0.000ns (0.000%))
  Logic Levels:           0  
  Clock Path Skew:        0.000ns (DCD - SCD - CPR)
    Destination Clock Delay (DCD):    4.199ns
    Source Clock Delay      (SCD):    3.593ns
    Clock Pessimism Removal (CPR):    0.606ns

    Location             Delay type                Incr(ns)  Path(ns)    Netlist Resource(s)
  -------------------------------------------------------------------    -------------------
                         (clock iserdes_clkdiv_1 rise edge)
                                                      0.000     0.000 r  
    AC19                                              0.000     0.000 r  clk (IN)
                         net (fo=0)                   0.000     0.000    clk
    AC19                 IBUF (Prop_ibuf_I_O)         0.253     0.253 r  clk_IBUF_inst/O
                         net (fo=1, routed)           1.074     1.327    clk_IBUF
    BUFGCTRL_X0Y0        BUFG (Prop_bufg_I_O)         0.026     1.353 r  clk_IBUF_BUFG_inst/O
                         net (fo=2027, routed)        0.701     2.054    ddr3.u_axi_wrap_ddr/mig_axi/u_mig_axi_32_mig/u_ddr3_infrastructure/mmcm_clk
    PLLE2_ADV_X0Y4       PLLE2_ADV (Prop_plle2_adv_CLKIN1_CLKOUT0)
                                                      0.050     2.104 r  ddr3.u_axi_wrap_ddr/mig_axi/u_mig_axi_32_mig/u_ddr3_infrastructure/plle2_i/CLKOUT0
                         net (fo=7, routed)           0.204     2.308    ddr3.u_axi_wrap_ddr/mig_axi/u_mig_axi_32_mig/u_memc_ui_top_axi/mem_intfc0/ddr_phy_top0/u_ddr_mc_phy_wrapper/u_ddr_mc_phy/ddr_phy_4lanes_0.u_ddr_phy_4lanes/ddr_byte_lane_B.ddr_byte_lane_B/freq_refclk
    PHASER_IN_PHY_X0Y17  PHASER_IN_PHY (Prop_phaser_in_phy_FREQREFCLK_ICLK)
                                                      1.195     3.503 r  ddr3.u_axi_wrap_ddr/mig_axi/u_mig_axi_32_mig/u_memc_ui_top_axi/mem_intfc0/ddr_phy_top0/u_ddr_mc_phy_wrapper/u_ddr_mc_phy/ddr_phy_4lanes_0.u_ddr_phy_4lanes/ddr_byte_lane_B.ddr_byte_lane_B/phaser_in_gen.phaser_in/ICLK
    PHASER_IN_PHY_X0Y17  PHASER_IN_PHY (Prop_phaser_in_phy_ICLK_ICLKDIV)
                                                      0.090     3.593 r  ddr3.u_axi_wrap_ddr/mig_axi/u_mig_axi_32_mig/u_memc_ui_top_axi/mem_intfc0/ddr_phy_top0/u_ddr_mc_phy_wrapper/u_ddr_mc_phy/ddr_phy_4lanes_0.u_ddr_phy_4lanes/ddr_byte_lane_B.ddr_byte_lane_B/phaser_in_gen.phaser_in/ICLKDIV
  -------------------------------------------------------------------    -------------------
    PHASER_IN_PHY_X0Y17  PHASER_IN_PHY (Prop_phaser_in_phy_ICLKDIV_WRENABLE)
                                                      0.058     3.651 r  ddr3.u_axi_wrap_ddr/mig_axi/u_mig_axi_32_mig/u_memc_ui_top_axi/mem_intfc0/ddr_phy_top0/u_ddr_mc_phy_wrapper/u_ddr_mc_phy/ddr_phy_4lanes_0.u_ddr_phy_4lanes/ddr_byte_lane_B.ddr_byte_lane_B/phaser_in_gen.phaser_in/WRENABLE
                         net (fo=1, routed)           0.000     3.651    ddr3.u_axi_wrap_ddr/mig_axi/u_mig_axi_32_mig/u_memc_ui_top_axi/mem_intfc0/ddr_phy_top0/u_ddr_mc_phy_wrapper/u_ddr_mc_phy/ddr_phy_4lanes_0.u_ddr_phy_4lanes/ddr_byte_lane_B.ddr_byte_lane_B/ififo_wr_enable
    IN_FIFO_X0Y17        IN_FIFO                                      r  ddr3.u_axi_wrap_ddr/mig_axi/u_mig_axi_32_mig/u_memc_ui_top_axi/mem_intfc0/ddr_phy_top0/u_ddr_mc_phy_wrapper/u_ddr_mc_phy/ddr_phy_4lanes_0.u_ddr_phy_4lanes/ddr_byte_lane_B.ddr_byte_lane_B/in_fifo_gen.in_fifo/WREN
  -------------------------------------------------------------------    -------------------

                         (clock iserdes_clkdiv_1 rise edge)
                                                      0.000     0.000 r  
    AC19                                              0.000     0.000 r  clk (IN)
                         net (fo=0)                   0.000     0.000    clk
    AC19                 IBUF (Prop_ibuf_I_O)         0.441     0.441 r  clk_IBUF_inst/O
                         net (fo=1, routed)           1.160     1.601    clk_IBUF
    BUFGCTRL_X0Y0        BUFG (Prop_bufg_I_O)         0.029     1.630 r  clk_IBUF_BUFG_inst/O
                         net (fo=2027, routed)        0.976     2.606    ddr3.u_axi_wrap_ddr/mig_axi/u_mig_axi_32_mig/u_ddr3_infrastructure/mmcm_clk
    PLLE2_ADV_X0Y4       PLLE2_ADV (Prop_plle2_adv_CLKIN1_CLKOUT0)
                                                      0.053     2.659 r  ddr3.u_axi_wrap_ddr/mig_axi/u_mig_axi_32_mig/u_ddr3_infrastructure/plle2_i/CLKOUT0
                         net (fo=7, routed)           0.225     2.884    ddr3.u_axi_wrap_ddr/mig_axi/u_mig_axi_32_mig/u_memc_ui_top_axi/mem_intfc0/ddr_phy_top0/u_ddr_mc_phy_wrapper/u_ddr_mc_phy/ddr_phy_4lanes_0.u_ddr_phy_4lanes/ddr_byte_lane_B.ddr_byte_lane_B/freq_refclk
    PHASER_IN_PHY_X0Y17  PHASER_IN_PHY (Prop_phaser_in_phy_FREQREFCLK_ICLK)
                                                      1.219     4.103 r  ddr3.u_axi_wrap_ddr/mig_axi/u_mig_axi_32_mig/u_memc_ui_top_axi/mem_intfc0/ddr_phy_top0/u_ddr_mc_phy_wrapper/u_ddr_mc_phy/ddr_phy_4lanes_0.u_ddr_phy_4lanes/ddr_byte_lane_B.ddr_byte_lane_B/phaser_in_gen.phaser_in/ICLK
    PHASER_IN_PHY_X0Y17  PHASER_IN_PHY (Prop_phaser_in_phy_ICLK_ICLKDIV)
                                                      0.096     4.199 r  ddr3.u_axi_wrap_ddr/mig_axi/u_mig_axi_32_mig/u_memc_ui_top_axi/mem_intfc0/ddr_phy_top0/u_ddr_mc_phy_wrapper/u_ddr_mc_phy/ddr_phy_4lanes_0.u_ddr_phy_4lanes/ddr_byte_lane_B.ddr_byte_lane_B/phaser_in_gen.phaser_in/ICLKDIV
                         net (fo=9, routed)           0.000     4.199    ddr3.u_axi_wrap_ddr/mig_axi/u_mig_axi_32_mig/u_memc_ui_top_axi/mem_intfc0/ddr_phy_top0/u_ddr_mc_phy_wrapper/u_ddr_mc_phy/ddr_phy_4lanes_0.u_ddr_phy_4lanes/ddr_byte_lane_B.ddr_byte_lane_B/iserdes_clkdiv
    IN_FIFO_X0Y17        IN_FIFO                                      r  ddr3.u_axi_wrap_ddr/mig_axi/u_mig_axi_32_mig/u_memc_ui_top_axi/mem_intfc0/ddr_phy_top0/u_ddr_mc_phy_wrapper/u_ddr_mc_phy/ddr_phy_4lanes_0.u_ddr_phy_4lanes/ddr_byte_lane_B.ddr_byte_lane_B/in_fifo_gen.in_fifo/WRCLK
                         clock pessimism             -0.606     3.593    
    IN_FIFO_X0Y17        IN_FIFO (Hold_in_fifo_WRCLK_WREN)
                                                     -0.013     3.580    ddr3.u_axi_wrap_ddr/mig_axi/u_mig_axi_32_mig/u_memc_ui_top_axi/mem_intfc0/ddr_phy_top0/u_ddr_mc_phy_wrapper/u_ddr_mc_phy/ddr_phy_4lanes_0.u_ddr_phy_4lanes/ddr_byte_lane_B.ddr_byte_lane_B/in_fifo_gen.in_fifo
  -------------------------------------------------------------------
                         required time                         -3.580    
                         arrival time                           3.651    
  -------------------------------------------------------------------
                         slack                                  0.071    





Pulse Width Checks
--------------------------------------------------------------------------------------
Clock Name:         iserdes_clkdiv_1
Waveform(ns):       { 0.000 5.000 }
Period(ns):         10.000
Sources:            { ddr3.u_axi_wrap_ddr/mig_axi/u_mig_axi_32_mig/u_memc_ui_top_axi/mem_intfc0/ddr_phy_top0/u_ddr_mc_phy_wrapper/u_ddr_mc_phy/ddr_phy_4lanes_0.u_ddr_phy_4lanes/ddr_byte_lane_B.ddr_byte_lane_B/phaser_in_gen.phaser_in/ICLKDIV }

Check Type        Corner  Lib Pin        Reference Pin  Required(ns)  Actual(ns)  Slack(ns)  Location       Pin
Min Period        n/a     IN_FIFO/WRCLK  n/a            5.000         10.000      5.000      IN_FIFO_X0Y17  ddr3.u_axi_wrap_ddr/mig_axi/u_mig_axi_32_mig/u_memc_ui_top_axi/mem_intfc0/ddr_phy_top0/u_ddr_mc_phy_wrapper/u_ddr_mc_phy/ddr_phy_4lanes_0.u_ddr_phy_4lanes/ddr_byte_lane_B.ddr_byte_lane_B/in_fifo_gen.in_fifo/WRCLK
Low Pulse Width   Slow    IN_FIFO/WRCLK  n/a            2.150         5.000       2.850      IN_FIFO_X0Y17  ddr3.u_axi_wrap_ddr/mig_axi/u_mig_axi_32_mig/u_memc_ui_top_axi/mem_intfc0/ddr_phy_top0/u_ddr_mc_phy_wrapper/u_ddr_mc_phy/ddr_phy_4lanes_0.u_ddr_phy_4lanes/ddr_byte_lane_B.ddr_byte_lane_B/in_fifo_gen.in_fifo/WRCLK
High Pulse Width  Slow    IN_FIFO/WRCLK  n/a            2.150         5.000       2.850      IN_FIFO_X0Y17  ddr3.u_axi_wrap_ddr/mig_axi/u_mig_axi_32_mig/u_memc_ui_top_axi/mem_intfc0/ddr_phy_top0/u_ddr_mc_phy_wrapper/u_ddr_mc_phy/ddr_phy_4lanes_0.u_ddr_phy_4lanes/ddr_byte_lane_B.ddr_byte_lane_B/in_fifo_gen.in_fifo/WRCLK



---------------------------------------------------------------------------------------------------
From Clock:  mem_refclk
  To Clock:  mem_refclk

Setup :            0  Failing Endpoints,  Worst Slack        1.407ns,  Total Violation        0.000ns
Hold  :            0  Failing Endpoints,  Worst Slack        0.336ns,  Total Violation        0.000ns
PW    :            0  Failing Endpoints,  Worst Slack        0.715ns,  Total Violation        0.000ns
---------------------------------------------------------------------------------------------------


Max Delay Paths
--------------------------------------------------------------------------------------
Slack (MET) :             1.407ns  (required time - arrival time)
  Source:                 ddr3.u_axi_wrap_ddr/mig_axi/u_mig_axi_32_mig/u_memc_ui_top_axi/mem_intfc0/ddr_phy_top0/u_ddr_mc_phy_wrapper/u_ddr_mc_phy/ddr_phy_4lanes_0.u_ddr_phy_4lanes/phy_control_i/MEMREFCLK
                            (rising edge-triggered cell PHY_CONTROL clocked by mem_refclk  {rise@0.000ns fall@1.250ns period=2.500ns})
  Destination:            ddr3.u_axi_wrap_ddr/mig_axi/u_mig_axi_32_mig/u_memc_ui_top_axi/mem_intfc0/ddr_phy_top0/u_ddr_mc_phy_wrapper/u_ddr_mc_phy/ddr_phy_4lanes_0.u_ddr_phy_4lanes/phy_control_i/PHYCTLMSTREMPTY
                            (rising edge-triggered cell PHY_CONTROL clocked by mem_refclk  {rise@0.000ns fall@1.250ns period=2.500ns})
  Path Group:             mem_refclk
  Path Type:              Setup (Max at Slow Process Corner)
  Requirement:            2.500ns  (mem_refclk rise@2.500ns - mem_refclk rise@0.000ns)
  Data Path Delay:        1.019ns  (logic 0.622ns (61.040%)  route 0.397ns (38.960%))
  Logic Levels:           0  
  Clock Path Skew:        0.000ns (DCD - SCD + CPR)
    Destination Clock Delay (DCD):    6.058ns = ( 8.558 - 2.500 ) 
    Source Clock Delay      (SCD):    6.400ns
    Clock Pessimism Removal (CPR):    0.342ns
  Clock Uncertainty:      0.065ns  ((TSJ^2 + DJ^2)^1/2) / 2 + PE
    Total System Jitter     (TSJ):    0.071ns
    Discrete Jitter          (DJ):    0.109ns
    Phase Error              (PE):    0.000ns

    Location             Delay type                Incr(ns)  Path(ns)    Netlist Resource(s)
  -------------------------------------------------------------------    -------------------
                         (clock mem_refclk rise edge)
                                                      0.000     0.000 r  
    AC19                                              0.000     0.000 r  clk (IN)
                         net (fo=0)                   0.000     0.000    clk
    AC19                 IBUF (Prop_ibuf_I_O)         1.416     1.416 r  clk_IBUF_inst/O
                         net (fo=1, routed)           2.602     4.018    clk_IBUF
    BUFGCTRL_X0Y0        BUFG (Prop_bufg_I_O)         0.081     4.099 r  clk_IBUF_BUFG_inst/O
                         net (fo=2027, routed)        1.696     5.795    ddr3.u_axi_wrap_ddr/mig_axi/u_mig_axi_32_mig/u_ddr3_infrastructure/mmcm_clk
    PLLE2_ADV_X0Y4       PLLE2_ADV (Prop_plle2_adv_CLKIN1_CLKOUT1)
                                                      0.077     5.872 r  ddr3.u_axi_wrap_ddr/mig_axi/u_mig_axi_32_mig/u_ddr3_infrastructure/plle2_i/CLKOUT1
                         net (fo=7, routed)           0.528     6.400    ddr3.u_axi_wrap_ddr/mig_axi/u_mig_axi_32_mig/u_memc_ui_top_axi/mem_intfc0/ddr_phy_top0/u_ddr_mc_phy_wrapper/u_ddr_mc_phy/ddr_phy_4lanes_0.u_ddr_phy_4lanes/mem_refclk
    PHY_CONTROL_X0Y4     PHY_CONTROL                                  r  ddr3.u_axi_wrap_ddr/mig_axi/u_mig_axi_32_mig/u_memc_ui_top_axi/mem_intfc0/ddr_phy_top0/u_ddr_mc_phy_wrapper/u_ddr_mc_phy/ddr_phy_4lanes_0.u_ddr_phy_4lanes/phy_control_i/MEMREFCLK
  -------------------------------------------------------------------    -------------------
    PHY_CONTROL_X0Y4     PHY_CONTROL (Prop_phy_control_MEMREFCLK_PHYCTLEMPTY)
                                                      0.622     7.022 r  ddr3.u_axi_wrap_ddr/mig_axi/u_mig_axi_32_mig/u_memc_ui_top_axi/mem_intfc0/ddr_phy_top0/u_ddr_mc_phy_wrapper/u_ddr_mc_phy/ddr_phy_4lanes_0.u_ddr_phy_4lanes/phy_control_i/PHYCTLEMPTY
                         net (fo=1, routed)           0.397     7.419    ddr3.u_axi_wrap_ddr/mig_axi/u_mig_axi_32_mig/u_memc_ui_top_axi/mem_intfc0/ddr_phy_top0/u_ddr_mc_phy_wrapper/u_ddr_mc_phy/ddr_phy_4lanes_0.u_ddr_phy_4lanes/phy_control_i_n_1
    PHY_CONTROL_X0Y4     PHY_CONTROL                                  r  ddr3.u_axi_wrap_ddr/mig_axi/u_mig_axi_32_mig/u_memc_ui_top_axi/mem_intfc0/ddr_phy_top0/u_ddr_mc_phy_wrapper/u_ddr_mc_phy/ddr_phy_4lanes_0.u_ddr_phy_4lanes/phy_control_i/PHYCTLMSTREMPTY
  -------------------------------------------------------------------    -------------------

                         (clock mem_refclk rise edge)
                                                      2.500     2.500 r  
    AC19                                              0.000     2.500 r  clk (IN)
                         net (fo=0)                   0.000     2.500    clk
    AC19                 IBUF (Prop_ibuf_I_O)         1.350     3.850 r  clk_IBUF_inst/O
                         net (fo=1, routed)           2.471     6.321    clk_IBUF
    BUFGCTRL_X0Y0        BUFG (Prop_bufg_I_O)         0.077     6.398 r  clk_IBUF_BUFG_inst/O
                         net (fo=2027, routed)        1.586     7.984    ddr3.u_axi_wrap_ddr/mig_axi/u_mig_axi_32_mig/u_ddr3_infrastructure/mmcm_clk
    PLLE2_ADV_X0Y4       PLLE2_ADV (Prop_plle2_adv_CLKIN1_CLKOUT1)
                                                      0.073     8.057 r  ddr3.u_axi_wrap_ddr/mig_axi/u_mig_axi_32_mig/u_ddr3_infrastructure/plle2_i/CLKOUT1
                         net (fo=7, routed)           0.501     8.558    ddr3.u_axi_wrap_ddr/mig_axi/u_mig_axi_32_mig/u_memc_ui_top_axi/mem_intfc0/ddr_phy_top0/u_ddr_mc_phy_wrapper/u_ddr_mc_phy/ddr_phy_4lanes_0.u_ddr_phy_4lanes/mem_refclk
    PHY_CONTROL_X0Y4     PHY_CONTROL                                  r  ddr3.u_axi_wrap_ddr/mig_axi/u_mig_axi_32_mig/u_memc_ui_top_axi/mem_intfc0/ddr_phy_top0/u_ddr_mc_phy_wrapper/u_ddr_mc_phy/ddr_phy_4lanes_0.u_ddr_phy_4lanes/phy_control_i/MEMREFCLK
                         clock pessimism              0.342     8.900    
                         clock uncertainty           -0.065     8.835    
    PHY_CONTROL_X0Y4     PHY_CONTROL (Setup_phy_control_MEMREFCLK_PHYCTLMSTREMPTY)
                                                     -0.009     8.826    ddr3.u_axi_wrap_ddr/mig_axi/u_mig_axi_32_mig/u_memc_ui_top_axi/mem_intfc0/ddr_phy_top0/u_ddr_mc_phy_wrapper/u_ddr_mc_phy/ddr_phy_4lanes_0.u_ddr_phy_4lanes/phy_control_i
  -------------------------------------------------------------------
                         required time                          8.826    
                         arrival time                          -7.419    
  -------------------------------------------------------------------
                         slack                                  1.407    





Min Delay Paths
--------------------------------------------------------------------------------------
Slack (MET) :             0.336ns  (arrival time - required time)
  Source:                 ddr3.u_axi_wrap_ddr/mig_axi/u_mig_axi_32_mig/u_memc_ui_top_axi/mem_intfc0/ddr_phy_top0/u_ddr_mc_phy_wrapper/u_ddr_mc_phy/ddr_phy_4lanes_0.u_ddr_phy_4lanes/phy_control_i/MEMREFCLK
                            (rising edge-triggered cell PHY_CONTROL clocked by mem_refclk  {rise@0.000ns fall@1.250ns period=2.500ns})
  Destination:            ddr3.u_axi_wrap_ddr/mig_axi/u_mig_axi_32_mig/u_memc_ui_top_axi/mem_intfc0/ddr_phy_top0/u_ddr_mc_phy_wrapper/u_ddr_mc_phy/ddr_phy_4lanes_0.u_ddr_phy_4lanes/phy_control_i/PHYCTLMSTREMPTY
                            (rising edge-triggered cell PHY_CONTROL clocked by mem_refclk  {rise@0.000ns fall@1.250ns period=2.500ns})
  Path Group:             mem_refclk
  Path Type:              Hold (Min at Fast Process Corner)
  Requirement:            0.000ns  (mem_refclk rise@0.000ns - mem_refclk rise@0.000ns)
  Data Path Delay:        0.459ns  (logic 0.313ns (68.192%)  route 0.146ns (31.808%))
  Logic Levels:           0  
  Clock Path Skew:        0.000ns (DCD - SCD - CPR)
    Destination Clock Delay (DCD):    2.874ns
    Source Clock Delay      (SCD):    2.299ns
    Clock Pessimism Removal (CPR):    0.575ns

    Location             Delay type                Incr(ns)  Path(ns)    Netlist Resource(s)
  -------------------------------------------------------------------    -------------------
                         (clock mem_refclk rise edge)
                                                      0.000     0.000 r  
    AC19                                              0.000     0.000 r  clk (IN)
                         net (fo=0)                   0.000     0.000    clk
    AC19                 IBUF (Prop_ibuf_I_O)         0.253     0.253 r  clk_IBUF_inst/O
                         net (fo=1, routed)           1.074     1.327    clk_IBUF
    BUFGCTRL_X0Y0        BUFG (Prop_bufg_I_O)         0.026     1.353 r  clk_IBUF_BUFG_inst/O
                         net (fo=2027, routed)        0.701     2.054    ddr3.u_axi_wrap_ddr/mig_axi/u_mig_axi_32_mig/u_ddr3_infrastructure/mmcm_clk
    PLLE2_ADV_X0Y4       PLLE2_ADV (Prop_plle2_adv_CLKIN1_CLKOUT1)
                                                      0.050     2.104 r  ddr3.u_axi_wrap_ddr/mig_axi/u_mig_axi_32_mig/u_ddr3_infrastructure/plle2_i/CLKOUT1
                         net (fo=7, routed)           0.195     2.299    ddr3.u_axi_wrap_ddr/mig_axi/u_mig_axi_32_mig/u_memc_ui_top_axi/mem_intfc0/ddr_phy_top0/u_ddr_mc_phy_wrapper/u_ddr_mc_phy/ddr_phy_4lanes_0.u_ddr_phy_4lanes/mem_refclk
    PHY_CONTROL_X0Y4     PHY_CONTROL                                  r  ddr3.u_axi_wrap_ddr/mig_axi/u_mig_axi_32_mig/u_memc_ui_top_axi/mem_intfc0/ddr_phy_top0/u_ddr_mc_phy_wrapper/u_ddr_mc_phy/ddr_phy_4lanes_0.u_ddr_phy_4lanes/phy_control_i/MEMREFCLK
  -------------------------------------------------------------------    -------------------
    PHY_CONTROL_X0Y4     PHY_CONTROL (Prop_phy_control_MEMREFCLK_PHYCTLEMPTY)
                                                      0.313     2.612 r  ddr3.u_axi_wrap_ddr/mig_axi/u_mig_axi_32_mig/u_memc_ui_top_axi/mem_intfc0/ddr_phy_top0/u_ddr_mc_phy_wrapper/u_ddr_mc_phy/ddr_phy_4lanes_0.u_ddr_phy_4lanes/phy_control_i/PHYCTLEMPTY
                         net (fo=1, routed)           0.146     2.758    ddr3.u_axi_wrap_ddr/mig_axi/u_mig_axi_32_mig/u_memc_ui_top_axi/mem_intfc0/ddr_phy_top0/u_ddr_mc_phy_wrapper/u_ddr_mc_phy/ddr_phy_4lanes_0.u_ddr_phy_4lanes/phy_control_i_n_1
    PHY_CONTROL_X0Y4     PHY_CONTROL                                  r  ddr3.u_axi_wrap_ddr/mig_axi/u_mig_axi_32_mig/u_memc_ui_top_axi/mem_intfc0/ddr_phy_top0/u_ddr_mc_phy_wrapper/u_ddr_mc_phy/ddr_phy_4lanes_0.u_ddr_phy_4lanes/phy_control_i/PHYCTLMSTREMPTY
  -------------------------------------------------------------------    -------------------

                         (clock mem_refclk rise edge)
                                                      0.000     0.000 r  
    AC19                                              0.000     0.000 r  clk (IN)
                         net (fo=0)                   0.000     0.000    clk
    AC19                 IBUF (Prop_ibuf_I_O)         0.441     0.441 r  clk_IBUF_inst/O
                         net (fo=1, routed)           1.160     1.601    clk_IBUF
    BUFGCTRL_X0Y0        BUFG (Prop_bufg_I_O)         0.029     1.630 r  clk_IBUF_BUFG_inst/O
                         net (fo=2027, routed)        0.976     2.606    ddr3.u_axi_wrap_ddr/mig_axi/u_mig_axi_32_mig/u_ddr3_infrastructure/mmcm_clk
    PLLE2_ADV_X0Y4       PLLE2_ADV (Prop_plle2_adv_CLKIN1_CLKOUT1)
                                                      0.053     2.659 r  ddr3.u_axi_wrap_ddr/mig_axi/u_mig_axi_32_mig/u_ddr3_infrastructure/plle2_i/CLKOUT1
                         net (fo=7, routed)           0.215     2.874    ddr3.u_axi_wrap_ddr/mig_axi/u_mig_axi_32_mig/u_memc_ui_top_axi/mem_intfc0/ddr_phy_top0/u_ddr_mc_phy_wrapper/u_ddr_mc_phy/ddr_phy_4lanes_0.u_ddr_phy_4lanes/mem_refclk
    PHY_CONTROL_X0Y4     PHY_CONTROL                                  r  ddr3.u_axi_wrap_ddr/mig_axi/u_mig_axi_32_mig/u_memc_ui_top_axi/mem_intfc0/ddr_phy_top0/u_ddr_mc_phy_wrapper/u_ddr_mc_phy/ddr_phy_4lanes_0.u_ddr_phy_4lanes/phy_control_i/MEMREFCLK
                         clock pessimism             -0.575     2.299    
    PHY_CONTROL_X0Y4     PHY_CONTROL (Hold_phy_control_MEMREFCLK_PHYCTLMSTREMPTY)
                                                      0.123     2.422    ddr3.u_axi_wrap_ddr/mig_axi/u_mig_axi_32_mig/u_memc_ui_top_axi/mem_intfc0/ddr_phy_top0/u_ddr_mc_phy_wrapper/u_ddr_mc_phy/ddr_phy_4lanes_0.u_ddr_phy_4lanes/phy_control_i
  -------------------------------------------------------------------
                         required time                         -2.422    
                         arrival time                           2.758    
  -------------------------------------------------------------------
                         slack                                  0.336    





Pulse Width Checks
--------------------------------------------------------------------------------------
Clock Name:         mem_refclk
Waveform(ns):       { 0.000 1.250 }
Period(ns):         2.500
Sources:            { ddr3.u_axi_wrap_ddr/mig_axi/u_mig_axi_32_mig/u_ddr3_infrastructure/plle2_i/CLKOUT1 }

Check Type        Corner  Lib Pin                Reference Pin  Required(ns)  Actual(ns)  Slack(ns)  Location          Pin
Min Period        n/a     PHY_CONTROL/MEMREFCLK  n/a            1.475         2.500       1.025      PHY_CONTROL_X0Y4  ddr3.u_axi_wrap_ddr/mig_axi/u_mig_axi_32_mig/u_memc_ui_top_axi/mem_intfc0/ddr_phy_top0/u_ddr_mc_phy_wrapper/u_ddr_mc_phy/ddr_phy_4lanes_0.u_ddr_phy_4lanes/phy_control_i/MEMREFCLK
Max Period        n/a     PLLE2_ADV/CLKOUT1      n/a            160.000       2.500       157.500    PLLE2_ADV_X0Y4    ddr3.u_axi_wrap_ddr/mig_axi/u_mig_axi_32_mig/u_ddr3_infrastructure/plle2_i/CLKOUT1
Low Pulse Width   Slow    PHY_CONTROL/MEMREFCLK  n/a            0.535         1.250       0.715      PHY_CONTROL_X0Y4  ddr3.u_axi_wrap_ddr/mig_axi/u_mig_axi_32_mig/u_memc_ui_top_axi/mem_intfc0/ddr_phy_top0/u_ddr_mc_phy_wrapper/u_ddr_mc_phy/ddr_phy_4lanes_0.u_ddr_phy_4lanes/phy_control_i/MEMREFCLK
High Pulse Width  Slow    PHY_CONTROL/MEMREFCLK  n/a            0.535         1.250       0.715      PHY_CONTROL_X0Y4  ddr3.u_axi_wrap_ddr/mig_axi/u_mig_axi_32_mig/u_memc_ui_top_axi/mem_intfc0/ddr_phy_top0/u_ddr_mc_phy_wrapper/u_ddr_mc_phy/ddr_phy_4lanes_0.u_ddr_phy_4lanes/phy_control_i/MEMREFCLK



---------------------------------------------------------------------------------------------------
From Clock:  oserdes_clk
  To Clock:  oserdes_clk

Setup :            0  Failing Endpoints,  Worst Slack        1.190ns,  Total Violation        0.000ns
Hold  :            0  Failing Endpoints,  Worst Slack        0.408ns,  Total Violation        0.000ns
PW    :            0  Failing Endpoints,  Worst Slack        1.026ns,  Total Violation        0.000ns
---------------------------------------------------------------------------------------------------


Max Delay Paths
--------------------------------------------------------------------------------------
Slack (MET) :             1.190ns  (required time - arrival time)
  Source:                 ddr3.u_axi_wrap_ddr/mig_axi/u_mig_axi_32_mig/u_memc_ui_top_axi/mem_intfc0/ddr_phy_top0/u_ddr_mc_phy_wrapper/u_ddr_mc_phy/ddr_phy_4lanes_0.u_ddr_phy_4lanes/ddr_byte_lane_A.ddr_byte_lane_A/phaser_out/OCLKDELAYED
                            (rising edge-triggered cell PHASER_OUT_PHY clocked by oserdes_clk  {rise@0.000ns fall@1.250ns period=2.500ns})
  Destination:            ddr3.u_axi_wrap_ddr/mig_axi/u_mig_axi_32_mig/u_memc_ui_top_axi/mem_intfc0/ddr_phy_top0/u_ddr_mc_phy_wrapper/u_ddr_mc_phy/ddr_phy_4lanes_0.u_ddr_phy_4lanes/ddr_byte_lane_A.ddr_byte_lane_A/ddr_byte_group_io/dqs_gen.oddr_dqsts/D1
                            (rising edge-triggered cell ODDR clocked by oserdes_clk  {rise@0.000ns fall@1.250ns period=2.500ns})
  Path Group:             oserdes_clk
  Path Type:              Setup (Max at Slow Process Corner)
  Requirement:            2.500ns  (oserdes_clk rise@2.500ns - oserdes_clk rise@0.000ns)
  Data Path Delay:        0.864ns  (logic 0.489ns (56.594%)  route 0.375ns (43.406%))
  Logic Levels:           0  
  Clock Path Skew:        0.342ns (DCD - SCD + CPR)
    Destination Clock Delay (DCD):    9.046ns = ( 11.546 - 2.500 ) 
    Source Clock Delay      (SCD):    9.139ns
    Clock Pessimism Removal (CPR):    0.436ns
  Clock Uncertainty:      0.065ns  ((TSJ^2 + DJ^2)^1/2) / 2 + PE
    Total System Jitter     (TSJ):    0.071ns
    Discrete Jitter          (DJ):    0.109ns
    Phase Error              (PE):    0.000ns

    Location             Delay type                Incr(ns)  Path(ns)    Netlist Resource(s)
  -------------------------------------------------------------------    -------------------
                         (clock oserdes_clk rise edge)
                                                      0.000     0.000 r  
    AC19                                              0.000     0.000 r  clk (IN)
                         net (fo=0)                   0.000     0.000    clk
    AC19                 IBUF (Prop_ibuf_I_O)         1.416     1.416 r  clk_IBUF_inst/O
                         net (fo=1, routed)           2.602     4.018    clk_IBUF
    BUFGCTRL_X0Y0        BUFG (Prop_bufg_I_O)         0.081     4.099 r  clk_IBUF_BUFG_inst/O
                         net (fo=2027, routed)        1.696     5.795    ddr3.u_axi_wrap_ddr/mig_axi/u_mig_axi_32_mig/u_ddr3_infrastructure/mmcm_clk
    PLLE2_ADV_X0Y4       PLLE2_ADV (Prop_plle2_adv_CLKIN1_CLKOUT1)
                                                      0.077     5.872 r  ddr3.u_axi_wrap_ddr/mig_axi/u_mig_axi_32_mig/u_ddr3_infrastructure/plle2_i/CLKOUT1
                         net (fo=7, routed)           0.522     6.394    ddr3.u_axi_wrap_ddr/mig_axi/u_mig_axi_32_mig/u_memc_ui_top_axi/mem_intfc0/ddr_phy_top0/u_ddr_mc_phy_wrapper/u_ddr_mc_phy/ddr_phy_4lanes_0.u_ddr_phy_4lanes/ddr_byte_lane_A.ddr_byte_lane_A/mem_refclk
    PHASER_OUT_PHY_X0Y16 PHASER_OUT_PHY (Prop_phaser_out_phy_MEMREFCLK_OCLK)
                                                      2.083     8.477 r  ddr3.u_axi_wrap_ddr/mig_axi/u_mig_axi_32_mig/u_memc_ui_top_axi/mem_intfc0/ddr_phy_top0/u_ddr_mc_phy_wrapper/u_ddr_mc_phy/ddr_phy_4lanes_0.u_ddr_phy_4lanes/ddr_byte_lane_A.ddr_byte_lane_A/phaser_out/OCLK
    PHASER_OUT_PHY_X0Y16 PHASER_OUT_PHY (Prop_phaser_out_phy_OCLK_OCLKDELAYED)
                                                      0.662     9.139 r  ddr3.u_axi_wrap_ddr/mig_axi/u_mig_axi_32_mig/u_memc_ui_top_axi/mem_intfc0/ddr_phy_top0/u_ddr_mc_phy_wrapper/u_ddr_mc_phy/ddr_phy_4lanes_0.u_ddr_phy_4lanes/ddr_byte_lane_A.ddr_byte_lane_A/phaser_out/OCLKDELAYED
  -------------------------------------------------------------------    -------------------
    PHASER_OUT_PHY_X0Y16 PHASER_OUT_PHY (Prop_phaser_out_phy_OCLKDELAYED_CTSBUS[0])
                                                      0.489     9.628 r  ddr3.u_axi_wrap_ddr/mig_axi/u_mig_axi_32_mig/u_memc_ui_top_axi/mem_intfc0/ddr_phy_top0/u_ddr_mc_phy_wrapper/u_ddr_mc_phy/ddr_phy_4lanes_0.u_ddr_phy_4lanes/ddr_byte_lane_A.ddr_byte_lane_A/phaser_out/CTSBUS[0]
                         net (fo=2, routed)           0.375    10.003    ddr3.u_axi_wrap_ddr/mig_axi/u_mig_axi_32_mig/u_memc_ui_top_axi/mem_intfc0/ddr_phy_top0/u_ddr_mc_phy_wrapper/u_ddr_mc_phy/ddr_phy_4lanes_0.u_ddr_phy_4lanes/ddr_byte_lane_A.ddr_byte_lane_A/ddr_byte_group_io/CTSBUS[0]
    OLOGIC_X0Y208        ODDR                                         r  ddr3.u_axi_wrap_ddr/mig_axi/u_mig_axi_32_mig/u_memc_ui_top_axi/mem_intfc0/ddr_phy_top0/u_ddr_mc_phy_wrapper/u_ddr_mc_phy/ddr_phy_4lanes_0.u_ddr_phy_4lanes/ddr_byte_lane_A.ddr_byte_lane_A/ddr_byte_group_io/dqs_gen.oddr_dqsts/D1
  -------------------------------------------------------------------    -------------------

                         (clock oserdes_clk rise edge)
                                                      2.500     2.500 r  
    AC19                                              0.000     2.500 r  clk (IN)
                         net (fo=0)                   0.000     2.500    clk
    AC19                 IBUF (Prop_ibuf_I_O)         1.350     3.850 r  clk_IBUF_inst/O
                         net (fo=1, routed)           2.471     6.321    clk_IBUF
    BUFGCTRL_X0Y0        BUFG (Prop_bufg_I_O)         0.077     6.398 r  clk_IBUF_BUFG_inst/O
                         net (fo=2027, routed)        1.586     7.984    ddr3.u_axi_wrap_ddr/mig_axi/u_mig_axi_32_mig/u_ddr3_infrastructure/mmcm_clk
    PLLE2_ADV_X0Y4       PLLE2_ADV (Prop_plle2_adv_CLKIN1_CLKOUT1)
                                                      0.073     8.057 r  ddr3.u_axi_wrap_ddr/mig_axi/u_mig_axi_32_mig/u_ddr3_infrastructure/plle2_i/CLKOUT1
                         net (fo=7, routed)           0.496     8.553    ddr3.u_axi_wrap_ddr/mig_axi/u_mig_axi_32_mig/u_memc_ui_top_axi/mem_intfc0/ddr_phy_top0/u_ddr_mc_phy_wrapper/u_ddr_mc_phy/ddr_phy_4lanes_0.u_ddr_phy_4lanes/ddr_byte_lane_A.ddr_byte_lane_A/mem_refclk
    PHASER_OUT_PHY_X0Y16 PHASER_OUT_PHY (Prop_phaser_out_phy_MEMREFCLK_OCLK)
                                                      2.027    10.580 r  ddr3.u_axi_wrap_ddr/mig_axi/u_mig_axi_32_mig/u_memc_ui_top_axi/mem_intfc0/ddr_phy_top0/u_ddr_mc_phy_wrapper/u_ddr_mc_phy/ddr_phy_4lanes_0.u_ddr_phy_4lanes/ddr_byte_lane_A.ddr_byte_lane_A/phaser_out/OCLK
    PHASER_OUT_PHY_X0Y16 PHASER_OUT_PHY (Prop_phaser_out_phy_OCLK_OCLKDELAYED)
                                                      0.624    11.204 r  ddr3.u_axi_wrap_ddr/mig_axi/u_mig_axi_32_mig/u_memc_ui_top_axi/mem_intfc0/ddr_phy_top0/u_ddr_mc_phy_wrapper/u_ddr_mc_phy/ddr_phy_4lanes_0.u_ddr_phy_4lanes/ddr_byte_lane_A.ddr_byte_lane_A/phaser_out/OCLKDELAYED
                         net (fo=2, routed)           0.342    11.546    ddr3.u_axi_wrap_ddr/mig_axi/u_mig_axi_32_mig/u_memc_ui_top_axi/mem_intfc0/ddr_phy_top0/u_ddr_mc_phy_wrapper/u_ddr_mc_phy/ddr_phy_4lanes_0.u_ddr_phy_4lanes/ddr_byte_lane_A.ddr_byte_lane_A/ddr_byte_group_io/oserdes_clk_delayed
    OLOGIC_X0Y208        ODDR                                         r  ddr3.u_axi_wrap_ddr/mig_axi/u_mig_axi_32_mig/u_memc_ui_top_axi/mem_intfc0/ddr_phy_top0/u_ddr_mc_phy_wrapper/u_ddr_mc_phy/ddr_phy_4lanes_0.u_ddr_phy_4lanes/ddr_byte_lane_A.ddr_byte_lane_A/ddr_byte_group_io/dqs_gen.oddr_dqsts/C
                         clock pessimism              0.436    11.981    
                         clock uncertainty           -0.065    11.916    
    OLOGIC_X0Y208        ODDR (Setup_oddr_C_D1)      -0.723    11.193    ddr3.u_axi_wrap_ddr/mig_axi/u_mig_axi_32_mig/u_memc_ui_top_axi/mem_intfc0/ddr_phy_top0/u_ddr_mc_phy_wrapper/u_ddr_mc_phy/ddr_phy_4lanes_0.u_ddr_phy_4lanes/ddr_byte_lane_A.ddr_byte_lane_A/ddr_byte_group_io/dqs_gen.oddr_dqsts
  -------------------------------------------------------------------
                         required time                         11.193    
                         arrival time                         -10.003    
  -------------------------------------------------------------------
                         slack                                  1.190    





Min Delay Paths
--------------------------------------------------------------------------------------
Slack (MET) :             0.408ns  (arrival time - required time)
  Source:                 ddr3.u_axi_wrap_ddr/mig_axi/u_mig_axi_32_mig/u_memc_ui_top_axi/mem_intfc0/ddr_phy_top0/u_ddr_mc_phy_wrapper/u_ddr_mc_phy/ddr_phy_4lanes_0.u_ddr_phy_4lanes/ddr_byte_lane_A.ddr_byte_lane_A/phaser_out/OCLKDELAYED
                            (rising edge-triggered cell PHASER_OUT_PHY clocked by oserdes_clk  {rise@0.000ns fall@1.250ns period=2.500ns})
  Destination:            ddr3.u_axi_wrap_ddr/mig_axi/u_mig_axi_32_mig/u_memc_ui_top_axi/mem_intfc0/ddr_phy_top0/u_ddr_mc_phy_wrapper/u_ddr_mc_phy/ddr_phy_4lanes_0.u_ddr_phy_4lanes/ddr_byte_lane_A.ddr_byte_lane_A/ddr_byte_group_io/dqs_gen.oddr_dqs/D2
                            (rising edge-triggered cell ODDR clocked by oserdes_clk  {rise@0.000ns fall@1.250ns period=2.500ns})
  Path Group:             oserdes_clk
  Path Type:              Hold (Min at Fast Process Corner)
  Requirement:            0.000ns  (oserdes_clk rise@0.000ns - oserdes_clk rise@0.000ns)
  Data Path Delay:        0.493ns  (logic 0.346ns (70.174%)  route 0.147ns (29.826%))
  Logic Levels:           0  
  Clock Path Skew:        0.178ns (DCD - SCD - CPR)
    Destination Clock Delay (DCD):    5.486ns
    Source Clock Delay      (SCD):    4.654ns
    Clock Pessimism Removal (CPR):    0.655ns

    Location             Delay type                Incr(ns)  Path(ns)    Netlist Resource(s)
  -------------------------------------------------------------------    -------------------
                         (clock oserdes_clk rise edge)
                                                      0.000     0.000 r  
    AC19                                              0.000     0.000 r  clk (IN)
                         net (fo=0)                   0.000     0.000    clk
    AC19                 IBUF (Prop_ibuf_I_O)         0.253     0.253 r  clk_IBUF_inst/O
                         net (fo=1, routed)           1.074     1.327    clk_IBUF
    BUFGCTRL_X0Y0        BUFG (Prop_bufg_I_O)         0.026     1.353 r  clk_IBUF_BUFG_inst/O
                         net (fo=2027, routed)        0.701     2.054    ddr3.u_axi_wrap_ddr/mig_axi/u_mig_axi_32_mig/u_ddr3_infrastructure/mmcm_clk
    PLLE2_ADV_X0Y4       PLLE2_ADV (Prop_plle2_adv_CLKIN1_CLKOUT1)
                                                      0.050     2.104 r  ddr3.u_axi_wrap_ddr/mig_axi/u_mig_axi_32_mig/u_ddr3_infrastructure/plle2_i/CLKOUT1
                         net (fo=7, routed)           0.197     2.301    ddr3.u_axi_wrap_ddr/mig_axi/u_mig_axi_32_mig/u_memc_ui_top_axi/mem_intfc0/ddr_phy_top0/u_ddr_mc_phy_wrapper/u_ddr_mc_phy/ddr_phy_4lanes_0.u_ddr_phy_4lanes/ddr_byte_lane_A.ddr_byte_lane_A/mem_refclk
    PHASER_OUT_PHY_X0Y16 PHASER_OUT_PHY (Prop_phaser_out_phy_MEMREFCLK_OCLK)
                                                      1.813     4.114 r  ddr3.u_axi_wrap_ddr/mig_axi/u_mig_axi_32_mig/u_memc_ui_top_axi/mem_intfc0/ddr_phy_top0/u_ddr_mc_phy_wrapper/u_ddr_mc_phy/ddr_phy_4lanes_0.u_ddr_phy_4lanes/ddr_byte_lane_A.ddr_byte_lane_A/phaser_out/OCLK
    PHASER_OUT_PHY_X0Y16 PHASER_OUT_PHY (Prop_phaser_out_phy_OCLK_OCLKDELAYED)
                                                      0.539     4.654 r  ddr3.u_axi_wrap_ddr/mig_axi/u_mig_axi_32_mig/u_memc_ui_top_axi/mem_intfc0/ddr_phy_top0/u_ddr_mc_phy_wrapper/u_ddr_mc_phy/ddr_phy_4lanes_0.u_ddr_phy_4lanes/ddr_byte_lane_A.ddr_byte_lane_A/phaser_out/OCLKDELAYED
  -------------------------------------------------------------------    -------------------
    PHASER_OUT_PHY_X0Y16 PHASER_OUT_PHY (Prop_phaser_out_phy_OCLKDELAYED_DQSBUS[1])
                                                      0.346     5.000 r  ddr3.u_axi_wrap_ddr/mig_axi/u_mig_axi_32_mig/u_memc_ui_top_axi/mem_intfc0/ddr_phy_top0/u_ddr_mc_phy_wrapper/u_ddr_mc_phy/ddr_phy_4lanes_0.u_ddr_phy_4lanes/ddr_byte_lane_A.ddr_byte_lane_A/phaser_out/DQSBUS[1]
                         net (fo=1, routed)           0.147     5.147    ddr3.u_axi_wrap_ddr/mig_axi/u_mig_axi_32_mig/u_memc_ui_top_axi/mem_intfc0/ddr_phy_top0/u_ddr_mc_phy_wrapper/u_ddr_mc_phy/ddr_phy_4lanes_0.u_ddr_phy_4lanes/ddr_byte_lane_A.ddr_byte_lane_A/ddr_byte_group_io/DQSBUS[1]
    OLOGIC_X0Y208        ODDR                                         r  ddr3.u_axi_wrap_ddr/mig_axi/u_mig_axi_32_mig/u_memc_ui_top_axi/mem_intfc0/ddr_phy_top0/u_ddr_mc_phy_wrapper/u_ddr_mc_phy/ddr_phy_4lanes_0.u_ddr_phy_4lanes/ddr_byte_lane_A.ddr_byte_lane_A/ddr_byte_group_io/dqs_gen.oddr_dqs/D2
  -------------------------------------------------------------------    -------------------

                         (clock oserdes_clk rise edge)
                                                      0.000     0.000 r  
    AC19                                              0.000     0.000 r  clk (IN)
                         net (fo=0)                   0.000     0.000    clk
    AC19                 IBUF (Prop_ibuf_I_O)         0.441     0.441 r  clk_IBUF_inst/O
                         net (fo=1, routed)           1.160     1.601    clk_IBUF
    BUFGCTRL_X0Y0        BUFG (Prop_bufg_I_O)         0.029     1.630 r  clk_IBUF_BUFG_inst/O
                         net (fo=2027, routed)        0.976     2.606    ddr3.u_axi_wrap_ddr/mig_axi/u_mig_axi_32_mig/u_ddr3_infrastructure/mmcm_clk
    PLLE2_ADV_X0Y4       PLLE2_ADV (Prop_plle2_adv_CLKIN1_CLKOUT1)
                                                      0.053     2.659 r  ddr3.u_axi_wrap_ddr/mig_axi/u_mig_axi_32_mig/u_ddr3_infrastructure/plle2_i/CLKOUT1
                         net (fo=7, routed)           0.218     2.877    ddr3.u_axi_wrap_ddr/mig_axi/u_mig_axi_32_mig/u_memc_ui_top_axi/mem_intfc0/ddr_phy_top0/u_ddr_mc_phy_wrapper/u_ddr_mc_phy/ddr_phy_4lanes_0.u_ddr_phy_4lanes/ddr_byte_lane_A.ddr_byte_lane_A/mem_refclk
    PHASER_OUT_PHY_X0Y16 PHASER_OUT_PHY (Prop_phaser_out_phy_MEMREFCLK_OCLK)
                                                      1.858     4.735 r  ddr3.u_axi_wrap_ddr/mig_axi/u_mig_axi_32_mig/u_memc_ui_top_axi/mem_intfc0/ddr_phy_top0/u_ddr_mc_phy_wrapper/u_ddr_mc_phy/ddr_phy_4lanes_0.u_ddr_phy_4lanes/ddr_byte_lane_A.ddr_byte_lane_A/phaser_out/OCLK
    PHASER_OUT_PHY_X0Y16 PHASER_OUT_PHY (Prop_phaser_out_phy_OCLK_OCLKDELAYED)
                                                      0.573     5.308 r  ddr3.u_axi_wrap_ddr/mig_axi/u_mig_axi_32_mig/u_memc_ui_top_axi/mem_intfc0/ddr_phy_top0/u_ddr_mc_phy_wrapper/u_ddr_mc_phy/ddr_phy_4lanes_0.u_ddr_phy_4lanes/ddr_byte_lane_A.ddr_byte_lane_A/phaser_out/OCLKDELAYED
                         net (fo=2, routed)           0.178     5.486    ddr3.u_axi_wrap_ddr/mig_axi/u_mig_axi_32_mig/u_memc_ui_top_axi/mem_intfc0/ddr_phy_top0/u_ddr_mc_phy_wrapper/u_ddr_mc_phy/ddr_phy_4lanes_0.u_ddr_phy_4lanes/ddr_byte_lane_A.ddr_byte_lane_A/ddr_byte_group_io/oserdes_clk_delayed
    OLOGIC_X0Y208        ODDR                                         r  ddr3.u_axi_wrap_ddr/mig_axi/u_mig_axi_32_mig/u_memc_ui_top_axi/mem_intfc0/ddr_phy_top0/u_ddr_mc_phy_wrapper/u_ddr_mc_phy/ddr_phy_4lanes_0.u_ddr_phy_4lanes/ddr_byte_lane_A.ddr_byte_lane_A/ddr_byte_group_io/dqs_gen.oddr_dqs/C
                         clock pessimism             -0.655     4.832    
    OLOGIC_X0Y208        ODDR (Hold_oddr_C_D2)       -0.093     4.739    ddr3.u_axi_wrap_ddr/mig_axi/u_mig_axi_32_mig/u_memc_ui_top_axi/mem_intfc0/ddr_phy_top0/u_ddr_mc_phy_wrapper/u_ddr_mc_phy/ddr_phy_4lanes_0.u_ddr_phy_4lanes/ddr_byte_lane_A.ddr_byte_lane_A/ddr_byte_group_io/dqs_gen.oddr_dqs
  -------------------------------------------------------------------
                         required time                         -4.739    
                         arrival time                           5.147    
  -------------------------------------------------------------------
                         slack                                  0.408    





Pulse Width Checks
--------------------------------------------------------------------------------------
Clock Name:         oserdes_clk
Waveform(ns):       { 0.000 1.250 }
Period(ns):         2.500
Sources:            { ddr3.u_axi_wrap_ddr/mig_axi/u_mig_axi_32_mig/u_memc_ui_top_axi/mem_intfc0/ddr_phy_top0/u_ddr_mc_phy_wrapper/u_ddr_mc_phy/ddr_phy_4lanes_0.u_ddr_phy_4lanes/ddr_byte_lane_A.ddr_byte_lane_A/phaser_out/OCLK }

Check Type  Corner  Lib Pin  Reference Pin  Required(ns)  Actual(ns)  Slack(ns)  Location       Pin
Min Period  n/a     ODDR/C   n/a            1.474         2.500       1.026      OLOGIC_X0Y208  ddr3.u_axi_wrap_ddr/mig_axi/u_mig_axi_32_mig/u_memc_ui_top_axi/mem_intfc0/ddr_phy_top0/u_ddr_mc_phy_wrapper/u_ddr_mc_phy/ddr_phy_4lanes_0.u_ddr_phy_4lanes/ddr_byte_lane_A.ddr_byte_lane_A/ddr_byte_group_io/dqs_gen.oddr_dqs/C



---------------------------------------------------------------------------------------------------
From Clock:  oserdes_clkdiv
  To Clock:  oserdes_clkdiv

Setup :            0  Failing Endpoints,  Worst Slack        3.731ns,  Total Violation        0.000ns
Hold  :            0  Failing Endpoints,  Worst Slack        0.087ns,  Total Violation        0.000ns
PW    :            0  Failing Endpoints,  Worst Slack        0.000ns,  Total Violation        0.000ns
---------------------------------------------------------------------------------------------------


Max Delay Paths
--------------------------------------------------------------------------------------
Slack (MET) :             3.731ns  (required time - arrival time)
  Source:                 ddr3.u_axi_wrap_ddr/mig_axi/u_mig_axi_32_mig/u_memc_ui_top_axi/mem_intfc0/ddr_phy_top0/u_ddr_mc_phy_wrapper/u_ddr_mc_phy/ddr_phy_4lanes_0.u_ddr_phy_4lanes/ddr_byte_lane_A.ddr_byte_lane_A/out_fifo/RDCLK
                            (rising edge-triggered cell OUT_FIFO clocked by oserdes_clkdiv  {rise@0.000ns fall@2.500ns period=5.000ns})
  Destination:            ddr3.u_axi_wrap_ddr/mig_axi/u_mig_axi_32_mig/u_memc_ui_top_axi/mem_intfc0/ddr_phy_top0/u_ddr_mc_phy_wrapper/u_ddr_mc_phy/ddr_phy_4lanes_0.u_ddr_phy_4lanes/ddr_byte_lane_A.ddr_byte_lane_A/ddr_byte_group_io/output_[9].oserdes_dq_.ddr.oserdes_dq_i/D1
                            (rising edge-triggered cell OSERDESE2 clocked by oserdes_clkdiv  {rise@0.000ns fall@2.500ns period=5.000ns})
  Path Group:             oserdes_clkdiv
  Path Type:              Setup (Max at Slow Process Corner)
  Requirement:            5.000ns  (oserdes_clkdiv rise@5.000ns - oserdes_clkdiv rise@0.000ns)
  Data Path Delay:        1.098ns  (logic 0.596ns (54.305%)  route 0.502ns (45.695%))
  Logic Levels:           0  
  Clock Path Skew:        0.343ns (DCD - SCD + CPR)
    Destination Clock Delay (DCD):    8.556ns = ( 13.556 - 5.000 ) 
    Source Clock Delay      (SCD):    8.618ns
    Clock Pessimism Removal (CPR):    0.406ns
  Clock Uncertainty:      0.065ns  ((TSJ^2 + DJ^2)^1/2) / 2 + PE
    Total System Jitter     (TSJ):    0.071ns
    Discrete Jitter          (DJ):    0.109ns
    Phase Error              (PE):    0.000ns

    Location             Delay type                Incr(ns)  Path(ns)    Netlist Resource(s)
  -------------------------------------------------------------------    -------------------
                         (clock oserdes_clkdiv rise edge)
                                                      0.000     0.000 r  
    AC19                                              0.000     0.000 r  clk (IN)
                         net (fo=0)                   0.000     0.000    clk
    AC19                 IBUF (Prop_ibuf_I_O)         1.416     1.416 r  clk_IBUF_inst/O
                         net (fo=1, routed)           2.602     4.018    clk_IBUF
    BUFGCTRL_X0Y0        BUFG (Prop_bufg_I_O)         0.081     4.099 r  clk_IBUF_BUFG_inst/O
                         net (fo=2027, routed)        1.696     5.795    ddr3.u_axi_wrap_ddr/mig_axi/u_mig_axi_32_mig/u_ddr3_infrastructure/mmcm_clk
    PLLE2_ADV_X0Y4       PLLE2_ADV (Prop_plle2_adv_CLKIN1_CLKOUT1)
                                                      0.077     5.872 r  ddr3.u_axi_wrap_ddr/mig_axi/u_mig_axi_32_mig/u_ddr3_infrastructure/plle2_i/CLKOUT1
                         net (fo=7, routed)           0.522     6.394    ddr3.u_axi_wrap_ddr/mig_axi/u_mig_axi_32_mig/u_memc_ui_top_axi/mem_intfc0/ddr_phy_top0/u_ddr_mc_phy_wrapper/u_ddr_mc_phy/ddr_phy_4lanes_0.u_ddr_phy_4lanes/ddr_byte_lane_A.ddr_byte_lane_A/mem_refclk
    PHASER_OUT_PHY_X0Y16 PHASER_OUT_PHY (Prop_phaser_out_phy_MEMREFCLK_OCLK)
                                                      2.083     8.477 r  ddr3.u_axi_wrap_ddr/mig_axi/u_mig_axi_32_mig/u_memc_ui_top_axi/mem_intfc0/ddr_phy_top0/u_ddr_mc_phy_wrapper/u_ddr_mc_phy/ddr_phy_4lanes_0.u_ddr_phy_4lanes/ddr_byte_lane_A.ddr_byte_lane_A/phaser_out/OCLK
    PHASER_OUT_PHY_X0Y16 PHASER_OUT_PHY (Prop_phaser_out_phy_OCLK_OCLKDIV)
                                                      0.141     8.618 r  ddr3.u_axi_wrap_ddr/mig_axi/u_mig_axi_32_mig/u_memc_ui_top_axi/mem_intfc0/ddr_phy_top0/u_ddr_mc_phy_wrapper/u_ddr_mc_phy/ddr_phy_4lanes_0.u_ddr_phy_4lanes/ddr_byte_lane_A.ddr_byte_lane_A/phaser_out/OCLKDIV
                         net (fo=11, routed)          0.000     8.618    ddr3.u_axi_wrap_ddr/mig_axi/u_mig_axi_32_mig/u_memc_ui_top_axi/mem_intfc0/ddr_phy_top0/u_ddr_mc_phy_wrapper/u_ddr_mc_phy/ddr_phy_4lanes_0.u_ddr_phy_4lanes/ddr_byte_lane_A.ddr_byte_lane_A/oserdes_clkdiv
    OUT_FIFO_X0Y16       OUT_FIFO                                     r  ddr3.u_axi_wrap_ddr/mig_axi/u_mig_axi_32_mig/u_memc_ui_top_axi/mem_intfc0/ddr_phy_top0/u_ddr_mc_phy_wrapper/u_ddr_mc_phy/ddr_phy_4lanes_0.u_ddr_phy_4lanes/ddr_byte_lane_A.ddr_byte_lane_A/out_fifo/RDCLK
  -------------------------------------------------------------------    -------------------
    OUT_FIFO_X0Y16       OUT_FIFO (Prop_out_fifo_RDCLK_Q9[0])
                                                      0.596     9.214 r  ddr3.u_axi_wrap_ddr/mig_axi/u_mig_axi_32_mig/u_memc_ui_top_axi/mem_intfc0/ddr_phy_top0/u_ddr_mc_phy_wrapper/u_ddr_mc_phy/ddr_phy_4lanes_0.u_ddr_phy_4lanes/ddr_byte_lane_A.ddr_byte_lane_A/out_fifo/Q9[0]
                         net (fo=1, routed)           0.502     9.716    ddr3.u_axi_wrap_ddr/mig_axi/u_mig_axi_32_mig/u_memc_ui_top_axi/mem_intfc0/ddr_phy_top0/u_ddr_mc_phy_wrapper/u_ddr_mc_phy/ddr_phy_4lanes_0.u_ddr_phy_4lanes/ddr_byte_lane_A.ddr_byte_lane_A/ddr_byte_group_io/of_dqbus[32]
    OLOGIC_X0Y212        OSERDESE2                                    r  ddr3.u_axi_wrap_ddr/mig_axi/u_mig_axi_32_mig/u_memc_ui_top_axi/mem_intfc0/ddr_phy_top0/u_ddr_mc_phy_wrapper/u_ddr_mc_phy/ddr_phy_4lanes_0.u_ddr_phy_4lanes/ddr_byte_lane_A.ddr_byte_lane_A/ddr_byte_group_io/output_[9].oserdes_dq_.ddr.oserdes_dq_i/D1
  -------------------------------------------------------------------    -------------------

                         (clock oserdes_clkdiv rise edge)
                                                      5.000     5.000 r  
    AC19                                              0.000     5.000 r  clk (IN)
                         net (fo=0)                   0.000     5.000    clk
    AC19                 IBUF (Prop_ibuf_I_O)         1.350     6.350 r  clk_IBUF_inst/O
                         net (fo=1, routed)           2.471     8.821    clk_IBUF
    BUFGCTRL_X0Y0        BUFG (Prop_bufg_I_O)         0.077     8.898 r  clk_IBUF_BUFG_inst/O
                         net (fo=2027, routed)        1.586    10.484    ddr3.u_axi_wrap_ddr/mig_axi/u_mig_axi_32_mig/u_ddr3_infrastructure/mmcm_clk
    PLLE2_ADV_X0Y4       PLLE2_ADV (Prop_plle2_adv_CLKIN1_CLKOUT1)
                                                      0.073    10.557 r  ddr3.u_axi_wrap_ddr/mig_axi/u_mig_axi_32_mig/u_ddr3_infrastructure/plle2_i/CLKOUT1
                         net (fo=7, routed)           0.496    11.053    ddr3.u_axi_wrap_ddr/mig_axi/u_mig_axi_32_mig/u_memc_ui_top_axi/mem_intfc0/ddr_phy_top0/u_ddr_mc_phy_wrapper/u_ddr_mc_phy/ddr_phy_4lanes_0.u_ddr_phy_4lanes/ddr_byte_lane_A.ddr_byte_lane_A/mem_refclk
    PHASER_OUT_PHY_X0Y16 PHASER_OUT_PHY (Prop_phaser_out_phy_MEMREFCLK_OCLK)
                                                      2.027    13.080 r  ddr3.u_axi_wrap_ddr/mig_axi/u_mig_axi_32_mig/u_memc_ui_top_axi/mem_intfc0/ddr_phy_top0/u_ddr_mc_phy_wrapper/u_ddr_mc_phy/ddr_phy_4lanes_0.u_ddr_phy_4lanes/ddr_byte_lane_A.ddr_byte_lane_A/phaser_out/OCLK
    PHASER_OUT_PHY_X0Y16 PHASER_OUT_PHY (Prop_phaser_out_phy_OCLK_OCLKDIV)
                                                      0.133    13.213 r  ddr3.u_axi_wrap_ddr/mig_axi/u_mig_axi_32_mig/u_memc_ui_top_axi/mem_intfc0/ddr_phy_top0/u_ddr_mc_phy_wrapper/u_ddr_mc_phy/ddr_phy_4lanes_0.u_ddr_phy_4lanes/ddr_byte_lane_A.ddr_byte_lane_A/phaser_out/OCLKDIV
                         net (fo=11, routed)          0.343    13.556    ddr3.u_axi_wrap_ddr/mig_axi/u_mig_axi_32_mig/u_memc_ui_top_axi/mem_intfc0/ddr_phy_top0/u_ddr_mc_phy_wrapper/u_ddr_mc_phy/ddr_phy_4lanes_0.u_ddr_phy_4lanes/ddr_byte_lane_A.ddr_byte_lane_A/ddr_byte_group_io/oserdes_clkdiv
    OLOGIC_X0Y212        OSERDESE2                                    r  ddr3.u_axi_wrap_ddr/mig_axi/u_mig_axi_32_mig/u_memc_ui_top_axi/mem_intfc0/ddr_phy_top0/u_ddr_mc_phy_wrapper/u_ddr_mc_phy/ddr_phy_4lanes_0.u_ddr_phy_4lanes/ddr_byte_lane_A.ddr_byte_lane_A/ddr_byte_group_io/output_[9].oserdes_dq_.ddr.oserdes_dq_i/CLKDIV
                         clock pessimism              0.406    13.961    
                         clock uncertainty           -0.065    13.896    
    OLOGIC_X0Y212        OSERDESE2 (Setup_oserdese2_CLKDIV_D1)
                                                     -0.449    13.447    ddr3.u_axi_wrap_ddr/mig_axi/u_mig_axi_32_mig/u_memc_ui_top_axi/mem_intfc0/ddr_phy_top0/u_ddr_mc_phy_wrapper/u_ddr_mc_phy/ddr_phy_4lanes_0.u_ddr_phy_4lanes/ddr_byte_lane_A.ddr_byte_lane_A/ddr_byte_group_io/output_[9].oserdes_dq_.ddr.oserdes_dq_i
  -------------------------------------------------------------------
                         required time                         13.447    
                         arrival time                          -9.716    
  -------------------------------------------------------------------
                         slack                                  3.731    





Min Delay Paths
--------------------------------------------------------------------------------------
Slack (MET) :             0.087ns  (arrival time - required time)
  Source:                 ddr3.u_axi_wrap_ddr/mig_axi/u_mig_axi_32_mig/u_memc_ui_top_axi/mem_intfc0/ddr_phy_top0/u_ddr_mc_phy_wrapper/u_ddr_mc_phy/ddr_phy_4lanes_0.u_ddr_phy_4lanes/ddr_byte_lane_A.ddr_byte_lane_A/out_fifo/RDCLK
                            (rising edge-triggered cell OUT_FIFO clocked by oserdes_clkdiv  {rise@0.000ns fall@2.500ns period=5.000ns})
  Destination:            ddr3.u_axi_wrap_ddr/mig_axi/u_mig_axi_32_mig/u_memc_ui_top_axi/mem_intfc0/ddr_phy_top0/u_ddr_mc_phy_wrapper/u_ddr_mc_phy/ddr_phy_4lanes_0.u_ddr_phy_4lanes/ddr_byte_lane_A.ddr_byte_lane_A/ddr_byte_group_io/output_[2].oserdes_dq_.ddr.oserdes_dq_i/D2
                            (rising edge-triggered cell OSERDESE2 clocked by oserdes_clkdiv  {rise@0.000ns fall@2.500ns period=5.000ns})
  Path Group:             oserdes_clkdiv
  Path Type:              Hold (Min at Fast Process Corner)
  Requirement:            0.000ns  (oserdes_clkdiv rise@0.000ns - oserdes_clkdiv rise@0.000ns)
  Data Path Delay:        0.285ns  (logic 0.138ns (48.411%)  route 0.147ns (51.589%))
  Logic Levels:           0  
  Clock Path Skew:        0.179ns (DCD - SCD - CPR)
    Destination Clock Delay (DCD):    5.002ns
    Source Clock Delay      (SCD):    4.197ns
    Clock Pessimism Removal (CPR):    0.626ns

    Location             Delay type                Incr(ns)  Path(ns)    Netlist Resource(s)
  -------------------------------------------------------------------    -------------------
                         (clock oserdes_clkdiv rise edge)
                                                      0.000     0.000 r  
    AC19                                              0.000     0.000 r  clk (IN)
                         net (fo=0)                   0.000     0.000    clk
    AC19                 IBUF (Prop_ibuf_I_O)         0.253     0.253 r  clk_IBUF_inst/O
                         net (fo=1, routed)           1.074     1.327    clk_IBUF
    BUFGCTRL_X0Y0        BUFG (Prop_bufg_I_O)         0.026     1.353 r  clk_IBUF_BUFG_inst/O
                         net (fo=2027, routed)        0.701     2.054    ddr3.u_axi_wrap_ddr/mig_axi/u_mig_axi_32_mig/u_ddr3_infrastructure/mmcm_clk
    PLLE2_ADV_X0Y4       PLLE2_ADV (Prop_plle2_adv_CLKIN1_CLKOUT1)
                                                      0.050     2.104 r  ddr3.u_axi_wrap_ddr/mig_axi/u_mig_axi_32_mig/u_ddr3_infrastructure/plle2_i/CLKOUT1
                         net (fo=7, routed)           0.197     2.301    ddr3.u_axi_wrap_ddr/mig_axi/u_mig_axi_32_mig/u_memc_ui_top_axi/mem_intfc0/ddr_phy_top0/u_ddr_mc_phy_wrapper/u_ddr_mc_phy/ddr_phy_4lanes_0.u_ddr_phy_4lanes/ddr_byte_lane_A.ddr_byte_lane_A/mem_refclk
    PHASER_OUT_PHY_X0Y16 PHASER_OUT_PHY (Prop_phaser_out_phy_MEMREFCLK_OCLK)
                                                      1.813     4.114 r  ddr3.u_axi_wrap_ddr/mig_axi/u_mig_axi_32_mig/u_memc_ui_top_axi/mem_intfc0/ddr_phy_top0/u_ddr_mc_phy_wrapper/u_ddr_mc_phy/ddr_phy_4lanes_0.u_ddr_phy_4lanes/ddr_byte_lane_A.ddr_byte_lane_A/phaser_out/OCLK
    PHASER_OUT_PHY_X0Y16 PHASER_OUT_PHY (Prop_phaser_out_phy_OCLK_OCLKDIV)
                                                      0.083     4.197 r  ddr3.u_axi_wrap_ddr/mig_axi/u_mig_axi_32_mig/u_memc_ui_top_axi/mem_intfc0/ddr_phy_top0/u_ddr_mc_phy_wrapper/u_ddr_mc_phy/ddr_phy_4lanes_0.u_ddr_phy_4lanes/ddr_byte_lane_A.ddr_byte_lane_A/phaser_out/OCLKDIV
                         net (fo=11, routed)          0.000     4.197    ddr3.u_axi_wrap_ddr/mig_axi/u_mig_axi_32_mig/u_memc_ui_top_axi/mem_intfc0/ddr_phy_top0/u_ddr_mc_phy_wrapper/u_ddr_mc_phy/ddr_phy_4lanes_0.u_ddr_phy_4lanes/ddr_byte_lane_A.ddr_byte_lane_A/oserdes_clkdiv
    OUT_FIFO_X0Y16       OUT_FIFO                                     r  ddr3.u_axi_wrap_ddr/mig_axi/u_mig_axi_32_mig/u_memc_ui_top_axi/mem_intfc0/ddr_phy_top0/u_ddr_mc_phy_wrapper/u_ddr_mc_phy/ddr_phy_4lanes_0.u_ddr_phy_4lanes/ddr_byte_lane_A.ddr_byte_lane_A/out_fifo/RDCLK
  -------------------------------------------------------------------    -------------------
    OUT_FIFO_X0Y16       OUT_FIFO (Prop_out_fifo_RDCLK_Q2[1])
                                                      0.138     4.335 r  ddr3.u_axi_wrap_ddr/mig_axi/u_mig_axi_32_mig/u_memc_ui_top_axi/mem_intfc0/ddr_phy_top0/u_ddr_mc_phy_wrapper/u_ddr_mc_phy/ddr_phy_4lanes_0.u_ddr_phy_4lanes/ddr_byte_lane_A.ddr_byte_lane_A/out_fifo/Q2[1]
                         net (fo=1, routed)           0.147     4.482    ddr3.u_axi_wrap_ddr/mig_axi/u_mig_axi_32_mig/u_memc_ui_top_axi/mem_intfc0/ddr_phy_top0/u_ddr_mc_phy_wrapper/u_ddr_mc_phy/ddr_phy_4lanes_0.u_ddr_phy_4lanes/ddr_byte_lane_A.ddr_byte_lane_A/ddr_byte_group_io/of_dqbus[5]
    OLOGIC_X0Y203        OSERDESE2                                    r  ddr3.u_axi_wrap_ddr/mig_axi/u_mig_axi_32_mig/u_memc_ui_top_axi/mem_intfc0/ddr_phy_top0/u_ddr_mc_phy_wrapper/u_ddr_mc_phy/ddr_phy_4lanes_0.u_ddr_phy_4lanes/ddr_byte_lane_A.ddr_byte_lane_A/ddr_byte_group_io/output_[2].oserdes_dq_.ddr.oserdes_dq_i/D2
  -------------------------------------------------------------------    -------------------

                         (clock oserdes_clkdiv rise edge)
                                                      0.000     0.000 r  
    AC19                                              0.000     0.000 r  clk (IN)
                         net (fo=0)                   0.000     0.000    clk
    AC19                 IBUF (Prop_ibuf_I_O)         0.441     0.441 r  clk_IBUF_inst/O
                         net (fo=1, routed)           1.160     1.601    clk_IBUF
    BUFGCTRL_X0Y0        BUFG (Prop_bufg_I_O)         0.029     1.630 r  clk_IBUF_BUFG_inst/O
                         net (fo=2027, routed)        0.976     2.606    ddr3.u_axi_wrap_ddr/mig_axi/u_mig_axi_32_mig/u_ddr3_infrastructure/mmcm_clk
    PLLE2_ADV_X0Y4       PLLE2_ADV (Prop_plle2_adv_CLKIN1_CLKOUT1)
                                                      0.053     2.659 r  ddr3.u_axi_wrap_ddr/mig_axi/u_mig_axi_32_mig/u_ddr3_infrastructure/plle2_i/CLKOUT1
                         net (fo=7, routed)           0.218     2.877    ddr3.u_axi_wrap_ddr/mig_axi/u_mig_axi_32_mig/u_memc_ui_top_axi/mem_intfc0/ddr_phy_top0/u_ddr_mc_phy_wrapper/u_ddr_mc_phy/ddr_phy_4lanes_0.u_ddr_phy_4lanes/ddr_byte_lane_A.ddr_byte_lane_A/mem_refclk
    PHASER_OUT_PHY_X0Y16 PHASER_OUT_PHY (Prop_phaser_out_phy_MEMREFCLK_OCLK)
                                                      1.858     4.735 r  ddr3.u_axi_wrap_ddr/mig_axi/u_mig_axi_32_mig/u_memc_ui_top_axi/mem_intfc0/ddr_phy_top0/u_ddr_mc_phy_wrapper/u_ddr_mc_phy/ddr_phy_4lanes_0.u_ddr_phy_4lanes/ddr_byte_lane_A.ddr_byte_lane_A/phaser_out/OCLK
    PHASER_OUT_PHY_X0Y16 PHASER_OUT_PHY (Prop_phaser_out_phy_OCLK_OCLKDIV)
                                                      0.088     4.823 r  ddr3.u_axi_wrap_ddr/mig_axi/u_mig_axi_32_mig/u_memc_ui_top_axi/mem_intfc0/ddr_phy_top0/u_ddr_mc_phy_wrapper/u_ddr_mc_phy/ddr_phy_4lanes_0.u_ddr_phy_4lanes/ddr_byte_lane_A.ddr_byte_lane_A/phaser_out/OCLKDIV
                         net (fo=11, routed)          0.179     5.002    ddr3.u_axi_wrap_ddr/mig_axi/u_mig_axi_32_mig/u_memc_ui_top_axi/mem_intfc0/ddr_phy_top0/u_ddr_mc_phy_wrapper/u_ddr_mc_phy/ddr_phy_4lanes_0.u_ddr_phy_4lanes/ddr_byte_lane_A.ddr_byte_lane_A/ddr_byte_group_io/oserdes_clkdiv
    OLOGIC_X0Y203        OSERDESE2                                    r  ddr3.u_axi_wrap_ddr/mig_axi/u_mig_axi_32_mig/u_memc_ui_top_axi/mem_intfc0/ddr_phy_top0/u_ddr_mc_phy_wrapper/u_ddr_mc_phy/ddr_phy_4lanes_0.u_ddr_phy_4lanes/ddr_byte_lane_A.ddr_byte_lane_A/ddr_byte_group_io/output_[2].oserdes_dq_.ddr.oserdes_dq_i/CLKDIV
                         clock pessimism             -0.626     4.376    
    OLOGIC_X0Y203        OSERDESE2 (Hold_oserdese2_CLKDIV_D2)
                                                      0.019     4.395    ddr3.u_axi_wrap_ddr/mig_axi/u_mig_axi_32_mig/u_memc_ui_top_axi/mem_intfc0/ddr_phy_top0/u_ddr_mc_phy_wrapper/u_ddr_mc_phy/ddr_phy_4lanes_0.u_ddr_phy_4lanes/ddr_byte_lane_A.ddr_byte_lane_A/ddr_byte_group_io/output_[2].oserdes_dq_.ddr.oserdes_dq_i
  -------------------------------------------------------------------
                         required time                         -4.395    
                         arrival time                           4.482    
  -------------------------------------------------------------------
                         slack                                  0.087    





Pulse Width Checks
--------------------------------------------------------------------------------------
Clock Name:         oserdes_clkdiv
Waveform(ns):       { 0.000 2.500 }
Period(ns):         5.000
Sources:            { ddr3.u_axi_wrap_ddr/mig_axi/u_mig_axi_32_mig/u_memc_ui_top_axi/mem_intfc0/ddr_phy_top0/u_ddr_mc_phy_wrapper/u_ddr_mc_phy/ddr_phy_4lanes_0.u_ddr_phy_4lanes/ddr_byte_lane_A.ddr_byte_lane_A/phaser_out/OCLKDIV }

Check Type        Corner  Lib Pin         Reference Pin  Required(ns)  Actual(ns)  Slack(ns)  Location        Pin
Min Period        n/a     OUT_FIFO/RDCLK  n/a            5.000         5.000       0.000      OUT_FIFO_X0Y16  ddr3.u_axi_wrap_ddr/mig_axi/u_mig_axi_32_mig/u_memc_ui_top_axi/mem_intfc0/ddr_phy_top0/u_ddr_mc_phy_wrapper/u_ddr_mc_phy/ddr_phy_4lanes_0.u_ddr_phy_4lanes/ddr_byte_lane_A.ddr_byte_lane_A/out_fifo/RDCLK
Low Pulse Width   Slow    OUT_FIFO/RDCLK  n/a            2.150         2.500       0.350      OUT_FIFO_X0Y16  ddr3.u_axi_wrap_ddr/mig_axi/u_mig_axi_32_mig/u_memc_ui_top_axi/mem_intfc0/ddr_phy_top0/u_ddr_mc_phy_wrapper/u_ddr_mc_phy/ddr_phy_4lanes_0.u_ddr_phy_4lanes/ddr_byte_lane_A.ddr_byte_lane_A/out_fifo/RDCLK
High Pulse Width  Slow    OUT_FIFO/RDCLK  n/a            2.150         2.500       0.350      OUT_FIFO_X0Y16  ddr3.u_axi_wrap_ddr/mig_axi/u_mig_axi_32_mig/u_memc_ui_top_axi/mem_intfc0/ddr_phy_top0/u_ddr_mc_phy_wrapper/u_ddr_mc_phy/ddr_phy_4lanes_0.u_ddr_phy_4lanes/ddr_byte_lane_A.ddr_byte_lane_A/out_fifo/RDCLK



---------------------------------------------------------------------------------------------------
From Clock:  oserdes_clk_1
  To Clock:  oserdes_clk_1

Setup :            0  Failing Endpoints,  Worst Slack        1.175ns,  Total Violation        0.000ns
Hold  :            0  Failing Endpoints,  Worst Slack        0.413ns,  Total Violation        0.000ns
PW    :            0  Failing Endpoints,  Worst Slack        1.026ns,  Total Violation        0.000ns
---------------------------------------------------------------------------------------------------


Max Delay Paths
--------------------------------------------------------------------------------------
Slack (MET) :             1.175ns  (required time - arrival time)
  Source:                 ddr3.u_axi_wrap_ddr/mig_axi/u_mig_axi_32_mig/u_memc_ui_top_axi/mem_intfc0/ddr_phy_top0/u_ddr_mc_phy_wrapper/u_ddr_mc_phy/ddr_phy_4lanes_0.u_ddr_phy_4lanes/ddr_byte_lane_B.ddr_byte_lane_B/phaser_out/OCLKDELAYED
                            (rising edge-triggered cell PHASER_OUT_PHY clocked by oserdes_clk_1  {rise@0.000ns fall@1.250ns period=2.500ns})
  Destination:            ddr3.u_axi_wrap_ddr/mig_axi/u_mig_axi_32_mig/u_memc_ui_top_axi/mem_intfc0/ddr_phy_top0/u_ddr_mc_phy_wrapper/u_ddr_mc_phy/ddr_phy_4lanes_0.u_ddr_phy_4lanes/ddr_byte_lane_B.ddr_byte_lane_B/ddr_byte_group_io/dqs_gen.oddr_dqsts/D1
                            (rising edge-triggered cell ODDR clocked by oserdes_clk_1  {rise@0.000ns fall@1.250ns period=2.500ns})
  Path Group:             oserdes_clk_1
  Path Type:              Setup (Max at Slow Process Corner)
  Requirement:            2.500ns  (oserdes_clk_1 rise@2.500ns - oserdes_clk_1 rise@0.000ns)
  Data Path Delay:        0.864ns  (logic 0.489ns (56.594%)  route 0.375ns (43.406%))
  Logic Levels:           0  
  Clock Path Skew:        0.327ns (DCD - SCD + CPR)
    Destination Clock Delay (DCD):    9.021ns = ( 11.521 - 2.500 ) 
    Source Clock Delay      (SCD):    9.128ns
    Clock Pessimism Removal (CPR):    0.435ns
  Clock Uncertainty:      0.065ns  ((TSJ^2 + DJ^2)^1/2) / 2 + PE
    Total System Jitter     (TSJ):    0.071ns
    Discrete Jitter          (DJ):    0.109ns
    Phase Error              (PE):    0.000ns

    Location             Delay type                Incr(ns)  Path(ns)    Netlist Resource(s)
  -------------------------------------------------------------------    -------------------
                         (clock oserdes_clk_1 rise edge)
                                                      0.000     0.000 r  
    AC19                                              0.000     0.000 r  clk (IN)
                         net (fo=0)                   0.000     0.000    clk
    AC19                 IBUF (Prop_ibuf_I_O)         1.416     1.416 r  clk_IBUF_inst/O
                         net (fo=1, routed)           2.602     4.018    clk_IBUF
    BUFGCTRL_X0Y0        BUFG (Prop_bufg_I_O)         0.081     4.099 r  clk_IBUF_BUFG_inst/O
                         net (fo=2027, routed)        1.696     5.795    ddr3.u_axi_wrap_ddr/mig_axi/u_mig_axi_32_mig/u_ddr3_infrastructure/mmcm_clk
    PLLE2_ADV_X0Y4       PLLE2_ADV (Prop_plle2_adv_CLKIN1_CLKOUT1)
                                                      0.077     5.872 r  ddr3.u_axi_wrap_ddr/mig_axi/u_mig_axi_32_mig/u_ddr3_infrastructure/plle2_i/CLKOUT1
                         net (fo=7, routed)           0.511     6.383    ddr3.u_axi_wrap_ddr/mig_axi/u_mig_axi_32_mig/u_memc_ui_top_axi/mem_intfc0/ddr_phy_top0/u_ddr_mc_phy_wrapper/u_ddr_mc_phy/ddr_phy_4lanes_0.u_ddr_phy_4lanes/ddr_byte_lane_B.ddr_byte_lane_B/mem_refclk
    PHASER_OUT_PHY_X0Y17 PHASER_OUT_PHY (Prop_phaser_out_phy_MEMREFCLK_OCLK)
                                                      2.083     8.466 r  ddr3.u_axi_wrap_ddr/mig_axi/u_mig_axi_32_mig/u_memc_ui_top_axi/mem_intfc0/ddr_phy_top0/u_ddr_mc_phy_wrapper/u_ddr_mc_phy/ddr_phy_4lanes_0.u_ddr_phy_4lanes/ddr_byte_lane_B.ddr_byte_lane_B/phaser_out/OCLK
    PHASER_OUT_PHY_X0Y17 PHASER_OUT_PHY (Prop_phaser_out_phy_OCLK_OCLKDELAYED)
                                                      0.662     9.128 r  ddr3.u_axi_wrap_ddr/mig_axi/u_mig_axi_32_mig/u_memc_ui_top_axi/mem_intfc0/ddr_phy_top0/u_ddr_mc_phy_wrapper/u_ddr_mc_phy/ddr_phy_4lanes_0.u_ddr_phy_4lanes/ddr_byte_lane_B.ddr_byte_lane_B/phaser_out/OCLKDELAYED
  -------------------------------------------------------------------    -------------------
    PHASER_OUT_PHY_X0Y17 PHASER_OUT_PHY (Prop_phaser_out_phy_OCLKDELAYED_CTSBUS[0])
                                                      0.489     9.617 r  ddr3.u_axi_wrap_ddr/mig_axi/u_mig_axi_32_mig/u_memc_ui_top_axi/mem_intfc0/ddr_phy_top0/u_ddr_mc_phy_wrapper/u_ddr_mc_phy/ddr_phy_4lanes_0.u_ddr_phy_4lanes/ddr_byte_lane_B.ddr_byte_lane_B/phaser_out/CTSBUS[0]
                         net (fo=2, routed)           0.375     9.992    ddr3.u_axi_wrap_ddr/mig_axi/u_mig_axi_32_mig/u_memc_ui_top_axi/mem_intfc0/ddr_phy_top0/u_ddr_mc_phy_wrapper/u_ddr_mc_phy/ddr_phy_4lanes_0.u_ddr_phy_4lanes/ddr_byte_lane_B.ddr_byte_lane_B/ddr_byte_group_io/CTSBUS[0]
    OLOGIC_X0Y220        ODDR                                         r  ddr3.u_axi_wrap_ddr/mig_axi/u_mig_axi_32_mig/u_memc_ui_top_axi/mem_intfc0/ddr_phy_top0/u_ddr_mc_phy_wrapper/u_ddr_mc_phy/ddr_phy_4lanes_0.u_ddr_phy_4lanes/ddr_byte_lane_B.ddr_byte_lane_B/ddr_byte_group_io/dqs_gen.oddr_dqsts/D1
  -------------------------------------------------------------------    -------------------

                         (clock oserdes_clk_1 rise edge)
                                                      2.500     2.500 r  
    AC19                                              0.000     2.500 r  clk (IN)
                         net (fo=0)                   0.000     2.500    clk
    AC19                 IBUF (Prop_ibuf_I_O)         1.350     3.850 r  clk_IBUF_inst/O
                         net (fo=1, routed)           2.471     6.321    clk_IBUF
    BUFGCTRL_X0Y0        BUFG (Prop_bufg_I_O)         0.077     6.398 r  clk_IBUF_BUFG_inst/O
                         net (fo=2027, routed)        1.586     7.984    ddr3.u_axi_wrap_ddr/mig_axi/u_mig_axi_32_mig/u_ddr3_infrastructure/mmcm_clk
    PLLE2_ADV_X0Y4       PLLE2_ADV (Prop_plle2_adv_CLKIN1_CLKOUT1)
                                                      0.073     8.057 r  ddr3.u_axi_wrap_ddr/mig_axi/u_mig_axi_32_mig/u_ddr3_infrastructure/plle2_i/CLKOUT1
                         net (fo=7, routed)           0.486     8.543    ddr3.u_axi_wrap_ddr/mig_axi/u_mig_axi_32_mig/u_memc_ui_top_axi/mem_intfc0/ddr_phy_top0/u_ddr_mc_phy_wrapper/u_ddr_mc_phy/ddr_phy_4lanes_0.u_ddr_phy_4lanes/ddr_byte_lane_B.ddr_byte_lane_B/mem_refclk
    PHASER_OUT_PHY_X0Y17 PHASER_OUT_PHY (Prop_phaser_out_phy_MEMREFCLK_OCLK)
                                                      2.027    10.570 r  ddr3.u_axi_wrap_ddr/mig_axi/u_mig_axi_32_mig/u_memc_ui_top_axi/mem_intfc0/ddr_phy_top0/u_ddr_mc_phy_wrapper/u_ddr_mc_phy/ddr_phy_4lanes_0.u_ddr_phy_4lanes/ddr_byte_lane_B.ddr_byte_lane_B/phaser_out/OCLK
    PHASER_OUT_PHY_X0Y17 PHASER_OUT_PHY (Prop_phaser_out_phy_OCLK_OCLKDELAYED)
                                                      0.624    11.194 r  ddr3.u_axi_wrap_ddr/mig_axi/u_mig_axi_32_mig/u_memc_ui_top_axi/mem_intfc0/ddr_phy_top0/u_ddr_mc_phy_wrapper/u_ddr_mc_phy/ddr_phy_4lanes_0.u_ddr_phy_4lanes/ddr_byte_lane_B.ddr_byte_lane_B/phaser_out/OCLKDELAYED
                         net (fo=2, routed)           0.327    11.521    ddr3.u_axi_wrap_ddr/mig_axi/u_mig_axi_32_mig/u_memc_ui_top_axi/mem_intfc0/ddr_phy_top0/u_ddr_mc_phy_wrapper/u_ddr_mc_phy/ddr_phy_4lanes_0.u_ddr_phy_4lanes/ddr_byte_lane_B.ddr_byte_lane_B/ddr_byte_group_io/oserdes_clk_delayed
    OLOGIC_X0Y220        ODDR                                         r  ddr3.u_axi_wrap_ddr/mig_axi/u_mig_axi_32_mig/u_memc_ui_top_axi/mem_intfc0/ddr_phy_top0/u_ddr_mc_phy_wrapper/u_ddr_mc_phy/ddr_phy_4lanes_0.u_ddr_phy_4lanes/ddr_byte_lane_B.ddr_byte_lane_B/ddr_byte_group_io/dqs_gen.oddr_dqsts/C
                         clock pessimism              0.435    11.955    
                         clock uncertainty           -0.065    11.890    
    OLOGIC_X0Y220        ODDR (Setup_oddr_C_D1)      -0.723    11.167    ddr3.u_axi_wrap_ddr/mig_axi/u_mig_axi_32_mig/u_memc_ui_top_axi/mem_intfc0/ddr_phy_top0/u_ddr_mc_phy_wrapper/u_ddr_mc_phy/ddr_phy_4lanes_0.u_ddr_phy_4lanes/ddr_byte_lane_B.ddr_byte_lane_B/ddr_byte_group_io/dqs_gen.oddr_dqsts
  -------------------------------------------------------------------
                         required time                         11.167    
                         arrival time                          -9.992    
  -------------------------------------------------------------------
                         slack                                  1.175    





Min Delay Paths
--------------------------------------------------------------------------------------
Slack (MET) :             0.413ns  (arrival time - required time)
  Source:                 ddr3.u_axi_wrap_ddr/mig_axi/u_mig_axi_32_mig/u_memc_ui_top_axi/mem_intfc0/ddr_phy_top0/u_ddr_mc_phy_wrapper/u_ddr_mc_phy/ddr_phy_4lanes_0.u_ddr_phy_4lanes/ddr_byte_lane_B.ddr_byte_lane_B/phaser_out/OCLKDELAYED
                            (rising edge-triggered cell PHASER_OUT_PHY clocked by oserdes_clk_1  {rise@0.000ns fall@1.250ns period=2.500ns})
  Destination:            ddr3.u_axi_wrap_ddr/mig_axi/u_mig_axi_32_mig/u_memc_ui_top_axi/mem_intfc0/ddr_phy_top0/u_ddr_mc_phy_wrapper/u_ddr_mc_phy/ddr_phy_4lanes_0.u_ddr_phy_4lanes/ddr_byte_lane_B.ddr_byte_lane_B/ddr_byte_group_io/dqs_gen.oddr_dqs/D2
                            (rising edge-triggered cell ODDR clocked by oserdes_clk_1  {rise@0.000ns fall@1.250ns period=2.500ns})
  Path Group:             oserdes_clk_1
  Path Type:              Hold (Min at Fast Process Corner)
  Requirement:            0.000ns  (oserdes_clk_1 rise@0.000ns - oserdes_clk_1 rise@0.000ns)
  Data Path Delay:        0.493ns  (logic 0.346ns (70.174%)  route 0.147ns (29.826%))
  Logic Levels:           0  
  Clock Path Skew:        0.173ns (DCD - SCD - CPR)
    Destination Clock Delay (DCD):    5.472ns
    Source Clock Delay      (SCD):    4.647ns
    Clock Pessimism Removal (CPR):    0.653ns

    Location             Delay type                Incr(ns)  Path(ns)    Netlist Resource(s)
  -------------------------------------------------------------------    -------------------
                         (clock oserdes_clk_1 rise edge)
                                                      0.000     0.000 r  
    AC19                                              0.000     0.000 r  clk (IN)
                         net (fo=0)                   0.000     0.000    clk
    AC19                 IBUF (Prop_ibuf_I_O)         0.253     0.253 r  clk_IBUF_inst/O
                         net (fo=1, routed)           1.074     1.327    clk_IBUF
    BUFGCTRL_X0Y0        BUFG (Prop_bufg_I_O)         0.026     1.353 r  clk_IBUF_BUFG_inst/O
                         net (fo=2027, routed)        0.701     2.054    ddr3.u_axi_wrap_ddr/mig_axi/u_mig_axi_32_mig/u_ddr3_infrastructure/mmcm_clk
    PLLE2_ADV_X0Y4       PLLE2_ADV (Prop_plle2_adv_CLKIN1_CLKOUT1)
                                                      0.050     2.104 r  ddr3.u_axi_wrap_ddr/mig_axi/u_mig_axi_32_mig/u_ddr3_infrastructure/plle2_i/CLKOUT1
                         net (fo=7, routed)           0.190     2.294    ddr3.u_axi_wrap_ddr/mig_axi/u_mig_axi_32_mig/u_memc_ui_top_axi/mem_intfc0/ddr_phy_top0/u_ddr_mc_phy_wrapper/u_ddr_mc_phy/ddr_phy_4lanes_0.u_ddr_phy_4lanes/ddr_byte_lane_B.ddr_byte_lane_B/mem_refclk
    PHASER_OUT_PHY_X0Y17 PHASER_OUT_PHY (Prop_phaser_out_phy_MEMREFCLK_OCLK)
                                                      1.813     4.107 r  ddr3.u_axi_wrap_ddr/mig_axi/u_mig_axi_32_mig/u_memc_ui_top_axi/mem_intfc0/ddr_phy_top0/u_ddr_mc_phy_wrapper/u_ddr_mc_phy/ddr_phy_4lanes_0.u_ddr_phy_4lanes/ddr_byte_lane_B.ddr_byte_lane_B/phaser_out/OCLK
    PHASER_OUT_PHY_X0Y17 PHASER_OUT_PHY (Prop_phaser_out_phy_OCLK_OCLKDELAYED)
                                                      0.539     4.647 r  ddr3.u_axi_wrap_ddr/mig_axi/u_mig_axi_32_mig/u_memc_ui_top_axi/mem_intfc0/ddr_phy_top0/u_ddr_mc_phy_wrapper/u_ddr_mc_phy/ddr_phy_4lanes_0.u_ddr_phy_4lanes/ddr_byte_lane_B.ddr_byte_lane_B/phaser_out/OCLKDELAYED
  -------------------------------------------------------------------    -------------------
    PHASER_OUT_PHY_X0Y17 PHASER_OUT_PHY (Prop_phaser_out_phy_OCLKDELAYED_DQSBUS[1])
                                                      0.346     4.993 r  ddr3.u_axi_wrap_ddr/mig_axi/u_mig_axi_32_mig/u_memc_ui_top_axi/mem_intfc0/ddr_phy_top0/u_ddr_mc_phy_wrapper/u_ddr_mc_phy/ddr_phy_4lanes_0.u_ddr_phy_4lanes/ddr_byte_lane_B.ddr_byte_lane_B/phaser_out/DQSBUS[1]
                         net (fo=1, routed)           0.147     5.140    ddr3.u_axi_wrap_ddr/mig_axi/u_mig_axi_32_mig/u_memc_ui_top_axi/mem_intfc0/ddr_phy_top0/u_ddr_mc_phy_wrapper/u_ddr_mc_phy/ddr_phy_4lanes_0.u_ddr_phy_4lanes/ddr_byte_lane_B.ddr_byte_lane_B/ddr_byte_group_io/DQSBUS[1]
    OLOGIC_X0Y220        ODDR                                         r  ddr3.u_axi_wrap_ddr/mig_axi/u_mig_axi_32_mig/u_memc_ui_top_axi/mem_intfc0/ddr_phy_top0/u_ddr_mc_phy_wrapper/u_ddr_mc_phy/ddr_phy_4lanes_0.u_ddr_phy_4lanes/ddr_byte_lane_B.ddr_byte_lane_B/ddr_byte_group_io/dqs_gen.oddr_dqs/D2
  -------------------------------------------------------------------    -------------------

                         (clock oserdes_clk_1 rise edge)
                                                      0.000     0.000 r  
    AC19                                              0.000     0.000 r  clk (IN)
                         net (fo=0)                   0.000     0.000    clk
    AC19                 IBUF (Prop_ibuf_I_O)         0.441     0.441 r  clk_IBUF_inst/O
                         net (fo=1, routed)           1.160     1.601    clk_IBUF
    BUFGCTRL_X0Y0        BUFG (Prop_bufg_I_O)         0.029     1.630 r  clk_IBUF_BUFG_inst/O
                         net (fo=2027, routed)        0.976     2.606    ddr3.u_axi_wrap_ddr/mig_axi/u_mig_axi_32_mig/u_ddr3_infrastructure/mmcm_clk
    PLLE2_ADV_X0Y4       PLLE2_ADV (Prop_plle2_adv_CLKIN1_CLKOUT1)
                                                      0.053     2.659 r  ddr3.u_axi_wrap_ddr/mig_axi/u_mig_axi_32_mig/u_ddr3_infrastructure/plle2_i/CLKOUT1
                         net (fo=7, routed)           0.209     2.868    ddr3.u_axi_wrap_ddr/mig_axi/u_mig_axi_32_mig/u_memc_ui_top_axi/mem_intfc0/ddr_phy_top0/u_ddr_mc_phy_wrapper/u_ddr_mc_phy/ddr_phy_4lanes_0.u_ddr_phy_4lanes/ddr_byte_lane_B.ddr_byte_lane_B/mem_refclk
    PHASER_OUT_PHY_X0Y17 PHASER_OUT_PHY (Prop_phaser_out_phy_MEMREFCLK_OCLK)
                                                      1.858     4.726 r  ddr3.u_axi_wrap_ddr/mig_axi/u_mig_axi_32_mig/u_memc_ui_top_axi/mem_intfc0/ddr_phy_top0/u_ddr_mc_phy_wrapper/u_ddr_mc_phy/ddr_phy_4lanes_0.u_ddr_phy_4lanes/ddr_byte_lane_B.ddr_byte_lane_B/phaser_out/OCLK
    PHASER_OUT_PHY_X0Y17 PHASER_OUT_PHY (Prop_phaser_out_phy_OCLK_OCLKDELAYED)
                                                      0.573     5.299 r  ddr3.u_axi_wrap_ddr/mig_axi/u_mig_axi_32_mig/u_memc_ui_top_axi/mem_intfc0/ddr_phy_top0/u_ddr_mc_phy_wrapper/u_ddr_mc_phy/ddr_phy_4lanes_0.u_ddr_phy_4lanes/ddr_byte_lane_B.ddr_byte_lane_B/phaser_out/OCLKDELAYED
                         net (fo=2, routed)           0.173     5.472    ddr3.u_axi_wrap_ddr/mig_axi/u_mig_axi_32_mig/u_memc_ui_top_axi/mem_intfc0/ddr_phy_top0/u_ddr_mc_phy_wrapper/u_ddr_mc_phy/ddr_phy_4lanes_0.u_ddr_phy_4lanes/ddr_byte_lane_B.ddr_byte_lane_B/ddr_byte_group_io/oserdes_clk_delayed
    OLOGIC_X0Y220        ODDR                                         r  ddr3.u_axi_wrap_ddr/mig_axi/u_mig_axi_32_mig/u_memc_ui_top_axi/mem_intfc0/ddr_phy_top0/u_ddr_mc_phy_wrapper/u_ddr_mc_phy/ddr_phy_4lanes_0.u_ddr_phy_4lanes/ddr_byte_lane_B.ddr_byte_lane_B/ddr_byte_group_io/dqs_gen.oddr_dqs/C
                         clock pessimism             -0.653     4.820    
    OLOGIC_X0Y220        ODDR (Hold_oddr_C_D2)       -0.093     4.727    ddr3.u_axi_wrap_ddr/mig_axi/u_mig_axi_32_mig/u_memc_ui_top_axi/mem_intfc0/ddr_phy_top0/u_ddr_mc_phy_wrapper/u_ddr_mc_phy/ddr_phy_4lanes_0.u_ddr_phy_4lanes/ddr_byte_lane_B.ddr_byte_lane_B/ddr_byte_group_io/dqs_gen.oddr_dqs
  -------------------------------------------------------------------
                         required time                         -4.727    
                         arrival time                           5.140    
  -------------------------------------------------------------------
                         slack                                  0.413    





Pulse Width Checks
--------------------------------------------------------------------------------------
Clock Name:         oserdes_clk_1
Waveform(ns):       { 0.000 1.250 }
Period(ns):         2.500
Sources:            { ddr3.u_axi_wrap_ddr/mig_axi/u_mig_axi_32_mig/u_memc_ui_top_axi/mem_intfc0/ddr_phy_top0/u_ddr_mc_phy_wrapper/u_ddr_mc_phy/ddr_phy_4lanes_0.u_ddr_phy_4lanes/ddr_byte_lane_B.ddr_byte_lane_B/phaser_out/OCLK }

Check Type  Corner  Lib Pin  Reference Pin  Required(ns)  Actual(ns)  Slack(ns)  Location       Pin
Min Period  n/a     ODDR/C   n/a            1.474         2.500       1.026      OLOGIC_X0Y220  ddr3.u_axi_wrap_ddr/mig_axi/u_mig_axi_32_mig/u_memc_ui_top_axi/mem_intfc0/ddr_phy_top0/u_ddr_mc_phy_wrapper/u_ddr_mc_phy/ddr_phy_4lanes_0.u_ddr_phy_4lanes/ddr_byte_lane_B.ddr_byte_lane_B/ddr_byte_group_io/dqs_gen.oddr_dqs/C



---------------------------------------------------------------------------------------------------
From Clock:  oserdes_clkdiv_1
  To Clock:  oserdes_clkdiv_1

Setup :            0  Failing Endpoints,  Worst Slack        3.737ns,  Total Violation        0.000ns
Hold  :            0  Failing Endpoints,  Worst Slack        0.091ns,  Total Violation        0.000ns
PW    :            0  Failing Endpoints,  Worst Slack        0.000ns,  Total Violation        0.000ns
---------------------------------------------------------------------------------------------------


Max Delay Paths
--------------------------------------------------------------------------------------
Slack (MET) :             3.737ns  (required time - arrival time)
  Source:                 ddr3.u_axi_wrap_ddr/mig_axi/u_mig_axi_32_mig/u_memc_ui_top_axi/mem_intfc0/ddr_phy_top0/u_ddr_mc_phy_wrapper/u_ddr_mc_phy/ddr_phy_4lanes_0.u_ddr_phy_4lanes/ddr_byte_lane_B.ddr_byte_lane_B/out_fifo/RDCLK
                            (rising edge-triggered cell OUT_FIFO clocked by oserdes_clkdiv_1  {rise@0.000ns fall@2.500ns period=5.000ns})
  Destination:            ddr3.u_axi_wrap_ddr/mig_axi/u_mig_axi_32_mig/u_memc_ui_top_axi/mem_intfc0/ddr_phy_top0/u_ddr_mc_phy_wrapper/u_ddr_mc_phy/ddr_phy_4lanes_0.u_ddr_phy_4lanes/ddr_byte_lane_B.ddr_byte_lane_B/ddr_byte_group_io/output_[6].oserdes_dq_.ddr.oserdes_dq_i/D1
                            (rising edge-triggered cell OSERDESE2 clocked by oserdes_clkdiv_1  {rise@0.000ns fall@2.500ns period=5.000ns})
  Path Group:             oserdes_clkdiv_1
  Path Type:              Setup (Max at Slow Process Corner)
  Requirement:            5.000ns  (oserdes_clkdiv_1 rise@5.000ns - oserdes_clkdiv_1 rise@0.000ns)
  Data Path Delay:        1.079ns  (logic 0.596ns (55.238%)  route 0.483ns (44.762%))
  Logic Levels:           0  
  Clock Path Skew:        0.330ns (DCD - SCD + CPR)
    Destination Clock Delay (DCD):    8.533ns = ( 13.533 - 5.000 ) 
    Source Clock Delay      (SCD):    8.607ns
    Clock Pessimism Removal (CPR):    0.405ns
  Clock Uncertainty:      0.065ns  ((TSJ^2 + DJ^2)^1/2) / 2 + PE
    Total System Jitter     (TSJ):    0.071ns
    Discrete Jitter          (DJ):    0.109ns
    Phase Error              (PE):    0.000ns

    Location             Delay type                Incr(ns)  Path(ns)    Netlist Resource(s)
  -------------------------------------------------------------------    -------------------
                         (clock oserdes_clkdiv_1 rise edge)
                                                      0.000     0.000 r  
    AC19                                              0.000     0.000 r  clk (IN)
                         net (fo=0)                   0.000     0.000    clk
    AC19                 IBUF (Prop_ibuf_I_O)         1.416     1.416 r  clk_IBUF_inst/O
                         net (fo=1, routed)           2.602     4.018    clk_IBUF
    BUFGCTRL_X0Y0        BUFG (Prop_bufg_I_O)         0.081     4.099 r  clk_IBUF_BUFG_inst/O
                         net (fo=2027, routed)        1.696     5.795    ddr3.u_axi_wrap_ddr/mig_axi/u_mig_axi_32_mig/u_ddr3_infrastructure/mmcm_clk
    PLLE2_ADV_X0Y4       PLLE2_ADV (Prop_plle2_adv_CLKIN1_CLKOUT1)
                                                      0.077     5.872 r  ddr3.u_axi_wrap_ddr/mig_axi/u_mig_axi_32_mig/u_ddr3_infrastructure/plle2_i/CLKOUT1
                         net (fo=7, routed)           0.511     6.383    ddr3.u_axi_wrap_ddr/mig_axi/u_mig_axi_32_mig/u_memc_ui_top_axi/mem_intfc0/ddr_phy_top0/u_ddr_mc_phy_wrapper/u_ddr_mc_phy/ddr_phy_4lanes_0.u_ddr_phy_4lanes/ddr_byte_lane_B.ddr_byte_lane_B/mem_refclk
    PHASER_OUT_PHY_X0Y17 PHASER_OUT_PHY (Prop_phaser_out_phy_MEMREFCLK_OCLK)
                                                      2.083     8.466 r  ddr3.u_axi_wrap_ddr/mig_axi/u_mig_axi_32_mig/u_memc_ui_top_axi/mem_intfc0/ddr_phy_top0/u_ddr_mc_phy_wrapper/u_ddr_mc_phy/ddr_phy_4lanes_0.u_ddr_phy_4lanes/ddr_byte_lane_B.ddr_byte_lane_B/phaser_out/OCLK
    PHASER_OUT_PHY_X0Y17 PHASER_OUT_PHY (Prop_phaser_out_phy_OCLK_OCLKDIV)
                                                      0.141     8.607 r  ddr3.u_axi_wrap_ddr/mig_axi/u_mig_axi_32_mig/u_memc_ui_top_axi/mem_intfc0/ddr_phy_top0/u_ddr_mc_phy_wrapper/u_ddr_mc_phy/ddr_phy_4lanes_0.u_ddr_phy_4lanes/ddr_byte_lane_B.ddr_byte_lane_B/phaser_out/OCLKDIV
                         net (fo=11, routed)          0.000     8.607    ddr3.u_axi_wrap_ddr/mig_axi/u_mig_axi_32_mig/u_memc_ui_top_axi/mem_intfc0/ddr_phy_top0/u_ddr_mc_phy_wrapper/u_ddr_mc_phy/ddr_phy_4lanes_0.u_ddr_phy_4lanes/ddr_byte_lane_B.ddr_byte_lane_B/oserdes_clkdiv
    OUT_FIFO_X0Y17       OUT_FIFO                                     r  ddr3.u_axi_wrap_ddr/mig_axi/u_mig_axi_32_mig/u_memc_ui_top_axi/mem_intfc0/ddr_phy_top0/u_ddr_mc_phy_wrapper/u_ddr_mc_phy/ddr_phy_4lanes_0.u_ddr_phy_4lanes/ddr_byte_lane_B.ddr_byte_lane_B/out_fifo/RDCLK
  -------------------------------------------------------------------    -------------------
    OUT_FIFO_X0Y17       OUT_FIFO (Prop_out_fifo_RDCLK_Q6[0])
                                                      0.596     9.203 r  ddr3.u_axi_wrap_ddr/mig_axi/u_mig_axi_32_mig/u_memc_ui_top_axi/mem_intfc0/ddr_phy_top0/u_ddr_mc_phy_wrapper/u_ddr_mc_phy/ddr_phy_4lanes_0.u_ddr_phy_4lanes/ddr_byte_lane_B.ddr_byte_lane_B/out_fifo/Q6[0]
                         net (fo=1, routed)           0.483     9.686    ddr3.u_axi_wrap_ddr/mig_axi/u_mig_axi_32_mig/u_memc_ui_top_axi/mem_intfc0/ddr_phy_top0/u_ddr_mc_phy_wrapper/u_ddr_mc_phy/ddr_phy_4lanes_0.u_ddr_phy_4lanes/ddr_byte_lane_B.ddr_byte_lane_B/ddr_byte_group_io/of_dqbus[20]
    OLOGIC_X0Y221        OSERDESE2                                    r  ddr3.u_axi_wrap_ddr/mig_axi/u_mig_axi_32_mig/u_memc_ui_top_axi/mem_intfc0/ddr_phy_top0/u_ddr_mc_phy_wrapper/u_ddr_mc_phy/ddr_phy_4lanes_0.u_ddr_phy_4lanes/ddr_byte_lane_B.ddr_byte_lane_B/ddr_byte_group_io/output_[6].oserdes_dq_.ddr.oserdes_dq_i/D1
  -------------------------------------------------------------------    -------------------

                         (clock oserdes_clkdiv_1 rise edge)
                                                      5.000     5.000 r  
    AC19                                              0.000     5.000 r  clk (IN)
                         net (fo=0)                   0.000     5.000    clk
    AC19                 IBUF (Prop_ibuf_I_O)         1.350     6.350 r  clk_IBUF_inst/O
                         net (fo=1, routed)           2.471     8.821    clk_IBUF
    BUFGCTRL_X0Y0        BUFG (Prop_bufg_I_O)         0.077     8.898 r  clk_IBUF_BUFG_inst/O
                         net (fo=2027, routed)        1.586    10.484    ddr3.u_axi_wrap_ddr/mig_axi/u_mig_axi_32_mig/u_ddr3_infrastructure/mmcm_clk
    PLLE2_ADV_X0Y4       PLLE2_ADV (Prop_plle2_adv_CLKIN1_CLKOUT1)
                                                      0.073    10.557 r  ddr3.u_axi_wrap_ddr/mig_axi/u_mig_axi_32_mig/u_ddr3_infrastructure/plle2_i/CLKOUT1
                         net (fo=7, routed)           0.486    11.043    ddr3.u_axi_wrap_ddr/mig_axi/u_mig_axi_32_mig/u_memc_ui_top_axi/mem_intfc0/ddr_phy_top0/u_ddr_mc_phy_wrapper/u_ddr_mc_phy/ddr_phy_4lanes_0.u_ddr_phy_4lanes/ddr_byte_lane_B.ddr_byte_lane_B/mem_refclk
    PHASER_OUT_PHY_X0Y17 PHASER_OUT_PHY (Prop_phaser_out_phy_MEMREFCLK_OCLK)
                                                      2.027    13.070 r  ddr3.u_axi_wrap_ddr/mig_axi/u_mig_axi_32_mig/u_memc_ui_top_axi/mem_intfc0/ddr_phy_top0/u_ddr_mc_phy_wrapper/u_ddr_mc_phy/ddr_phy_4lanes_0.u_ddr_phy_4lanes/ddr_byte_lane_B.ddr_byte_lane_B/phaser_out/OCLK
    PHASER_OUT_PHY_X0Y17 PHASER_OUT_PHY (Prop_phaser_out_phy_OCLK_OCLKDIV)
                                                      0.133    13.203 r  ddr3.u_axi_wrap_ddr/mig_axi/u_mig_axi_32_mig/u_memc_ui_top_axi/mem_intfc0/ddr_phy_top0/u_ddr_mc_phy_wrapper/u_ddr_mc_phy/ddr_phy_4lanes_0.u_ddr_phy_4lanes/ddr_byte_lane_B.ddr_byte_lane_B/phaser_out/OCLKDIV
                         net (fo=11, routed)          0.330    13.533    ddr3.u_axi_wrap_ddr/mig_axi/u_mig_axi_32_mig/u_memc_ui_top_axi/mem_intfc0/ddr_phy_top0/u_ddr_mc_phy_wrapper/u_ddr_mc_phy/ddr_phy_4lanes_0.u_ddr_phy_4lanes/ddr_byte_lane_B.ddr_byte_lane_B/ddr_byte_group_io/oserdes_clkdiv
    OLOGIC_X0Y221        OSERDESE2                                    r  ddr3.u_axi_wrap_ddr/mig_axi/u_mig_axi_32_mig/u_memc_ui_top_axi/mem_intfc0/ddr_phy_top0/u_ddr_mc_phy_wrapper/u_ddr_mc_phy/ddr_phy_4lanes_0.u_ddr_phy_4lanes/ddr_byte_lane_B.ddr_byte_lane_B/ddr_byte_group_io/output_[6].oserdes_dq_.ddr.oserdes_dq_i/CLKDIV
                         clock pessimism              0.405    13.937    
                         clock uncertainty           -0.065    13.872    
    OLOGIC_X0Y221        OSERDESE2 (Setup_oserdese2_CLKDIV_D1)
                                                     -0.449    13.423    ddr3.u_axi_wrap_ddr/mig_axi/u_mig_axi_32_mig/u_memc_ui_top_axi/mem_intfc0/ddr_phy_top0/u_ddr_mc_phy_wrapper/u_ddr_mc_phy/ddr_phy_4lanes_0.u_ddr_phy_4lanes/ddr_byte_lane_B.ddr_byte_lane_B/ddr_byte_group_io/output_[6].oserdes_dq_.ddr.oserdes_dq_i
  -------------------------------------------------------------------
                         required time                         13.423    
                         arrival time                          -9.686    
  -------------------------------------------------------------------
                         slack                                  3.737    





Min Delay Paths
--------------------------------------------------------------------------------------
Slack (MET) :             0.091ns  (arrival time - required time)
  Source:                 ddr3.u_axi_wrap_ddr/mig_axi/u_mig_axi_32_mig/u_memc_ui_top_axi/mem_intfc0/ddr_phy_top0/u_ddr_mc_phy_wrapper/u_ddr_mc_phy/ddr_phy_4lanes_0.u_ddr_phy_4lanes/ddr_byte_lane_B.ddr_byte_lane_B/out_fifo/RDCLK
                            (rising edge-triggered cell OUT_FIFO clocked by oserdes_clkdiv_1  {rise@0.000ns fall@2.500ns period=5.000ns})
  Destination:            ddr3.u_axi_wrap_ddr/mig_axi/u_mig_axi_32_mig/u_memc_ui_top_axi/mem_intfc0/ddr_phy_top0/u_ddr_mc_phy_wrapper/u_ddr_mc_phy/ddr_phy_4lanes_0.u_ddr_phy_4lanes/ddr_byte_lane_B.ddr_byte_lane_B/ddr_byte_group_io/output_[2].oserdes_dq_.ddr.oserdes_dq_i/D2
                            (rising edge-triggered cell OSERDESE2 clocked by oserdes_clkdiv_1  {rise@0.000ns fall@2.500ns period=5.000ns})
  Path Group:             oserdes_clkdiv_1
  Path Type:              Hold (Min at Fast Process Corner)
  Requirement:            0.000ns  (oserdes_clkdiv_1 rise@0.000ns - oserdes_clkdiv_1 rise@0.000ns)
  Data Path Delay:        0.285ns  (logic 0.138ns (48.411%)  route 0.147ns (51.589%))
  Logic Levels:           0  
  Clock Path Skew:        0.175ns (DCD - SCD - CPR)
    Destination Clock Delay (DCD):    4.989ns
    Source Clock Delay      (SCD):    4.190ns
    Clock Pessimism Removal (CPR):    0.624ns

    Location             Delay type                Incr(ns)  Path(ns)    Netlist Resource(s)
  -------------------------------------------------------------------    -------------------
                         (clock oserdes_clkdiv_1 rise edge)
                                                      0.000     0.000 r  
    AC19                                              0.000     0.000 r  clk (IN)
                         net (fo=0)                   0.000     0.000    clk
    AC19                 IBUF (Prop_ibuf_I_O)         0.253     0.253 r  clk_IBUF_inst/O
                         net (fo=1, routed)           1.074     1.327    clk_IBUF
    BUFGCTRL_X0Y0        BUFG (Prop_bufg_I_O)         0.026     1.353 r  clk_IBUF_BUFG_inst/O
                         net (fo=2027, routed)        0.701     2.054    ddr3.u_axi_wrap_ddr/mig_axi/u_mig_axi_32_mig/u_ddr3_infrastructure/mmcm_clk
    PLLE2_ADV_X0Y4       PLLE2_ADV (Prop_plle2_adv_CLKIN1_CLKOUT1)
                                                      0.050     2.104 r  ddr3.u_axi_wrap_ddr/mig_axi/u_mig_axi_32_mig/u_ddr3_infrastructure/plle2_i/CLKOUT1
                         net (fo=7, routed)           0.190     2.294    ddr3.u_axi_wrap_ddr/mig_axi/u_mig_axi_32_mig/u_memc_ui_top_axi/mem_intfc0/ddr_phy_top0/u_ddr_mc_phy_wrapper/u_ddr_mc_phy/ddr_phy_4lanes_0.u_ddr_phy_4lanes/ddr_byte_lane_B.ddr_byte_lane_B/mem_refclk
    PHASER_OUT_PHY_X0Y17 PHASER_OUT_PHY (Prop_phaser_out_phy_MEMREFCLK_OCLK)
                                                      1.813     4.107 r  ddr3.u_axi_wrap_ddr/mig_axi/u_mig_axi_32_mig/u_memc_ui_top_axi/mem_intfc0/ddr_phy_top0/u_ddr_mc_phy_wrapper/u_ddr_mc_phy/ddr_phy_4lanes_0.u_ddr_phy_4lanes/ddr_byte_lane_B.ddr_byte_lane_B/phaser_out/OCLK
    PHASER_OUT_PHY_X0Y17 PHASER_OUT_PHY (Prop_phaser_out_phy_OCLK_OCLKDIV)
                                                      0.083     4.190 r  ddr3.u_axi_wrap_ddr/mig_axi/u_mig_axi_32_mig/u_memc_ui_top_axi/mem_intfc0/ddr_phy_top0/u_ddr_mc_phy_wrapper/u_ddr_mc_phy/ddr_phy_4lanes_0.u_ddr_phy_4lanes/ddr_byte_lane_B.ddr_byte_lane_B/phaser_out/OCLKDIV
                         net (fo=11, routed)          0.000     4.190    ddr3.u_axi_wrap_ddr/mig_axi/u_mig_axi_32_mig/u_memc_ui_top_axi/mem_intfc0/ddr_phy_top0/u_ddr_mc_phy_wrapper/u_ddr_mc_phy/ddr_phy_4lanes_0.u_ddr_phy_4lanes/ddr_byte_lane_B.ddr_byte_lane_B/oserdes_clkdiv
    OUT_FIFO_X0Y17       OUT_FIFO                                     r  ddr3.u_axi_wrap_ddr/mig_axi/u_mig_axi_32_mig/u_memc_ui_top_axi/mem_intfc0/ddr_phy_top0/u_ddr_mc_phy_wrapper/u_ddr_mc_phy/ddr_phy_4lanes_0.u_ddr_phy_4lanes/ddr_byte_lane_B.ddr_byte_lane_B/out_fifo/RDCLK
  -------------------------------------------------------------------    -------------------
    OUT_FIFO_X0Y17       OUT_FIFO (Prop_out_fifo_RDCLK_Q2[1])
                                                      0.138     4.328 r  ddr3.u_axi_wrap_ddr/mig_axi/u_mig_axi_32_mig/u_memc_ui_top_axi/mem_intfc0/ddr_phy_top0/u_ddr_mc_phy_wrapper/u_ddr_mc_phy/ddr_phy_4lanes_0.u_ddr_phy_4lanes/ddr_byte_lane_B.ddr_byte_lane_B/out_fifo/Q2[1]
                         net (fo=1, routed)           0.147     4.475    ddr3.u_axi_wrap_ddr/mig_axi/u_mig_axi_32_mig/u_memc_ui_top_axi/mem_intfc0/ddr_phy_top0/u_ddr_mc_phy_wrapper/u_ddr_mc_phy/ddr_phy_4lanes_0.u_ddr_phy_4lanes/ddr_byte_lane_B.ddr_byte_lane_B/ddr_byte_group_io/of_dqbus[5]
    OLOGIC_X0Y215        OSERDESE2                                    r  ddr3.u_axi_wrap_ddr/mig_axi/u_mig_axi_32_mig/u_memc_ui_top_axi/mem_intfc0/ddr_phy_top0/u_ddr_mc_phy_wrapper/u_ddr_mc_phy/ddr_phy_4lanes_0.u_ddr_phy_4lanes/ddr_byte_lane_B.ddr_byte_lane_B/ddr_byte_group_io/output_[2].oserdes_dq_.ddr.oserdes_dq_i/D2
  -------------------------------------------------------------------    -------------------

                         (clock oserdes_clkdiv_1 rise edge)
                                                      0.000     0.000 r  
    AC19                                              0.000     0.000 r  clk (IN)
                         net (fo=0)                   0.000     0.000    clk
    AC19                 IBUF (Prop_ibuf_I_O)         0.441     0.441 r  clk_IBUF_inst/O
                         net (fo=1, routed)           1.160     1.601    clk_IBUF
    BUFGCTRL_X0Y0        BUFG (Prop_bufg_I_O)         0.029     1.630 r  clk_IBUF_BUFG_inst/O
                         net (fo=2027, routed)        0.976     2.606    ddr3.u_axi_wrap_ddr/mig_axi/u_mig_axi_32_mig/u_ddr3_infrastructure/mmcm_clk
    PLLE2_ADV_X0Y4       PLLE2_ADV (Prop_plle2_adv_CLKIN1_CLKOUT1)
                                                      0.053     2.659 r  ddr3.u_axi_wrap_ddr/mig_axi/u_mig_axi_32_mig/u_ddr3_infrastructure/plle2_i/CLKOUT1
                         net (fo=7, routed)           0.209     2.868    ddr3.u_axi_wrap_ddr/mig_axi/u_mig_axi_32_mig/u_memc_ui_top_axi/mem_intfc0/ddr_phy_top0/u_ddr_mc_phy_wrapper/u_ddr_mc_phy/ddr_phy_4lanes_0.u_ddr_phy_4lanes/ddr_byte_lane_B.ddr_byte_lane_B/mem_refclk
    PHASER_OUT_PHY_X0Y17 PHASER_OUT_PHY (Prop_phaser_out_phy_MEMREFCLK_OCLK)
                                                      1.858     4.726 r  ddr3.u_axi_wrap_ddr/mig_axi/u_mig_axi_32_mig/u_memc_ui_top_axi/mem_intfc0/ddr_phy_top0/u_ddr_mc_phy_wrapper/u_ddr_mc_phy/ddr_phy_4lanes_0.u_ddr_phy_4lanes/ddr_byte_lane_B.ddr_byte_lane_B/phaser_out/OCLK
    PHASER_OUT_PHY_X0Y17 PHASER_OUT_PHY (Prop_phaser_out_phy_OCLK_OCLKDIV)
                                                      0.088     4.814 r  ddr3.u_axi_wrap_ddr/mig_axi/u_mig_axi_32_mig/u_memc_ui_top_axi/mem_intfc0/ddr_phy_top0/u_ddr_mc_phy_wrapper/u_ddr_mc_phy/ddr_phy_4lanes_0.u_ddr_phy_4lanes/ddr_byte_lane_B.ddr_byte_lane_B/phaser_out/OCLKDIV
                         net (fo=11, routed)          0.175     4.989    ddr3.u_axi_wrap_ddr/mig_axi/u_mig_axi_32_mig/u_memc_ui_top_axi/mem_intfc0/ddr_phy_top0/u_ddr_mc_phy_wrapper/u_ddr_mc_phy/ddr_phy_4lanes_0.u_ddr_phy_4lanes/ddr_byte_lane_B.ddr_byte_lane_B/ddr_byte_group_io/oserdes_clkdiv
    OLOGIC_X0Y215        OSERDESE2                                    r  ddr3.u_axi_wrap_ddr/mig_axi/u_mig_axi_32_mig/u_memc_ui_top_axi/mem_intfc0/ddr_phy_top0/u_ddr_mc_phy_wrapper/u_ddr_mc_phy/ddr_phy_4lanes_0.u_ddr_phy_4lanes/ddr_byte_lane_B.ddr_byte_lane_B/ddr_byte_group_io/output_[2].oserdes_dq_.ddr.oserdes_dq_i/CLKDIV
                         clock pessimism             -0.624     4.365    
    OLOGIC_X0Y215        OSERDESE2 (Hold_oserdese2_CLKDIV_D2)
                                                      0.019     4.384    ddr3.u_axi_wrap_ddr/mig_axi/u_mig_axi_32_mig/u_memc_ui_top_axi/mem_intfc0/ddr_phy_top0/u_ddr_mc_phy_wrapper/u_ddr_mc_phy/ddr_phy_4lanes_0.u_ddr_phy_4lanes/ddr_byte_lane_B.ddr_byte_lane_B/ddr_byte_group_io/output_[2].oserdes_dq_.ddr.oserdes_dq_i
  -------------------------------------------------------------------
                         required time                         -4.384    
                         arrival time                           4.475    
  -------------------------------------------------------------------
                         slack                                  0.091    





Pulse Width Checks
--------------------------------------------------------------------------------------
Clock Name:         oserdes_clkdiv_1
Waveform(ns):       { 0.000 2.500 }
Period(ns):         5.000
Sources:            { ddr3.u_axi_wrap_ddr/mig_axi/u_mig_axi_32_mig/u_memc_ui_top_axi/mem_intfc0/ddr_phy_top0/u_ddr_mc_phy_wrapper/u_ddr_mc_phy/ddr_phy_4lanes_0.u_ddr_phy_4lanes/ddr_byte_lane_B.ddr_byte_lane_B/phaser_out/OCLKDIV }

Check Type        Corner  Lib Pin         Reference Pin  Required(ns)  Actual(ns)  Slack(ns)  Location        Pin
Min Period        n/a     OUT_FIFO/RDCLK  n/a            5.000         5.000       0.000      OUT_FIFO_X0Y17  ddr3.u_axi_wrap_ddr/mig_axi/u_mig_axi_32_mig/u_memc_ui_top_axi/mem_intfc0/ddr_phy_top0/u_ddr_mc_phy_wrapper/u_ddr_mc_phy/ddr_phy_4lanes_0.u_ddr_phy_4lanes/ddr_byte_lane_B.ddr_byte_lane_B/out_fifo/RDCLK
Low Pulse Width   Slow    OUT_FIFO/RDCLK  n/a            2.150         2.500       0.350      OUT_FIFO_X0Y17  ddr3.u_axi_wrap_ddr/mig_axi/u_mig_axi_32_mig/u_memc_ui_top_axi/mem_intfc0/ddr_phy_top0/u_ddr_mc_phy_wrapper/u_ddr_mc_phy/ddr_phy_4lanes_0.u_ddr_phy_4lanes/ddr_byte_lane_B.ddr_byte_lane_B/out_fifo/RDCLK
High Pulse Width  Slow    OUT_FIFO/RDCLK  n/a            2.150         2.500       0.350      OUT_FIFO_X0Y17  ddr3.u_axi_wrap_ddr/mig_axi/u_mig_axi_32_mig/u_memc_ui_top_axi/mem_intfc0/ddr_phy_top0/u_ddr_mc_phy_wrapper/u_ddr_mc_phy/ddr_phy_4lanes_0.u_ddr_phy_4lanes/ddr_byte_lane_B.ddr_byte_lane_B/out_fifo/RDCLK



---------------------------------------------------------------------------------------------------
From Clock:  oserdes_clk_2
  To Clock:  oserdes_clk_2

Setup :           NA  Failing Endpoints,  Worst Slack           NA  ,  Total Violation           NA
Hold  :           NA  Failing Endpoints,  Worst Slack           NA  ,  Total Violation           NA
PW    :            0  Failing Endpoints,  Worst Slack        1.026ns,  Total Violation        0.000ns
---------------------------------------------------------------------------------------------------


Pulse Width Checks
--------------------------------------------------------------------------------------
Clock Name:         oserdes_clk_2
Waveform(ns):       { 0.000 1.250 }
Period(ns):         2.500
Sources:            { ddr3.u_axi_wrap_ddr/mig_axi/u_mig_axi_32_mig/u_memc_ui_top_axi/mem_intfc0/ddr_phy_top0/u_ddr_mc_phy_wrapper/u_ddr_mc_phy/ddr_phy_4lanes_0.u_ddr_phy_4lanes/ddr_byte_lane_C.ddr_byte_lane_C/phaser_out/OCLK }

Check Type  Corner  Lib Pin  Reference Pin  Required(ns)  Actual(ns)  Slack(ns)  Location       Pin
Min Period  n/a     ODDR/C   n/a            1.474         2.500       1.026      OLOGIC_X0Y226  ddr3.u_axi_wrap_ddr/mig_axi/u_mig_axi_32_mig/u_memc_ui_top_axi/mem_intfc0/ddr_phy_top0/u_ddr_mc_phy_wrapper/u_ddr_mc_phy/ddr_phy_4lanes_0.u_ddr_phy_4lanes/ddr_byte_lane_C.ddr_byte_lane_C/ddr_ck_gen_loop[0].ddr_ck_gen.ddr_ck/C



---------------------------------------------------------------------------------------------------
From Clock:  oserdes_clkdiv_2
  To Clock:  oserdes_clkdiv_2

Setup :            0  Failing Endpoints,  Worst Slack        8.726ns,  Total Violation        0.000ns
Hold  :            0  Failing Endpoints,  Worst Slack        0.089ns,  Total Violation        0.000ns
PW    :            0  Failing Endpoints,  Worst Slack        2.850ns,  Total Violation        0.000ns
---------------------------------------------------------------------------------------------------


Max Delay Paths
--------------------------------------------------------------------------------------
Slack (MET) :             8.726ns  (required time - arrival time)
  Source:                 ddr3.u_axi_wrap_ddr/mig_axi/u_mig_axi_32_mig/u_memc_ui_top_axi/mem_intfc0/ddr_phy_top0/u_ddr_mc_phy_wrapper/u_ddr_mc_phy/ddr_phy_4lanes_0.u_ddr_phy_4lanes/ddr_byte_lane_C.ddr_byte_lane_C/out_fifo/RDCLK
                            (rising edge-triggered cell OUT_FIFO clocked by oserdes_clkdiv_2  {rise@0.000ns fall@5.000ns period=10.000ns})
  Destination:            ddr3.u_axi_wrap_ddr/mig_axi/u_mig_axi_32_mig/u_memc_ui_top_axi/mem_intfc0/ddr_phy_top0/u_ddr_mc_phy_wrapper/u_ddr_mc_phy/ddr_phy_4lanes_0.u_ddr_phy_4lanes/ddr_byte_lane_C.ddr_byte_lane_C/ddr_byte_group_io/output_[2].oserdes_dq_.sdr.oserdes_dq_i/D1
                            (rising edge-triggered cell OSERDESE2 clocked by oserdes_clkdiv_2  {rise@0.000ns fall@5.000ns period=10.000ns})
  Path Group:             oserdes_clkdiv_2
  Path Type:              Setup (Max at Slow Process Corner)
  Requirement:            10.000ns  (oserdes_clkdiv_2 rise@10.000ns - oserdes_clkdiv_2 rise@0.000ns)
  Data Path Delay:        1.098ns  (logic 0.596ns (54.305%)  route 0.502ns (45.695%))
  Logic Levels:           0  
  Clock Path Skew:        0.338ns (DCD - SCD + CPR)
    Destination Clock Delay (DCD):    8.551ns = ( 18.551 - 10.000 ) 
    Source Clock Delay      (SCD):    8.618ns
    Clock Pessimism Removal (CPR):    0.406ns
  Clock Uncertainty:      0.065ns  ((TSJ^2 + DJ^2)^1/2) / 2 + PE
    Total System Jitter     (TSJ):    0.071ns
    Discrete Jitter          (DJ):    0.109ns
    Phase Error              (PE):    0.000ns

    Location             Delay type                Incr(ns)  Path(ns)    Netlist Resource(s)
  -------------------------------------------------------------------    -------------------
                         (clock oserdes_clkdiv_2 rise edge)
                                                      0.000     0.000 r  
    AC19                                              0.000     0.000 r  clk (IN)
                         net (fo=0)                   0.000     0.000    clk
    AC19                 IBUF (Prop_ibuf_I_O)         1.416     1.416 r  clk_IBUF_inst/O
                         net (fo=1, routed)           2.602     4.018    clk_IBUF
    BUFGCTRL_X0Y0        BUFG (Prop_bufg_I_O)         0.081     4.099 r  clk_IBUF_BUFG_inst/O
                         net (fo=2027, routed)        1.696     5.795    ddr3.u_axi_wrap_ddr/mig_axi/u_mig_axi_32_mig/u_ddr3_infrastructure/mmcm_clk
    PLLE2_ADV_X0Y4       PLLE2_ADV (Prop_plle2_adv_CLKIN1_CLKOUT1)
                                                      0.077     5.872 r  ddr3.u_axi_wrap_ddr/mig_axi/u_mig_axi_32_mig/u_ddr3_infrastructure/plle2_i/CLKOUT1
                         net (fo=7, routed)           0.522     6.394    ddr3.u_axi_wrap_ddr/mig_axi/u_mig_axi_32_mig/u_memc_ui_top_axi/mem_intfc0/ddr_phy_top0/u_ddr_mc_phy_wrapper/u_ddr_mc_phy/ddr_phy_4lanes_0.u_ddr_phy_4lanes/ddr_byte_lane_C.ddr_byte_lane_C/mem_refclk
    PHASER_OUT_PHY_X0Y18 PHASER_OUT_PHY (Prop_phaser_out_phy_MEMREFCLK_OCLK)
                                                      2.083     8.477 r  ddr3.u_axi_wrap_ddr/mig_axi/u_mig_axi_32_mig/u_memc_ui_top_axi/mem_intfc0/ddr_phy_top0/u_ddr_mc_phy_wrapper/u_ddr_mc_phy/ddr_phy_4lanes_0.u_ddr_phy_4lanes/ddr_byte_lane_C.ddr_byte_lane_C/phaser_out/OCLK
    PHASER_OUT_PHY_X0Y18 PHASER_OUT_PHY (Prop_phaser_out_phy_OCLK_OCLKDIV)
                                                      0.141     8.618 r  ddr3.u_axi_wrap_ddr/mig_axi/u_mig_axi_32_mig/u_memc_ui_top_axi/mem_intfc0/ddr_phy_top0/u_ddr_mc_phy_wrapper/u_ddr_mc_phy/ddr_phy_4lanes_0.u_ddr_phy_4lanes/ddr_byte_lane_C.ddr_byte_lane_C/phaser_out/OCLKDIV
                         net (fo=10, routed)          0.000     8.618    ddr3.u_axi_wrap_ddr/mig_axi/u_mig_axi_32_mig/u_memc_ui_top_axi/mem_intfc0/ddr_phy_top0/u_ddr_mc_phy_wrapper/u_ddr_mc_phy/ddr_phy_4lanes_0.u_ddr_phy_4lanes/ddr_byte_lane_C.ddr_byte_lane_C/oserdes_clkdiv
    OUT_FIFO_X0Y18       OUT_FIFO                                     r  ddr3.u_axi_wrap_ddr/mig_axi/u_mig_axi_32_mig/u_memc_ui_top_axi/mem_intfc0/ddr_phy_top0/u_ddr_mc_phy_wrapper/u_ddr_mc_phy/ddr_phy_4lanes_0.u_ddr_phy_4lanes/ddr_byte_lane_C.ddr_byte_lane_C/out_fifo/RDCLK
  -------------------------------------------------------------------    -------------------
    OUT_FIFO_X0Y18       OUT_FIFO (Prop_out_fifo_RDCLK_Q2[0])
                                                      0.596     9.214 r  ddr3.u_axi_wrap_ddr/mig_axi/u_mig_axi_32_mig/u_memc_ui_top_axi/mem_intfc0/ddr_phy_top0/u_ddr_mc_phy_wrapper/u_ddr_mc_phy/ddr_phy_4lanes_0.u_ddr_phy_4lanes/ddr_byte_lane_C.ddr_byte_lane_C/out_fifo/Q2[0]
                         net (fo=1, routed)           0.502     9.716    ddr3.u_axi_wrap_ddr/mig_axi/u_mig_axi_32_mig/u_memc_ui_top_axi/mem_intfc0/ddr_phy_top0/u_ddr_mc_phy_wrapper/u_ddr_mc_phy/ddr_phy_4lanes_0.u_ddr_phy_4lanes/ddr_byte_lane_C.ddr_byte_lane_C/ddr_byte_group_io/oserdes_dq[0]
    OLOGIC_X0Y227        OSERDESE2                                    r  ddr3.u_axi_wrap_ddr/mig_axi/u_mig_axi_32_mig/u_memc_ui_top_axi/mem_intfc0/ddr_phy_top0/u_ddr_mc_phy_wrapper/u_ddr_mc_phy/ddr_phy_4lanes_0.u_ddr_phy_4lanes/ddr_byte_lane_C.ddr_byte_lane_C/ddr_byte_group_io/output_[2].oserdes_dq_.sdr.oserdes_dq_i/D1
  -------------------------------------------------------------------    -------------------

                         (clock oserdes_clkdiv_2 rise edge)
                                                     10.000    10.000 r  
    AC19                                              0.000    10.000 r  clk (IN)
                         net (fo=0)                   0.000    10.000    clk
    AC19                 IBUF (Prop_ibuf_I_O)         1.350    11.350 r  clk_IBUF_inst/O
                         net (fo=1, routed)           2.471    13.821    clk_IBUF
    BUFGCTRL_X0Y0        BUFG (Prop_bufg_I_O)         0.077    13.898 r  clk_IBUF_BUFG_inst/O
                         net (fo=2027, routed)        1.586    15.484    ddr3.u_axi_wrap_ddr/mig_axi/u_mig_axi_32_mig/u_ddr3_infrastructure/mmcm_clk
    PLLE2_ADV_X0Y4       PLLE2_ADV (Prop_plle2_adv_CLKIN1_CLKOUT1)
                                                      0.073    15.557 r  ddr3.u_axi_wrap_ddr/mig_axi/u_mig_axi_32_mig/u_ddr3_infrastructure/plle2_i/CLKOUT1
                         net (fo=7, routed)           0.496    16.053    ddr3.u_axi_wrap_ddr/mig_axi/u_mig_axi_32_mig/u_memc_ui_top_axi/mem_intfc0/ddr_phy_top0/u_ddr_mc_phy_wrapper/u_ddr_mc_phy/ddr_phy_4lanes_0.u_ddr_phy_4lanes/ddr_byte_lane_C.ddr_byte_lane_C/mem_refclk
    PHASER_OUT_PHY_X0Y18 PHASER_OUT_PHY (Prop_phaser_out_phy_MEMREFCLK_OCLK)
                                                      2.027    18.080 r  ddr3.u_axi_wrap_ddr/mig_axi/u_mig_axi_32_mig/u_memc_ui_top_axi/mem_intfc0/ddr_phy_top0/u_ddr_mc_phy_wrapper/u_ddr_mc_phy/ddr_phy_4lanes_0.u_ddr_phy_4lanes/ddr_byte_lane_C.ddr_byte_lane_C/phaser_out/OCLK
    PHASER_OUT_PHY_X0Y18 PHASER_OUT_PHY (Prop_phaser_out_phy_OCLK_OCLKDIV)
                                                      0.133    18.213 r  ddr3.u_axi_wrap_ddr/mig_axi/u_mig_axi_32_mig/u_memc_ui_top_axi/mem_intfc0/ddr_phy_top0/u_ddr_mc_phy_wrapper/u_ddr_mc_phy/ddr_phy_4lanes_0.u_ddr_phy_4lanes/ddr_byte_lane_C.ddr_byte_lane_C/phaser_out/OCLKDIV
                         net (fo=10, routed)          0.338    18.551    ddr3.u_axi_wrap_ddr/mig_axi/u_mig_axi_32_mig/u_memc_ui_top_axi/mem_intfc0/ddr_phy_top0/u_ddr_mc_phy_wrapper/u_ddr_mc_phy/ddr_phy_4lanes_0.u_ddr_phy_4lanes/ddr_byte_lane_C.ddr_byte_lane_C/ddr_byte_group_io/oserdes_clkdiv
    OLOGIC_X0Y227        OSERDESE2                                    r  ddr3.u_axi_wrap_ddr/mig_axi/u_mig_axi_32_mig/u_memc_ui_top_axi/mem_intfc0/ddr_phy_top0/u_ddr_mc_phy_wrapper/u_ddr_mc_phy/ddr_phy_4lanes_0.u_ddr_phy_4lanes/ddr_byte_lane_C.ddr_byte_lane_C/ddr_byte_group_io/output_[2].oserdes_dq_.sdr.oserdes_dq_i/CLKDIV
                         clock pessimism              0.406    18.956    
                         clock uncertainty           -0.065    18.891    
    OLOGIC_X0Y227        OSERDESE2 (Setup_oserdese2_CLKDIV_D1)
                                                     -0.449    18.442    ddr3.u_axi_wrap_ddr/mig_axi/u_mig_axi_32_mig/u_memc_ui_top_axi/mem_intfc0/ddr_phy_top0/u_ddr_mc_phy_wrapper/u_ddr_mc_phy/ddr_phy_4lanes_0.u_ddr_phy_4lanes/ddr_byte_lane_C.ddr_byte_lane_C/ddr_byte_group_io/output_[2].oserdes_dq_.sdr.oserdes_dq_i
  -------------------------------------------------------------------
                         required time                         18.442    
                         arrival time                          -9.716    
  -------------------------------------------------------------------
                         slack                                  8.726    





Min Delay Paths
--------------------------------------------------------------------------------------
Slack (MET) :             0.089ns  (arrival time - required time)
  Source:                 ddr3.u_axi_wrap_ddr/mig_axi/u_mig_axi_32_mig/u_memc_ui_top_axi/mem_intfc0/ddr_phy_top0/u_ddr_mc_phy_wrapper/u_ddr_mc_phy/ddr_phy_4lanes_0.u_ddr_phy_4lanes/ddr_byte_lane_C.ddr_byte_lane_C/out_fifo/RDCLK
                            (rising edge-triggered cell OUT_FIFO clocked by oserdes_clkdiv_2  {rise@0.000ns fall@5.000ns period=10.000ns})
  Destination:            ddr3.u_axi_wrap_ddr/mig_axi/u_mig_axi_32_mig/u_memc_ui_top_axi/mem_intfc0/ddr_phy_top0/u_ddr_mc_phy_wrapper/u_ddr_mc_phy/ddr_phy_4lanes_0.u_ddr_phy_4lanes/ddr_byte_lane_C.ddr_byte_lane_C/ddr_byte_group_io/output_[2].oserdes_dq_.sdr.oserdes_dq_i/D2
                            (rising edge-triggered cell OSERDESE2 clocked by oserdes_clkdiv_2  {rise@0.000ns fall@5.000ns period=10.000ns})
  Path Group:             oserdes_clkdiv_2
  Path Type:              Hold (Min at Fast Process Corner)
  Requirement:            0.000ns  (oserdes_clkdiv_2 rise@0.000ns - oserdes_clkdiv_2 rise@0.000ns)
  Data Path Delay:        0.285ns  (logic 0.138ns (48.411%)  route 0.147ns (51.589%))
  Logic Levels:           0  
  Clock Path Skew:        0.177ns (DCD - SCD - CPR)
    Destination Clock Delay (DCD):    5.000ns
    Source Clock Delay      (SCD):    4.197ns
    Clock Pessimism Removal (CPR):    0.626ns

    Location             Delay type                Incr(ns)  Path(ns)    Netlist Resource(s)
  -------------------------------------------------------------------    -------------------
                         (clock oserdes_clkdiv_2 rise edge)
                                                      0.000     0.000 r  
    AC19                                              0.000     0.000 r  clk (IN)
                         net (fo=0)                   0.000     0.000    clk
    AC19                 IBUF (Prop_ibuf_I_O)         0.253     0.253 r  clk_IBUF_inst/O
                         net (fo=1, routed)           1.074     1.327    clk_IBUF
    BUFGCTRL_X0Y0        BUFG (Prop_bufg_I_O)         0.026     1.353 r  clk_IBUF_BUFG_inst/O
                         net (fo=2027, routed)        0.701     2.054    ddr3.u_axi_wrap_ddr/mig_axi/u_mig_axi_32_mig/u_ddr3_infrastructure/mmcm_clk
    PLLE2_ADV_X0Y4       PLLE2_ADV (Prop_plle2_adv_CLKIN1_CLKOUT1)
                                                      0.050     2.104 r  ddr3.u_axi_wrap_ddr/mig_axi/u_mig_axi_32_mig/u_ddr3_infrastructure/plle2_i/CLKOUT1
                         net (fo=7, routed)           0.197     2.301    ddr3.u_axi_wrap_ddr/mig_axi/u_mig_axi_32_mig/u_memc_ui_top_axi/mem_intfc0/ddr_phy_top0/u_ddr_mc_phy_wrapper/u_ddr_mc_phy/ddr_phy_4lanes_0.u_ddr_phy_4lanes/ddr_byte_lane_C.ddr_byte_lane_C/mem_refclk
    PHASER_OUT_PHY_X0Y18 PHASER_OUT_PHY (Prop_phaser_out_phy_MEMREFCLK_OCLK)
                                                      1.813     4.114 r  ddr3.u_axi_wrap_ddr/mig_axi/u_mig_axi_32_mig/u_memc_ui_top_axi/mem_intfc0/ddr_phy_top0/u_ddr_mc_phy_wrapper/u_ddr_mc_phy/ddr_phy_4lanes_0.u_ddr_phy_4lanes/ddr_byte_lane_C.ddr_byte_lane_C/phaser_out/OCLK
    PHASER_OUT_PHY_X0Y18 PHASER_OUT_PHY (Prop_phaser_out_phy_OCLK_OCLKDIV)
                                                      0.083     4.197 r  ddr3.u_axi_wrap_ddr/mig_axi/u_mig_axi_32_mig/u_memc_ui_top_axi/mem_intfc0/ddr_phy_top0/u_ddr_mc_phy_wrapper/u_ddr_mc_phy/ddr_phy_4lanes_0.u_ddr_phy_4lanes/ddr_byte_lane_C.ddr_byte_lane_C/phaser_out/OCLKDIV
                         net (fo=10, routed)          0.000     4.197    ddr3.u_axi_wrap_ddr/mig_axi/u_mig_axi_32_mig/u_memc_ui_top_axi/mem_intfc0/ddr_phy_top0/u_ddr_mc_phy_wrapper/u_ddr_mc_phy/ddr_phy_4lanes_0.u_ddr_phy_4lanes/ddr_byte_lane_C.ddr_byte_lane_C/oserdes_clkdiv
    OUT_FIFO_X0Y18       OUT_FIFO                                     r  ddr3.u_axi_wrap_ddr/mig_axi/u_mig_axi_32_mig/u_memc_ui_top_axi/mem_intfc0/ddr_phy_top0/u_ddr_mc_phy_wrapper/u_ddr_mc_phy/ddr_phy_4lanes_0.u_ddr_phy_4lanes/ddr_byte_lane_C.ddr_byte_lane_C/out_fifo/RDCLK
  -------------------------------------------------------------------    -------------------
    OUT_FIFO_X0Y18       OUT_FIFO (Prop_out_fifo_RDCLK_Q2[1])
                                                      0.138     4.335 r  ddr3.u_axi_wrap_ddr/mig_axi/u_mig_axi_32_mig/u_memc_ui_top_axi/mem_intfc0/ddr_phy_top0/u_ddr_mc_phy_wrapper/u_ddr_mc_phy/ddr_phy_4lanes_0.u_ddr_phy_4lanes/ddr_byte_lane_C.ddr_byte_lane_C/out_fifo/Q2[1]
                         net (fo=1, routed)           0.147     4.482    ddr3.u_axi_wrap_ddr/mig_axi/u_mig_axi_32_mig/u_memc_ui_top_axi/mem_intfc0/ddr_phy_top0/u_ddr_mc_phy_wrapper/u_ddr_mc_phy/ddr_phy_4lanes_0.u_ddr_phy_4lanes/ddr_byte_lane_C.ddr_byte_lane_C/ddr_byte_group_io/oserdes_dq[1]
    OLOGIC_X0Y227        OSERDESE2                                    r  ddr3.u_axi_wrap_ddr/mig_axi/u_mig_axi_32_mig/u_memc_ui_top_axi/mem_intfc0/ddr_phy_top0/u_ddr_mc_phy_wrapper/u_ddr_mc_phy/ddr_phy_4lanes_0.u_ddr_phy_4lanes/ddr_byte_lane_C.ddr_byte_lane_C/ddr_byte_group_io/output_[2].oserdes_dq_.sdr.oserdes_dq_i/D2
  -------------------------------------------------------------------    -------------------

                         (clock oserdes_clkdiv_2 rise edge)
                                                      0.000     0.000 r  
    AC19                                              0.000     0.000 r  clk (IN)
                         net (fo=0)                   0.000     0.000    clk
    AC19                 IBUF (Prop_ibuf_I_O)         0.441     0.441 r  clk_IBUF_inst/O
                         net (fo=1, routed)           1.160     1.601    clk_IBUF
    BUFGCTRL_X0Y0        BUFG (Prop_bufg_I_O)         0.029     1.630 r  clk_IBUF_BUFG_inst/O
                         net (fo=2027, routed)        0.976     2.606    ddr3.u_axi_wrap_ddr/mig_axi/u_mig_axi_32_mig/u_ddr3_infrastructure/mmcm_clk
    PLLE2_ADV_X0Y4       PLLE2_ADV (Prop_plle2_adv_CLKIN1_CLKOUT1)
                                                      0.053     2.659 r  ddr3.u_axi_wrap_ddr/mig_axi/u_mig_axi_32_mig/u_ddr3_infrastructure/plle2_i/CLKOUT1
                         net (fo=7, routed)           0.218     2.877    ddr3.u_axi_wrap_ddr/mig_axi/u_mig_axi_32_mig/u_memc_ui_top_axi/mem_intfc0/ddr_phy_top0/u_ddr_mc_phy_wrapper/u_ddr_mc_phy/ddr_phy_4lanes_0.u_ddr_phy_4lanes/ddr_byte_lane_C.ddr_byte_lane_C/mem_refclk
    PHASER_OUT_PHY_X0Y18 PHASER_OUT_PHY (Prop_phaser_out_phy_MEMREFCLK_OCLK)
                                                      1.858     4.735 r  ddr3.u_axi_wrap_ddr/mig_axi/u_mig_axi_32_mig/u_memc_ui_top_axi/mem_intfc0/ddr_phy_top0/u_ddr_mc_phy_wrapper/u_ddr_mc_phy/ddr_phy_4lanes_0.u_ddr_phy_4lanes/ddr_byte_lane_C.ddr_byte_lane_C/phaser_out/OCLK
    PHASER_OUT_PHY_X0Y18 PHASER_OUT_PHY (Prop_phaser_out_phy_OCLK_OCLKDIV)
                                                      0.088     4.823 r  ddr3.u_axi_wrap_ddr/mig_axi/u_mig_axi_32_mig/u_memc_ui_top_axi/mem_intfc0/ddr_phy_top0/u_ddr_mc_phy_wrapper/u_ddr_mc_phy/ddr_phy_4lanes_0.u_ddr_phy_4lanes/ddr_byte_lane_C.ddr_byte_lane_C/phaser_out/OCLKDIV
                         net (fo=10, routed)          0.177     5.000    ddr3.u_axi_wrap_ddr/mig_axi/u_mig_axi_32_mig/u_memc_ui_top_axi/mem_intfc0/ddr_phy_top0/u_ddr_mc_phy_wrapper/u_ddr_mc_phy/ddr_phy_4lanes_0.u_ddr_phy_4lanes/ddr_byte_lane_C.ddr_byte_lane_C/ddr_byte_group_io/oserdes_clkdiv
    OLOGIC_X0Y227        OSERDESE2                                    r  ddr3.u_axi_wrap_ddr/mig_axi/u_mig_axi_32_mig/u_memc_ui_top_axi/mem_intfc0/ddr_phy_top0/u_ddr_mc_phy_wrapper/u_ddr_mc_phy/ddr_phy_4lanes_0.u_ddr_phy_4lanes/ddr_byte_lane_C.ddr_byte_lane_C/ddr_byte_group_io/output_[2].oserdes_dq_.sdr.oserdes_dq_i/CLKDIV
                         clock pessimism             -0.626     4.374    
    OLOGIC_X0Y227        OSERDESE2 (Hold_oserdese2_CLKDIV_D2)
                                                      0.019     4.393    ddr3.u_axi_wrap_ddr/mig_axi/u_mig_axi_32_mig/u_memc_ui_top_axi/mem_intfc0/ddr_phy_top0/u_ddr_mc_phy_wrapper/u_ddr_mc_phy/ddr_phy_4lanes_0.u_ddr_phy_4lanes/ddr_byte_lane_C.ddr_byte_lane_C/ddr_byte_group_io/output_[2].oserdes_dq_.sdr.oserdes_dq_i
  -------------------------------------------------------------------
                         required time                         -4.393    
                         arrival time                           4.482    
  -------------------------------------------------------------------
                         slack                                  0.089    





Pulse Width Checks
--------------------------------------------------------------------------------------
Clock Name:         oserdes_clkdiv_2
Waveform(ns):       { 0.000 5.000 }
Period(ns):         10.000
Sources:            { ddr3.u_axi_wrap_ddr/mig_axi/u_mig_axi_32_mig/u_memc_ui_top_axi/mem_intfc0/ddr_phy_top0/u_ddr_mc_phy_wrapper/u_ddr_mc_phy/ddr_phy_4lanes_0.u_ddr_phy_4lanes/ddr_byte_lane_C.ddr_byte_lane_C/phaser_out/OCLKDIV }

Check Type        Corner  Lib Pin         Reference Pin  Required(ns)  Actual(ns)  Slack(ns)  Location        Pin
Min Period        n/a     OUT_FIFO/RDCLK  n/a            5.000         10.000      5.000      OUT_FIFO_X0Y18  ddr3.u_axi_wrap_ddr/mig_axi/u_mig_axi_32_mig/u_memc_ui_top_axi/mem_intfc0/ddr_phy_top0/u_ddr_mc_phy_wrapper/u_ddr_mc_phy/ddr_phy_4lanes_0.u_ddr_phy_4lanes/ddr_byte_lane_C.ddr_byte_lane_C/out_fifo/RDCLK
Low Pulse Width   Slow    OUT_FIFO/RDCLK  n/a            2.150         5.000       2.850      OUT_FIFO_X0Y18  ddr3.u_axi_wrap_ddr/mig_axi/u_mig_axi_32_mig/u_memc_ui_top_axi/mem_intfc0/ddr_phy_top0/u_ddr_mc_phy_wrapper/u_ddr_mc_phy/ddr_phy_4lanes_0.u_ddr_phy_4lanes/ddr_byte_lane_C.ddr_byte_lane_C/out_fifo/RDCLK
High Pulse Width  Slow    OUT_FIFO/RDCLK  n/a            2.150         5.000       2.850      OUT_FIFO_X0Y18  ddr3.u_axi_wrap_ddr/mig_axi/u_mig_axi_32_mig/u_memc_ui_top_axi/mem_intfc0/ddr_phy_top0/u_ddr_mc_phy_wrapper/u_ddr_mc_phy/ddr_phy_4lanes_0.u_ddr_phy_4lanes/ddr_byte_lane_C.ddr_byte_lane_C/out_fifo/RDCLK



---------------------------------------------------------------------------------------------------
From Clock:  oserdes_clk_3
  To Clock:  oserdes_clk_3

Setup :           NA  Failing Endpoints,  Worst Slack           NA  ,  Total Violation           NA
Hold  :           NA  Failing Endpoints,  Worst Slack           NA  ,  Total Violation           NA
PW    :            0  Failing Endpoints,  Worst Slack        1.029ns,  Total Violation        0.000ns
---------------------------------------------------------------------------------------------------


Pulse Width Checks
--------------------------------------------------------------------------------------
Clock Name:         oserdes_clk_3
Waveform(ns):       { 0.000 1.250 }
Period(ns):         2.500
Sources:            { ddr3.u_axi_wrap_ddr/mig_axi/u_mig_axi_32_mig/u_memc_ui_top_axi/mem_intfc0/ddr_phy_top0/u_ddr_mc_phy_wrapper/u_ddr_mc_phy/ddr_phy_4lanes_0.u_ddr_phy_4lanes/ddr_byte_lane_D.ddr_byte_lane_D/phaser_out/OCLK }

Check Type  Corner  Lib Pin        Reference Pin  Required(ns)  Actual(ns)  Slack(ns)  Location       Pin
Min Period  n/a     OSERDESE2/CLK  n/a            1.471         2.500       1.029      OLOGIC_X0Y237  ddr3.u_axi_wrap_ddr/mig_axi/u_mig_axi_32_mig/u_memc_ui_top_axi/mem_intfc0/ddr_phy_top0/u_ddr_mc_phy_wrapper/u_ddr_mc_phy/ddr_phy_4lanes_0.u_ddr_phy_4lanes/ddr_byte_lane_D.ddr_byte_lane_D/ddr_byte_group_io/output_[0].oserdes_dq_.sdr.oserdes_dq_i/CLK



---------------------------------------------------------------------------------------------------
From Clock:  oserdes_clkdiv_3
  To Clock:  oserdes_clkdiv_3

Setup :            0  Failing Endpoints,  Worst Slack        8.740ns,  Total Violation        0.000ns
Hold  :            0  Failing Endpoints,  Worst Slack        0.083ns,  Total Violation        0.000ns
PW    :            0  Failing Endpoints,  Worst Slack        2.850ns,  Total Violation        0.000ns
---------------------------------------------------------------------------------------------------


Max Delay Paths
--------------------------------------------------------------------------------------
Slack (MET) :             8.740ns  (required time - arrival time)
  Source:                 ddr3.u_axi_wrap_ddr/mig_axi/u_mig_axi_32_mig/u_memc_ui_top_axi/mem_intfc0/ddr_phy_top0/u_ddr_mc_phy_wrapper/u_ddr_mc_phy/ddr_phy_4lanes_0.u_ddr_phy_4lanes/ddr_byte_lane_D.ddr_byte_lane_D/out_fifo/RDCLK
                            (rising edge-triggered cell OUT_FIFO clocked by oserdes_clkdiv_3  {rise@0.000ns fall@5.000ns period=10.000ns})
  Destination:            ddr3.u_axi_wrap_ddr/mig_axi/u_mig_axi_32_mig/u_memc_ui_top_axi/mem_intfc0/ddr_phy_top0/u_ddr_mc_phy_wrapper/u_ddr_mc_phy/ddr_phy_4lanes_0.u_ddr_phy_4lanes/ddr_byte_lane_D.ddr_byte_lane_D/ddr_byte_group_io/output_[0].oserdes_dq_.sdr.oserdes_dq_i/D1
                            (rising edge-triggered cell OSERDESE2 clocked by oserdes_clkdiv_3  {rise@0.000ns fall@5.000ns period=10.000ns})
  Path Group:             oserdes_clkdiv_3
  Path Type:              Setup (Max at Slow Process Corner)
  Requirement:            10.000ns  (oserdes_clkdiv_3 rise@10.000ns - oserdes_clkdiv_3 rise@0.000ns)
  Data Path Delay:        1.098ns  (logic 0.596ns (54.305%)  route 0.502ns (45.695%))
  Logic Levels:           0  
  Clock Path Skew:        0.352ns (DCD - SCD + CPR)
    Destination Clock Delay (DCD):    8.555ns = ( 18.555 - 10.000 ) 
    Source Clock Delay      (SCD):    8.607ns
    Clock Pessimism Removal (CPR):    0.405ns
  Clock Uncertainty:      0.065ns  ((TSJ^2 + DJ^2)^1/2) / 2 + PE
    Total System Jitter     (TSJ):    0.071ns
    Discrete Jitter          (DJ):    0.109ns
    Phase Error              (PE):    0.000ns

    Location             Delay type                Incr(ns)  Path(ns)    Netlist Resource(s)
  -------------------------------------------------------------------    -------------------
                         (clock oserdes_clkdiv_3 rise edge)
                                                      0.000     0.000 r  
    AC19                                              0.000     0.000 r  clk (IN)
                         net (fo=0)                   0.000     0.000    clk
    AC19                 IBUF (Prop_ibuf_I_O)         1.416     1.416 r  clk_IBUF_inst/O
                         net (fo=1, routed)           2.602     4.018    clk_IBUF
    BUFGCTRL_X0Y0        BUFG (Prop_bufg_I_O)         0.081     4.099 r  clk_IBUF_BUFG_inst/O
                         net (fo=2027, routed)        1.696     5.795    ddr3.u_axi_wrap_ddr/mig_axi/u_mig_axi_32_mig/u_ddr3_infrastructure/mmcm_clk
    PLLE2_ADV_X0Y4       PLLE2_ADV (Prop_plle2_adv_CLKIN1_CLKOUT1)
                                                      0.077     5.872 r  ddr3.u_axi_wrap_ddr/mig_axi/u_mig_axi_32_mig/u_ddr3_infrastructure/plle2_i/CLKOUT1
                         net (fo=7, routed)           0.511     6.383    ddr3.u_axi_wrap_ddr/mig_axi/u_mig_axi_32_mig/u_memc_ui_top_axi/mem_intfc0/ddr_phy_top0/u_ddr_mc_phy_wrapper/u_ddr_mc_phy/ddr_phy_4lanes_0.u_ddr_phy_4lanes/ddr_byte_lane_D.ddr_byte_lane_D/mem_refclk
    PHASER_OUT_PHY_X0Y19 PHASER_OUT_PHY (Prop_phaser_out_phy_MEMREFCLK_OCLK)
                                                      2.083     8.466 r  ddr3.u_axi_wrap_ddr/mig_axi/u_mig_axi_32_mig/u_memc_ui_top_axi/mem_intfc0/ddr_phy_top0/u_ddr_mc_phy_wrapper/u_ddr_mc_phy/ddr_phy_4lanes_0.u_ddr_phy_4lanes/ddr_byte_lane_D.ddr_byte_lane_D/phaser_out/OCLK
    PHASER_OUT_PHY_X0Y19 PHASER_OUT_PHY (Prop_phaser_out_phy_OCLK_OCLKDIV)
                                                      0.141     8.607 r  ddr3.u_axi_wrap_ddr/mig_axi/u_mig_axi_32_mig/u_memc_ui_top_axi/mem_intfc0/ddr_phy_top0/u_ddr_mc_phy_wrapper/u_ddr_mc_phy/ddr_phy_4lanes_0.u_ddr_phy_4lanes/ddr_byte_lane_D.ddr_byte_lane_D/phaser_out/OCLKDIV
                         net (fo=13, routed)          0.000     8.607    ddr3.u_axi_wrap_ddr/mig_axi/u_mig_axi_32_mig/u_memc_ui_top_axi/mem_intfc0/ddr_phy_top0/u_ddr_mc_phy_wrapper/u_ddr_mc_phy/ddr_phy_4lanes_0.u_ddr_phy_4lanes/ddr_byte_lane_D.ddr_byte_lane_D/oserdes_clkdiv
    OUT_FIFO_X0Y19       OUT_FIFO                                     r  ddr3.u_axi_wrap_ddr/mig_axi/u_mig_axi_32_mig/u_memc_ui_top_axi/mem_intfc0/ddr_phy_top0/u_ddr_mc_phy_wrapper/u_ddr_mc_phy/ddr_phy_4lanes_0.u_ddr_phy_4lanes/ddr_byte_lane_D.ddr_byte_lane_D/out_fifo/RDCLK
  -------------------------------------------------------------------    -------------------
    OUT_FIFO_X0Y19       OUT_FIFO (Prop_out_fifo_RDCLK_Q0[0])
                                                      0.596     9.203 r  ddr3.u_axi_wrap_ddr/mig_axi/u_mig_axi_32_mig/u_memc_ui_top_axi/mem_intfc0/ddr_phy_top0/u_ddr_mc_phy_wrapper/u_ddr_mc_phy/ddr_phy_4lanes_0.u_ddr_phy_4lanes/ddr_byte_lane_D.ddr_byte_lane_D/out_fifo/Q0[0]
                         net (fo=1, routed)           0.502     9.705    ddr3.u_axi_wrap_ddr/mig_axi/u_mig_axi_32_mig/u_memc_ui_top_axi/mem_intfc0/ddr_phy_top0/u_ddr_mc_phy_wrapper/u_ddr_mc_phy/ddr_phy_4lanes_0.u_ddr_phy_4lanes/ddr_byte_lane_D.ddr_byte_lane_D/ddr_byte_group_io/oserdes_dq[0]
    OLOGIC_X0Y237        OSERDESE2                                    r  ddr3.u_axi_wrap_ddr/mig_axi/u_mig_axi_32_mig/u_memc_ui_top_axi/mem_intfc0/ddr_phy_top0/u_ddr_mc_phy_wrapper/u_ddr_mc_phy/ddr_phy_4lanes_0.u_ddr_phy_4lanes/ddr_byte_lane_D.ddr_byte_lane_D/ddr_byte_group_io/output_[0].oserdes_dq_.sdr.oserdes_dq_i/D1
  -------------------------------------------------------------------    -------------------

                         (clock oserdes_clkdiv_3 rise edge)
                                                     10.000    10.000 r  
    AC19                                              0.000    10.000 r  clk (IN)
                         net (fo=0)                   0.000    10.000    clk
    AC19                 IBUF (Prop_ibuf_I_O)         1.350    11.350 r  clk_IBUF_inst/O
                         net (fo=1, routed)           2.471    13.821    clk_IBUF
    BUFGCTRL_X0Y0        BUFG (Prop_bufg_I_O)         0.077    13.898 r  clk_IBUF_BUFG_inst/O
                         net (fo=2027, routed)        1.586    15.484    ddr3.u_axi_wrap_ddr/mig_axi/u_mig_axi_32_mig/u_ddr3_infrastructure/mmcm_clk
    PLLE2_ADV_X0Y4       PLLE2_ADV (Prop_plle2_adv_CLKIN1_CLKOUT1)
                                                      0.073    15.557 r  ddr3.u_axi_wrap_ddr/mig_axi/u_mig_axi_32_mig/u_ddr3_infrastructure/plle2_i/CLKOUT1
                         net (fo=7, routed)           0.486    16.043    ddr3.u_axi_wrap_ddr/mig_axi/u_mig_axi_32_mig/u_memc_ui_top_axi/mem_intfc0/ddr_phy_top0/u_ddr_mc_phy_wrapper/u_ddr_mc_phy/ddr_phy_4lanes_0.u_ddr_phy_4lanes/ddr_byte_lane_D.ddr_byte_lane_D/mem_refclk
    PHASER_OUT_PHY_X0Y19 PHASER_OUT_PHY (Prop_phaser_out_phy_MEMREFCLK_OCLK)
                                                      2.027    18.070 r  ddr3.u_axi_wrap_ddr/mig_axi/u_mig_axi_32_mig/u_memc_ui_top_axi/mem_intfc0/ddr_phy_top0/u_ddr_mc_phy_wrapper/u_ddr_mc_phy/ddr_phy_4lanes_0.u_ddr_phy_4lanes/ddr_byte_lane_D.ddr_byte_lane_D/phaser_out/OCLK
    PHASER_OUT_PHY_X0Y19 PHASER_OUT_PHY (Prop_phaser_out_phy_OCLK_OCLKDIV)
                                                      0.133    18.203 r  ddr3.u_axi_wrap_ddr/mig_axi/u_mig_axi_32_mig/u_memc_ui_top_axi/mem_intfc0/ddr_phy_top0/u_ddr_mc_phy_wrapper/u_ddr_mc_phy/ddr_phy_4lanes_0.u_ddr_phy_4lanes/ddr_byte_lane_D.ddr_byte_lane_D/phaser_out/OCLKDIV
                         net (fo=13, routed)          0.352    18.555    ddr3.u_axi_wrap_ddr/mig_axi/u_mig_axi_32_mig/u_memc_ui_top_axi/mem_intfc0/ddr_phy_top0/u_ddr_mc_phy_wrapper/u_ddr_mc_phy/ddr_phy_4lanes_0.u_ddr_phy_4lanes/ddr_byte_lane_D.ddr_byte_lane_D/ddr_byte_group_io/oserdes_clkdiv
    OLOGIC_X0Y237        OSERDESE2                                    r  ddr3.u_axi_wrap_ddr/mig_axi/u_mig_axi_32_mig/u_memc_ui_top_axi/mem_intfc0/ddr_phy_top0/u_ddr_mc_phy_wrapper/u_ddr_mc_phy/ddr_phy_4lanes_0.u_ddr_phy_4lanes/ddr_byte_lane_D.ddr_byte_lane_D/ddr_byte_group_io/output_[0].oserdes_dq_.sdr.oserdes_dq_i/CLKDIV
                         clock pessimism              0.405    18.959    
                         clock uncertainty           -0.065    18.894    
    OLOGIC_X0Y237        OSERDESE2 (Setup_oserdese2_CLKDIV_D1)
                                                     -0.449    18.445    ddr3.u_axi_wrap_ddr/mig_axi/u_mig_axi_32_mig/u_memc_ui_top_axi/mem_intfc0/ddr_phy_top0/u_ddr_mc_phy_wrapper/u_ddr_mc_phy/ddr_phy_4lanes_0.u_ddr_phy_4lanes/ddr_byte_lane_D.ddr_byte_lane_D/ddr_byte_group_io/output_[0].oserdes_dq_.sdr.oserdes_dq_i
  -------------------------------------------------------------------
                         required time                         18.445    
                         arrival time                          -9.705    
  -------------------------------------------------------------------
                         slack                                  8.740    





Min Delay Paths
--------------------------------------------------------------------------------------
Slack (MET) :             0.083ns  (arrival time - required time)
  Source:                 ddr3.u_axi_wrap_ddr/mig_axi/u_mig_axi_32_mig/u_memc_ui_top_axi/mem_intfc0/ddr_phy_top0/u_ddr_mc_phy_wrapper/u_ddr_mc_phy/ddr_phy_4lanes_0.u_ddr_phy_4lanes/ddr_byte_lane_D.ddr_byte_lane_D/out_fifo/RDCLK
                            (rising edge-triggered cell OUT_FIFO clocked by oserdes_clkdiv_3  {rise@0.000ns fall@5.000ns period=10.000ns})
  Destination:            ddr3.u_axi_wrap_ddr/mig_axi/u_mig_axi_32_mig/u_memc_ui_top_axi/mem_intfc0/ddr_phy_top0/u_ddr_mc_phy_wrapper/u_ddr_mc_phy/ddr_phy_4lanes_0.u_ddr_phy_4lanes/ddr_byte_lane_D.ddr_byte_lane_D/ddr_byte_group_io/output_[2].oserdes_dq_.sdr.oserdes_dq_i/D2
                            (rising edge-triggered cell OSERDESE2 clocked by oserdes_clkdiv_3  {rise@0.000ns fall@5.000ns period=10.000ns})
  Path Group:             oserdes_clkdiv_3
  Path Type:              Hold (Min at Fast Process Corner)
  Requirement:            0.000ns  (oserdes_clkdiv_3 rise@0.000ns - oserdes_clkdiv_3 rise@0.000ns)
  Data Path Delay:        0.285ns  (logic 0.138ns (48.411%)  route 0.147ns (51.589%))
  Logic Levels:           0  
  Clock Path Skew:        0.183ns (DCD - SCD - CPR)
    Destination Clock Delay (DCD):    4.997ns
    Source Clock Delay      (SCD):    4.190ns
    Clock Pessimism Removal (CPR):    0.624ns

    Location             Delay type                Incr(ns)  Path(ns)    Netlist Resource(s)
  -------------------------------------------------------------------    -------------------
                         (clock oserdes_clkdiv_3 rise edge)
                                                      0.000     0.000 r  
    AC19                                              0.000     0.000 r  clk (IN)
                         net (fo=0)                   0.000     0.000    clk
    AC19                 IBUF (Prop_ibuf_I_O)         0.253     0.253 r  clk_IBUF_inst/O
                         net (fo=1, routed)           1.074     1.327    clk_IBUF
    BUFGCTRL_X0Y0        BUFG (Prop_bufg_I_O)         0.026     1.353 r  clk_IBUF_BUFG_inst/O
                         net (fo=2027, routed)        0.701     2.054    ddr3.u_axi_wrap_ddr/mig_axi/u_mig_axi_32_mig/u_ddr3_infrastructure/mmcm_clk
    PLLE2_ADV_X0Y4       PLLE2_ADV (Prop_plle2_adv_CLKIN1_CLKOUT1)
                                                      0.050     2.104 r  ddr3.u_axi_wrap_ddr/mig_axi/u_mig_axi_32_mig/u_ddr3_infrastructure/plle2_i/CLKOUT1
                         net (fo=7, routed)           0.190     2.294    ddr3.u_axi_wrap_ddr/mig_axi/u_mig_axi_32_mig/u_memc_ui_top_axi/mem_intfc0/ddr_phy_top0/u_ddr_mc_phy_wrapper/u_ddr_mc_phy/ddr_phy_4lanes_0.u_ddr_phy_4lanes/ddr_byte_lane_D.ddr_byte_lane_D/mem_refclk
    PHASER_OUT_PHY_X0Y19 PHASER_OUT_PHY (Prop_phaser_out_phy_MEMREFCLK_OCLK)
                                                      1.813     4.107 r  ddr3.u_axi_wrap_ddr/mig_axi/u_mig_axi_32_mig/u_memc_ui_top_axi/mem_intfc0/ddr_phy_top0/u_ddr_mc_phy_wrapper/u_ddr_mc_phy/ddr_phy_4lanes_0.u_ddr_phy_4lanes/ddr_byte_lane_D.ddr_byte_lane_D/phaser_out/OCLK
    PHASER_OUT_PHY_X0Y19 PHASER_OUT_PHY (Prop_phaser_out_phy_OCLK_OCLKDIV)
                                                      0.083     4.190 r  ddr3.u_axi_wrap_ddr/mig_axi/u_mig_axi_32_mig/u_memc_ui_top_axi/mem_intfc0/ddr_phy_top0/u_ddr_mc_phy_wrapper/u_ddr_mc_phy/ddr_phy_4lanes_0.u_ddr_phy_4lanes/ddr_byte_lane_D.ddr_byte_lane_D/phaser_out/OCLKDIV
                         net (fo=13, routed)          0.000     4.190    ddr3.u_axi_wrap_ddr/mig_axi/u_mig_axi_32_mig/u_memc_ui_top_axi/mem_intfc0/ddr_phy_top0/u_ddr_mc_phy_wrapper/u_ddr_mc_phy/ddr_phy_4lanes_0.u_ddr_phy_4lanes/ddr_byte_lane_D.ddr_byte_lane_D/oserdes_clkdiv
    OUT_FIFO_X0Y19       OUT_FIFO                                     r  ddr3.u_axi_wrap_ddr/mig_axi/u_mig_axi_32_mig/u_memc_ui_top_axi/mem_intfc0/ddr_phy_top0/u_ddr_mc_phy_wrapper/u_ddr_mc_phy/ddr_phy_4lanes_0.u_ddr_phy_4lanes/ddr_byte_lane_D.ddr_byte_lane_D/out_fifo/RDCLK
  -------------------------------------------------------------------    -------------------
    OUT_FIFO_X0Y19       OUT_FIFO (Prop_out_fifo_RDCLK_Q2[1])
                                                      0.138     4.328 r  ddr3.u_axi_wrap_ddr/mig_axi/u_mig_axi_32_mig/u_memc_ui_top_axi/mem_intfc0/ddr_phy_top0/u_ddr_mc_phy_wrapper/u_ddr_mc_phy/ddr_phy_4lanes_0.u_ddr_phy_4lanes/ddr_byte_lane_D.ddr_byte_lane_D/out_fifo/Q2[1]
                         net (fo=1, routed)           0.147     4.475    ddr3.u_axi_wrap_ddr/mig_axi/u_mig_axi_32_mig/u_memc_ui_top_axi/mem_intfc0/ddr_phy_top0/u_ddr_mc_phy_wrapper/u_ddr_mc_phy/ddr_phy_4lanes_0.u_ddr_phy_4lanes/ddr_byte_lane_D.ddr_byte_lane_D/ddr_byte_group_io/oserdes_dq[9]
    OLOGIC_X0Y239        OSERDESE2                                    r  ddr3.u_axi_wrap_ddr/mig_axi/u_mig_axi_32_mig/u_memc_ui_top_axi/mem_intfc0/ddr_phy_top0/u_ddr_mc_phy_wrapper/u_ddr_mc_phy/ddr_phy_4lanes_0.u_ddr_phy_4lanes/ddr_byte_lane_D.ddr_byte_lane_D/ddr_byte_group_io/output_[2].oserdes_dq_.sdr.oserdes_dq_i/D2
  -------------------------------------------------------------------    -------------------

                         (clock oserdes_clkdiv_3 rise edge)
                                                      0.000     0.000 r  
    AC19                                              0.000     0.000 r  clk (IN)
                         net (fo=0)                   0.000     0.000    clk
    AC19                 IBUF (Prop_ibuf_I_O)         0.441     0.441 r  clk_IBUF_inst/O
                         net (fo=1, routed)           1.160     1.601    clk_IBUF
    BUFGCTRL_X0Y0        BUFG (Prop_bufg_I_O)         0.029     1.630 r  clk_IBUF_BUFG_inst/O
                         net (fo=2027, routed)        0.976     2.606    ddr3.u_axi_wrap_ddr/mig_axi/u_mig_axi_32_mig/u_ddr3_infrastructure/mmcm_clk
    PLLE2_ADV_X0Y4       PLLE2_ADV (Prop_plle2_adv_CLKIN1_CLKOUT1)
                                                      0.053     2.659 r  ddr3.u_axi_wrap_ddr/mig_axi/u_mig_axi_32_mig/u_ddr3_infrastructure/plle2_i/CLKOUT1
                         net (fo=7, routed)           0.209     2.868    ddr3.u_axi_wrap_ddr/mig_axi/u_mig_axi_32_mig/u_memc_ui_top_axi/mem_intfc0/ddr_phy_top0/u_ddr_mc_phy_wrapper/u_ddr_mc_phy/ddr_phy_4lanes_0.u_ddr_phy_4lanes/ddr_byte_lane_D.ddr_byte_lane_D/mem_refclk
    PHASER_OUT_PHY_X0Y19 PHASER_OUT_PHY (Prop_phaser_out_phy_MEMREFCLK_OCLK)
                                                      1.858     4.726 r  ddr3.u_axi_wrap_ddr/mig_axi/u_mig_axi_32_mig/u_memc_ui_top_axi/mem_intfc0/ddr_phy_top0/u_ddr_mc_phy_wrapper/u_ddr_mc_phy/ddr_phy_4lanes_0.u_ddr_phy_4lanes/ddr_byte_lane_D.ddr_byte_lane_D/phaser_out/OCLK
    PHASER_OUT_PHY_X0Y19 PHASER_OUT_PHY (Prop_phaser_out_phy_OCLK_OCLKDIV)
                                                      0.088     4.814 r  ddr3.u_axi_wrap_ddr/mig_axi/u_mig_axi_32_mig/u_memc_ui_top_axi/mem_intfc0/ddr_phy_top0/u_ddr_mc_phy_wrapper/u_ddr_mc_phy/ddr_phy_4lanes_0.u_ddr_phy_4lanes/ddr_byte_lane_D.ddr_byte_lane_D/phaser_out/OCLKDIV
                         net (fo=13, routed)          0.183     4.997    ddr3.u_axi_wrap_ddr/mig_axi/u_mig_axi_32_mig/u_memc_ui_top_axi/mem_intfc0/ddr_phy_top0/u_ddr_mc_phy_wrapper/u_ddr_mc_phy/ddr_phy_4lanes_0.u_ddr_phy_4lanes/ddr_byte_lane_D.ddr_byte_lane_D/ddr_byte_group_io/oserdes_clkdiv
    OLOGIC_X0Y239        OSERDESE2                                    r  ddr3.u_axi_wrap_ddr/mig_axi/u_mig_axi_32_mig/u_memc_ui_top_axi/mem_intfc0/ddr_phy_top0/u_ddr_mc_phy_wrapper/u_ddr_mc_phy/ddr_phy_4lanes_0.u_ddr_phy_4lanes/ddr_byte_lane_D.ddr_byte_lane_D/ddr_byte_group_io/output_[2].oserdes_dq_.sdr.oserdes_dq_i/CLKDIV
                         clock pessimism             -0.624     4.373    
    OLOGIC_X0Y239        OSERDESE2 (Hold_oserdese2_CLKDIV_D2)
                                                      0.019     4.392    ddr3.u_axi_wrap_ddr/mig_axi/u_mig_axi_32_mig/u_memc_ui_top_axi/mem_intfc0/ddr_phy_top0/u_ddr_mc_phy_wrapper/u_ddr_mc_phy/ddr_phy_4lanes_0.u_ddr_phy_4lanes/ddr_byte_lane_D.ddr_byte_lane_D/ddr_byte_group_io/output_[2].oserdes_dq_.sdr.oserdes_dq_i
  -------------------------------------------------------------------
                         required time                         -4.392    
                         arrival time                           4.475    
  -------------------------------------------------------------------
                         slack                                  0.083    





Pulse Width Checks
--------------------------------------------------------------------------------------
Clock Name:         oserdes_clkdiv_3
Waveform(ns):       { 0.000 5.000 }
Period(ns):         10.000
Sources:            { ddr3.u_axi_wrap_ddr/mig_axi/u_mig_axi_32_mig/u_memc_ui_top_axi/mem_intfc0/ddr_phy_top0/u_ddr_mc_phy_wrapper/u_ddr_mc_phy/ddr_phy_4lanes_0.u_ddr_phy_4lanes/ddr_byte_lane_D.ddr_byte_lane_D/phaser_out/OCLKDIV }

Check Type        Corner  Lib Pin         Reference Pin  Required(ns)  Actual(ns)  Slack(ns)  Location        Pin
Min Period        n/a     OUT_FIFO/RDCLK  n/a            5.000         10.000      5.000      OUT_FIFO_X0Y19  ddr3.u_axi_wrap_ddr/mig_axi/u_mig_axi_32_mig/u_memc_ui_top_axi/mem_intfc0/ddr_phy_top0/u_ddr_mc_phy_wrapper/u_ddr_mc_phy/ddr_phy_4lanes_0.u_ddr_phy_4lanes/ddr_byte_lane_D.ddr_byte_lane_D/out_fifo/RDCLK
Low Pulse Width   Slow    OUT_FIFO/RDCLK  n/a            2.150         5.000       2.850      OUT_FIFO_X0Y19  ddr3.u_axi_wrap_ddr/mig_axi/u_mig_axi_32_mig/u_memc_ui_top_axi/mem_intfc0/ddr_phy_top0/u_ddr_mc_phy_wrapper/u_ddr_mc_phy/ddr_phy_4lanes_0.u_ddr_phy_4lanes/ddr_byte_lane_D.ddr_byte_lane_D/out_fifo/RDCLK
High Pulse Width  Slow    OUT_FIFO/RDCLK  n/a            2.150         5.000       2.850      OUT_FIFO_X0Y19  ddr3.u_axi_wrap_ddr/mig_axi/u_mig_axi_32_mig/u_memc_ui_top_axi/mem_intfc0/ddr_phy_top0/u_ddr_mc_phy_wrapper/u_ddr_mc_phy/ddr_phy_4lanes_0.u_ddr_phy_4lanes/ddr_byte_lane_D.ddr_byte_lane_D/out_fifo/RDCLK



---------------------------------------------------------------------------------------------------
From Clock:  pll_clk3_out
  To Clock:  pll_clk3_out

Setup :           NA  Failing Endpoints,  Worst Slack           NA  ,  Total Violation           NA
Hold  :           NA  Failing Endpoints,  Worst Slack           NA  ,  Total Violation           NA
PW    :            0  Failing Endpoints,  Worst Slack        3.000ns,  Total Violation        0.000ns
---------------------------------------------------------------------------------------------------


Pulse Width Checks
--------------------------------------------------------------------------------------
Clock Name:         pll_clk3_out
Waveform(ns):       { 0.000 5.000 }
Period(ns):         10.000
Sources:            { ddr3.u_axi_wrap_ddr/mig_axi/u_mig_axi_32_mig/u_ddr3_infrastructure/plle2_i/CLKOUT3 }

Check Type        Corner  Lib Pin            Reference Pin  Required(ns)  Actual(ns)  Slack(ns)  Location         Pin
Min Period        n/a     BUFH/I             n/a            1.592         10.000      8.408      BUFHCE_X0Y48     ddr3.u_axi_wrap_ddr/mig_axi/u_mig_axi_32_mig/u_ddr3_infrastructure/u_bufh_pll_clk3/I
Max Period        n/a     MMCME2_ADV/CLKIN1  n/a            100.000       10.000      90.000     MMCME2_ADV_X0Y4  ddr3.u_axi_wrap_ddr/mig_axi/u_mig_axi_32_mig/u_ddr3_infrastructure/gen_mmcm.mmcm_i/CLKIN1
Low Pulse Width   Slow    MMCME2_ADV/CLKIN1  n/a            2.000         5.000       3.000      MMCME2_ADV_X0Y4  ddr3.u_axi_wrap_ddr/mig_axi/u_mig_axi_32_mig/u_ddr3_infrastructure/gen_mmcm.mmcm_i/CLKIN1
High Pulse Width  Slow    MMCME2_ADV/CLKIN1  n/a            2.000         5.000       3.000      MMCME2_ADV_X0Y4  ddr3.u_axi_wrap_ddr/mig_axi/u_mig_axi_32_mig/u_ddr3_infrastructure/gen_mmcm.mmcm_i/CLKIN1



---------------------------------------------------------------------------------------------------
From Clock:  clk_pll_i
  To Clock:  clk_pll_i

Setup :            0  Failing Endpoints,  Worst Slack        1.707ns,  Total Violation        0.000ns
Hold  :            0  Failing Endpoints,  Worst Slack        0.068ns,  Total Violation        0.000ns
PW    :            0  Failing Endpoints,  Worst Slack        2.850ns,  Total Violation        0.000ns
---------------------------------------------------------------------------------------------------


Max Delay Paths
--------------------------------------------------------------------------------------
Slack (MET) :             1.707ns  (required time - arrival time)
  Source:                 ddr3.u_axi_wrap_ddr/mig_axi/u_mig_axi_32_mig/u_memc_ui_top_axi/u_ui_top/ui_cmd0/app_rdy_r_reg/C
                            (rising edge-triggered cell FDRE clocked by clk_pll_i  {rise@0.000ns fall@5.000ns period=10.000ns})
  Destination:            ddr3.u_axi_wrap_ddr/mig_axi/u_mig_axi_32_mig/u_memc_ui_top_axi/u_axi_mc/axi_mc_ar_channel_0/axi_mc_cmd_translator_0/axi_mc_incr_cmd_0/axaddr_incr_reg[23]/D
                            (rising edge-triggered cell FDRE clocked by clk_pll_i  {rise@0.000ns fall@5.000ns period=10.000ns})
  Path Group:             clk_pll_i
  Path Type:              Setup (Max at Slow Process Corner)
  Requirement:            10.000ns  (clk_pll_i rise@10.000ns - clk_pll_i rise@0.000ns)
  Data Path Delay:        7.721ns  (logic 1.062ns (13.754%)  route 6.659ns (86.246%))
  Logic Levels:           3  (LUT3=1 LUT4=1 LUT5=1)
  Clock Path Skew:        -0.350ns (DCD - SCD + CPR)
    Destination Clock Delay (DCD):    7.506ns = ( 17.506 - 10.000 ) 
    Source Clock Delay      (SCD):    8.289ns
    Clock Pessimism Removal (CPR):    0.433ns
  Clock Uncertainty:      0.060ns  ((TSJ^2 + DJ^2)^1/2) / 2 + PE
    Total System Jitter     (TSJ):    0.071ns
    Discrete Jitter          (DJ):    0.098ns
    Phase Error              (PE):    0.000ns

    Location             Delay type                Incr(ns)  Path(ns)    Netlist Resource(s)
  -------------------------------------------------------------------    -------------------
                         (clock clk_pll_i rise edge)
                                                      0.000     0.000 r  
    AC19                                              0.000     0.000 r  clk (IN)
                         net (fo=0)                   0.000     0.000    clk
    AC19                 IBUF (Prop_ibuf_I_O)         1.416     1.416 r  clk_IBUF_inst/O
                         net (fo=1, routed)           2.602     4.018    clk_IBUF
    BUFGCTRL_X0Y0        BUFG (Prop_bufg_I_O)         0.081     4.099 r  clk_IBUF_BUFG_inst/O
                         net (fo=2027, routed)        1.696     5.795    ddr3.u_axi_wrap_ddr/mig_axi/u_mig_axi_32_mig/u_ddr3_infrastructure/mmcm_clk
    PLLE2_ADV_X0Y4       PLLE2_ADV (Prop_plle2_adv_CLKIN1_CLKOUT3)
                                                      0.077     5.872 r  ddr3.u_axi_wrap_ddr/mig_axi/u_mig_axi_32_mig/u_ddr3_infrastructure/plle2_i/CLKOUT3
                         net (fo=1, routed)           1.429     7.301    ddr3.u_axi_wrap_ddr/mig_axi/u_mig_axi_32_mig/u_ddr3_infrastructure/pll_clk3_out
    BUFHCE_X0Y48         BUFH (Prop_bufh_I_O)         0.106     7.407 r  ddr3.u_axi_wrap_ddr/mig_axi/u_mig_axi_32_mig/u_ddr3_infrastructure/u_bufh_pll_clk3/O
                         net (fo=1, routed)           0.841     8.248    ddr3.u_axi_wrap_ddr/mig_axi/u_mig_axi_32_mig/u_ddr3_infrastructure/pll_clk3
    MMCME2_ADV_X0Y4      MMCME2_ADV (Prop_mmcme2_adv_CLKIN1_CLKFBOUT)
                                                     -3.816     4.432 r  ddr3.u_axi_wrap_ddr/mig_axi/u_mig_axi_32_mig/u_ddr3_infrastructure/gen_mmcm.mmcm_i/CLKFBOUT
                         net (fo=1, routed)           2.061     6.493    ddr3.u_axi_wrap_ddr/mig_axi/u_mig_axi_32_mig/u_ddr3_infrastructure/clk_pll_i
    BUFGCTRL_X0Y16       BUFG (Prop_bufg_I_O)         0.081     6.574 r  ddr3.u_axi_wrap_ddr/mig_axi/u_mig_axi_32_mig/u_ddr3_infrastructure/u_bufg_clkdiv0/O
                         net (fo=7005, routed)        1.715     8.289    ddr3.u_axi_wrap_ddr/mig_axi/u_mig_axi_32_mig/u_memc_ui_top_axi/u_ui_top/ui_cmd0/CLK
    SLICE_X7Y232         FDRE                                         r  ddr3.u_axi_wrap_ddr/mig_axi/u_mig_axi_32_mig/u_memc_ui_top_axi/u_ui_top/ui_cmd0/app_rdy_r_reg/C
  -------------------------------------------------------------------    -------------------
    SLICE_X7Y232         FDRE (Prop_fdre_C_Q)         0.379     8.668 f  ddr3.u_axi_wrap_ddr/mig_axi/u_mig_axi_32_mig/u_memc_ui_top_axi/u_ui_top/ui_cmd0/app_rdy_r_reg/Q
                         net (fo=79, routed)          4.145    12.813    ddr3.u_axi_wrap_ddr/mig_axi/u_mig_axi_32_mig/u_memc_ui_top_axi/u_axi_mc/axi_mc_r_channel_0/transaction_fifo_0/app_rdy
    SLICE_X8Y171         LUT3 (Prop_lut3_I0_O)        0.125    12.938 f  ddr3.u_axi_wrap_ddr/mig_axi/u_mig_axi_32_mig/u_memc_ui_top_axi/u_axi_mc/axi_mc_r_channel_0/transaction_fifo_0/r_push_i_1/O
                         net (fo=7, routed)           0.703    13.641    ddr3.u_axi_wrap_ddr/mig_axi/u_mig_axi_32_mig/u_memc_ui_top_axi/u_axi_mc/USE_UPSIZER.upsizer_d2/USE_READ.read_addr_inst/next
    SLICE_X10Y173        LUT4 (Prop_lut4_I3_O)        0.284    13.925 r  ddr3.u_axi_wrap_ddr/mig_axi/u_mig_axi_32_mig/u_memc_ui_top_axi/u_axi_mc/USE_UPSIZER.upsizer_d2/USE_READ.read_addr_inst/axlen_cnt[7]_i_3__0/O
                         net (fo=32, routed)          1.355    15.280    ddr3.u_axi_wrap_ddr/mig_axi/u_mig_axi_32_mig/u_memc_ui_top_axi/u_axi_mc/axi_mc_ar_channel_0/ar_cmd_fsm_0/axaddr_incr_reg[0]
    SLICE_X14Y179        LUT5 (Prop_lut5_I3_O)        0.274    15.554 r  ddr3.u_axi_wrap_ddr/mig_axi/u_mig_axi_32_mig/u_memc_ui_top_axi/u_axi_mc/axi_mc_ar_channel_0/ar_cmd_fsm_0/axaddr_incr[23]_i_1__0/O
                         net (fo=1, routed)           0.457    16.010    ddr3.u_axi_wrap_ddr/mig_axi/u_mig_axi_32_mig/u_memc_ui_top_axi/u_axi_mc/axi_mc_ar_channel_0/axi_mc_cmd_translator_0/axi_mc_incr_cmd_0/axaddr_incr_reg[26]_2[23]
    SLICE_X16Y174        FDRE                                         r  ddr3.u_axi_wrap_ddr/mig_axi/u_mig_axi_32_mig/u_memc_ui_top_axi/u_axi_mc/axi_mc_ar_channel_0/axi_mc_cmd_translator_0/axi_mc_incr_cmd_0/axaddr_incr_reg[23]/D
  -------------------------------------------------------------------    -------------------

                         (clock clk_pll_i rise edge)
                                                     10.000    10.000 r  
    AC19                                              0.000    10.000 r  clk (IN)
                         net (fo=0)                   0.000    10.000    clk
    AC19                 IBUF (Prop_ibuf_I_O)         1.350    11.350 r  clk_IBUF_inst/O
                         net (fo=1, routed)           2.471    13.821    clk_IBUF
    BUFGCTRL_X0Y0        BUFG (Prop_bufg_I_O)         0.077    13.898 r  clk_IBUF_BUFG_inst/O
                         net (fo=2027, routed)        1.586    15.484    ddr3.u_axi_wrap_ddr/mig_axi/u_mig_axi_32_mig/u_ddr3_infrastructure/mmcm_clk
    PLLE2_ADV_X0Y4       PLLE2_ADV (Prop_plle2_adv_CLKIN1_CLKOUT3)
                                                      0.073    15.557 r  ddr3.u_axi_wrap_ddr/mig_axi/u_mig_axi_32_mig/u_ddr3_infrastructure/plle2_i/CLKOUT3
                         net (fo=1, routed)           1.281    16.838    ddr3.u_axi_wrap_ddr/mig_axi/u_mig_axi_32_mig/u_ddr3_infrastructure/pll_clk3_out
    BUFHCE_X0Y48         BUFH (Prop_bufh_I_O)         0.069    16.907 r  ddr3.u_axi_wrap_ddr/mig_axi/u_mig_axi_32_mig/u_ddr3_infrastructure/u_bufh_pll_clk3/O
                         net (fo=1, routed)           0.805    17.712    ddr3.u_axi_wrap_ddr/mig_axi/u_mig_axi_32_mig/u_ddr3_infrastructure/pll_clk3
    MMCME2_ADV_X0Y4      MMCME2_ADV (Prop_mmcme2_adv_CLKIN1_CLKFBOUT)
                                                     -3.606    14.105 r  ddr3.u_axi_wrap_ddr/mig_axi/u_mig_axi_32_mig/u_ddr3_infrastructure/gen_mmcm.mmcm_i/CLKFBOUT
                         net (fo=1, routed)           1.964    16.070    ddr3.u_axi_wrap_ddr/mig_axi/u_mig_axi_32_mig/u_ddr3_infrastructure/clk_pll_i
    BUFGCTRL_X0Y16       BUFG (Prop_bufg_I_O)         0.077    16.147 r  ddr3.u_axi_wrap_ddr/mig_axi/u_mig_axi_32_mig/u_ddr3_infrastructure/u_bufg_clkdiv0/O
                         net (fo=7005, routed)        1.359    17.506    ddr3.u_axi_wrap_ddr/mig_axi/u_mig_axi_32_mig/u_memc_ui_top_axi/u_axi_mc/axi_mc_ar_channel_0/axi_mc_cmd_translator_0/axi_mc_incr_cmd_0/CLK
    SLICE_X16Y174        FDRE                                         r  ddr3.u_axi_wrap_ddr/mig_axi/u_mig_axi_32_mig/u_memc_ui_top_axi/u_axi_mc/axi_mc_ar_channel_0/axi_mc_cmd_translator_0/axi_mc_incr_cmd_0/axaddr_incr_reg[23]/C
                         clock pessimism              0.433    17.939    
                         clock uncertainty           -0.060    17.879    
    SLICE_X16Y174        FDRE (Setup_fdre_C_D)       -0.161    17.718    ddr3.u_axi_wrap_ddr/mig_axi/u_mig_axi_32_mig/u_memc_ui_top_axi/u_axi_mc/axi_mc_ar_channel_0/axi_mc_cmd_translator_0/axi_mc_incr_cmd_0/axaddr_incr_reg[23]
  -------------------------------------------------------------------
                         required time                         17.718    
                         arrival time                         -16.010    
  -------------------------------------------------------------------
                         slack                                  1.707    





Min Delay Paths
--------------------------------------------------------------------------------------
Slack (MET) :             0.068ns  (arrival time - required time)
  Source:                 ddr3.u_axi_wrap_ddr/mig_axi/u_mig_axi_32_mig/u_memc_ui_top_axi/u_axi_mc/axi_mc_w_channel_0/wdf_mask_reg[2]/C
                            (rising edge-triggered cell FDRE clocked by clk_pll_i  {rise@0.000ns fall@5.000ns period=10.000ns})
  Destination:            ddr3.u_axi_wrap_ddr/mig_axi/u_mig_axi_32_mig/u_memc_ui_top_axi/u_ui_top/ui_wr_data0/app_wdf_mask_r1_reg[2]/D
                            (rising edge-triggered cell FDRE clocked by clk_pll_i  {rise@0.000ns fall@5.000ns period=10.000ns})
  Path Group:             clk_pll_i
  Path Type:              Hold (Min at Fast Process Corner)
  Requirement:            0.000ns  (clk_pll_i rise@0.000ns - clk_pll_i rise@0.000ns)
  Data Path Delay:        0.500ns  (logic 0.186ns (37.236%)  route 0.314ns (62.764%))
  Logic Levels:           1  (LUT5=1)
  Clock Path Skew:        0.361ns (DCD - SCD - CPR)
    Destination Clock Delay (DCD):    3.880ns
    Source Clock Delay      (SCD):    2.924ns
    Clock Pessimism Removal (CPR):    0.594ns

    Location             Delay type                Incr(ns)  Path(ns)    Netlist Resource(s)
  -------------------------------------------------------------------    -------------------
                         (clock clk_pll_i rise edge)
                                                      0.000     0.000 r  
    AC19                                              0.000     0.000 r  clk (IN)
                         net (fo=0)                   0.000     0.000    clk
    AC19                 IBUF (Prop_ibuf_I_O)         0.253     0.253 r  clk_IBUF_inst/O
                         net (fo=1, routed)           1.074     1.327    clk_IBUF
    BUFGCTRL_X0Y0        BUFG (Prop_bufg_I_O)         0.026     1.353 r  clk_IBUF_BUFG_inst/O
                         net (fo=2027, routed)        0.701     2.054    ddr3.u_axi_wrap_ddr/mig_axi/u_mig_axi_32_mig/u_ddr3_infrastructure/mmcm_clk
    PLLE2_ADV_X0Y4       PLLE2_ADV (Prop_plle2_adv_CLKIN1_CLKOUT3)
                                                      0.050     2.104 r  ddr3.u_axi_wrap_ddr/mig_axi/u_mig_axi_32_mig/u_ddr3_infrastructure/plle2_i/CLKOUT3
                         net (fo=1, routed)           0.518     2.622    ddr3.u_axi_wrap_ddr/mig_axi/u_mig_axi_32_mig/u_ddr3_infrastructure/pll_clk3_out
    BUFHCE_X0Y48         BUFH (Prop_bufh_I_O)         0.020     2.642 r  ddr3.u_axi_wrap_ddr/mig_axi/u_mig_axi_32_mig/u_ddr3_infrastructure/u_bufh_pll_clk3/O
                         net (fo=1, routed)           0.326     2.968    ddr3.u_axi_wrap_ddr/mig_axi/u_mig_axi_32_mig/u_ddr3_infrastructure/pll_clk3
    MMCME2_ADV_X0Y4      MMCME2_ADV (Prop_mmcme2_adv_CLKIN1_CLKFBOUT)
                                                     -1.511     1.457 r  ddr3.u_axi_wrap_ddr/mig_axi/u_mig_axi_32_mig/u_ddr3_infrastructure/gen_mmcm.mmcm_i/CLKFBOUT
                         net (fo=1, routed)           0.790     2.248    ddr3.u_axi_wrap_ddr/mig_axi/u_mig_axi_32_mig/u_ddr3_infrastructure/clk_pll_i
    BUFGCTRL_X0Y16       BUFG (Prop_bufg_I_O)         0.026     2.274 r  ddr3.u_axi_wrap_ddr/mig_axi/u_mig_axi_32_mig/u_ddr3_infrastructure/u_bufg_clkdiv0/O
                         net (fo=7005, routed)        0.651     2.924    ddr3.u_axi_wrap_ddr/mig_axi/u_mig_axi_32_mig/u_memc_ui_top_axi/u_axi_mc/axi_mc_w_channel_0/CLK
    SLICE_X4Y199         FDRE                                         r  ddr3.u_axi_wrap_ddr/mig_axi/u_mig_axi_32_mig/u_memc_ui_top_axi/u_axi_mc/axi_mc_w_channel_0/wdf_mask_reg[2]/C
  -------------------------------------------------------------------    -------------------
    SLICE_X4Y199         FDRE (Prop_fdre_C_Q)         0.141     3.065 r  ddr3.u_axi_wrap_ddr/mig_axi/u_mig_axi_32_mig/u_memc_ui_top_axi/u_axi_mc/axi_mc_w_channel_0/wdf_mask_reg[2]/Q
                         net (fo=2, routed)           0.166     3.232    ddr3.u_axi_wrap_ddr/mig_axi/u_mig_axi_32_mig/u_memc_ui_top_axi/u_axi_mc/axi_mc_w_channel_0/wdf_mask[2]
    SLICE_X4Y199         LUT5 (Prop_lut5_I0_O)        0.045     3.277 r  ddr3.u_axi_wrap_ddr/mig_axi/u_mig_axi_32_mig/u_memc_ui_top_axi/u_axi_mc/axi_mc_w_channel_0/app_wdf_mask_r1[2]_i_1/O
                         net (fo=1, routed)           0.147     3.424    ddr3.u_axi_wrap_ddr/mig_axi/u_mig_axi_32_mig/u_memc_ui_top_axi/u_ui_top/ui_wr_data0/app_wdf_mask[2]
    SLICE_X4Y200         FDRE                                         r  ddr3.u_axi_wrap_ddr/mig_axi/u_mig_axi_32_mig/u_memc_ui_top_axi/u_ui_top/ui_wr_data0/app_wdf_mask_r1_reg[2]/D
  -------------------------------------------------------------------    -------------------

                         (clock clk_pll_i rise edge)
                                                      0.000     0.000 r  
    AC19                                              0.000     0.000 r  clk (IN)
                         net (fo=0)                   0.000     0.000    clk
    AC19                 IBUF (Prop_ibuf_I_O)         0.441     0.441 r  clk_IBUF_inst/O
                         net (fo=1, routed)           1.160     1.601    clk_IBUF
    BUFGCTRL_X0Y0        BUFG (Prop_bufg_I_O)         0.029     1.630 r  clk_IBUF_BUFG_inst/O
                         net (fo=2027, routed)        0.976     2.606    ddr3.u_axi_wrap_ddr/mig_axi/u_mig_axi_32_mig/u_ddr3_infrastructure/mmcm_clk
    PLLE2_ADV_X0Y4       PLLE2_ADV (Prop_plle2_adv_CLKIN1_CLKOUT3)
                                                      0.053     2.659 r  ddr3.u_axi_wrap_ddr/mig_axi/u_mig_axi_32_mig/u_ddr3_infrastructure/plle2_i/CLKOUT3
                         net (fo=1, routed)           0.577     3.236    ddr3.u_axi_wrap_ddr/mig_axi/u_mig_axi_32_mig/u_ddr3_infrastructure/pll_clk3_out
    BUFHCE_X0Y48         BUFH (Prop_bufh_I_O)         0.043     3.279 r  ddr3.u_axi_wrap_ddr/mig_axi/u_mig_axi_32_mig/u_ddr3_infrastructure/u_bufh_pll_clk3/O
                         net (fo=1, routed)           0.553     3.832    ddr3.u_axi_wrap_ddr/mig_axi/u_mig_axi_32_mig/u_ddr3_infrastructure/pll_clk3
    MMCME2_ADV_X0Y4      MMCME2_ADV (Prop_mmcme2_adv_CLKIN1_CLKFBOUT)
                                                     -1.858     1.974 r  ddr3.u_axi_wrap_ddr/mig_axi/u_mig_axi_32_mig/u_ddr3_infrastructure/gen_mmcm.mmcm_i/CLKFBOUT
                         net (fo=1, routed)           0.860     2.834    ddr3.u_axi_wrap_ddr/mig_axi/u_mig_axi_32_mig/u_ddr3_infrastructure/clk_pll_i
    BUFGCTRL_X0Y16       BUFG (Prop_bufg_I_O)         0.029     2.863 r  ddr3.u_axi_wrap_ddr/mig_axi/u_mig_axi_32_mig/u_ddr3_infrastructure/u_bufg_clkdiv0/O
                         net (fo=7005, routed)        1.017     3.880    ddr3.u_axi_wrap_ddr/mig_axi/u_mig_axi_32_mig/u_memc_ui_top_axi/u_ui_top/ui_wr_data0/CLK
    SLICE_X4Y200         FDRE                                         r  ddr3.u_axi_wrap_ddr/mig_axi/u_mig_axi_32_mig/u_memc_ui_top_axi/u_ui_top/ui_wr_data0/app_wdf_mask_r1_reg[2]/C
                         clock pessimism             -0.594     3.286    
    SLICE_X4Y200         FDRE (Hold_fdre_C_D)         0.070     3.356    ddr3.u_axi_wrap_ddr/mig_axi/u_mig_axi_32_mig/u_memc_ui_top_axi/u_ui_top/ui_wr_data0/app_wdf_mask_r1_reg[2]
  -------------------------------------------------------------------
                         required time                         -3.356    
                         arrival time                           3.424    
  -------------------------------------------------------------------
                         slack                                  0.068    





Pulse Width Checks
--------------------------------------------------------------------------------------
Clock Name:         clk_pll_i
Waveform(ns):       { 0.000 5.000 }
Period(ns):         10.000
Sources:            { ddr3.u_axi_wrap_ddr/mig_axi/u_mig_axi_32_mig/u_ddr3_infrastructure/gen_mmcm.mmcm_i/CLKFBOUT }

Check Type        Corner  Lib Pin             Reference Pin  Required(ns)  Actual(ns)  Slack(ns)  Location         Pin
Min Period        n/a     IN_FIFO/RDCLK       n/a            5.000         10.000      5.000      IN_FIFO_X0Y16    ddr3.u_axi_wrap_ddr/mig_axi/u_mig_axi_32_mig/u_memc_ui_top_axi/mem_intfc0/ddr_phy_top0/u_ddr_mc_phy_wrapper/u_ddr_mc_phy/ddr_phy_4lanes_0.u_ddr_phy_4lanes/ddr_byte_lane_A.ddr_byte_lane_A/in_fifo_gen.in_fifo/RDCLK
Max Period        n/a     MMCME2_ADV/CLKFBIN  n/a            100.000       10.000      90.000     MMCME2_ADV_X0Y4  ddr3.u_axi_wrap_ddr/mig_axi/u_mig_axi_32_mig/u_ddr3_infrastructure/gen_mmcm.mmcm_i/CLKFBIN
Low Pulse Width   Slow    IN_FIFO/RDCLK       n/a            2.150         5.000       2.850      IN_FIFO_X0Y16    ddr3.u_axi_wrap_ddr/mig_axi/u_mig_axi_32_mig/u_memc_ui_top_axi/mem_intfc0/ddr_phy_top0/u_ddr_mc_phy_wrapper/u_ddr_mc_phy/ddr_phy_4lanes_0.u_ddr_phy_4lanes/ddr_byte_lane_A.ddr_byte_lane_A/in_fifo_gen.in_fifo/RDCLK
High Pulse Width  Slow    IN_FIFO/RDCLK       n/a            2.150         5.000       2.850      IN_FIFO_X0Y16    ddr3.u_axi_wrap_ddr/mig_axi/u_mig_axi_32_mig/u_memc_ui_top_axi/mem_intfc0/ddr_phy_top0/u_ddr_mc_phy_wrapper/u_ddr_mc_phy/ddr_phy_4lanes_0.u_ddr_phy_4lanes/ddr_byte_lane_A.ddr_byte_lane_A/in_fifo_gen.in_fifo/RDCLK



---------------------------------------------------------------------------------------------------
From Clock:  pll_clkfbout
  To Clock:  pll_clkfbout

Setup :           NA  Failing Endpoints,  Worst Slack           NA  ,  Total Violation           NA
Hold  :           NA  Failing Endpoints,  Worst Slack           NA  ,  Total Violation           NA
PW    :            0  Failing Endpoints,  Worst Slack        8.751ns,  Total Violation        0.000ns
---------------------------------------------------------------------------------------------------


Pulse Width Checks
--------------------------------------------------------------------------------------
Clock Name:         pll_clkfbout
Waveform(ns):       { 0.000 5.000 }
Period(ns):         10.000
Sources:            { ddr3.u_axi_wrap_ddr/mig_axi/u_mig_axi_32_mig/u_ddr3_infrastructure/plle2_i/CLKFBOUT }

Check Type  Corner  Lib Pin             Reference Pin  Required(ns)  Actual(ns)  Slack(ns)  Location        Pin
Min Period  n/a     PLLE2_ADV/CLKFBOUT  n/a            1.249         10.000      8.751      PLLE2_ADV_X0Y4  ddr3.u_axi_wrap_ddr/mig_axi/u_mig_axi_32_mig/u_ddr3_infrastructure/plle2_i/CLKFBOUT
Max Period  n/a     PLLE2_ADV/CLKFBIN   n/a            52.633        10.000      42.633     PLLE2_ADV_X0Y4  ddr3.u_axi_wrap_ddr/mig_axi/u_mig_axi_32_mig/u_ddr3_infrastructure/plle2_i/CLKFBIN



---------------------------------------------------------------------------------------------------
From Clock:  sync_pulse
  To Clock:  sync_pulse

Setup :           NA  Failing Endpoints,  Worst Slack           NA  ,  Total Violation           NA
Hold  :           NA  Failing Endpoints,  Worst Slack           NA  ,  Total Violation           NA
PW    :            0  Failing Endpoints,  Worst Slack        1.428ns,  Total Violation        0.000ns
---------------------------------------------------------------------------------------------------


Pulse Width Checks
--------------------------------------------------------------------------------------
Clock Name:         sync_pulse
Waveform(ns):       { 1.094 3.594 }
Period(ns):         40.000
Sources:            { ddr3.u_axi_wrap_ddr/mig_axi/u_mig_axi_32_mig/u_ddr3_infrastructure/plle2_i/CLKOUT2 }

Check Type        Corner  Lib Pin               Reference Pin  Required(ns)  Actual(ns)  Slack(ns)  Location             Pin
Min Period        n/a     PLLE2_ADV/CLKOUT2     n/a            1.249         40.000      38.751     PLLE2_ADV_X0Y4       ddr3.u_axi_wrap_ddr/mig_axi/u_mig_axi_32_mig/u_ddr3_infrastructure/plle2_i/CLKOUT2
Max Period        n/a     PLLE2_ADV/CLKOUT2     n/a            160.000       40.000      120.000    PLLE2_ADV_X0Y4       ddr3.u_axi_wrap_ddr/mig_axi/u_mig_axi_32_mig/u_ddr3_infrastructure/plle2_i/CLKOUT2
High Pulse Width  Slow    PHASER_IN_PHY/SYNCIN  n/a            1.072         2.500       1.428      PHASER_IN_PHY_X0Y16  ddr3.u_axi_wrap_ddr/mig_axi/u_mig_axi_32_mig/u_memc_ui_top_axi/mem_intfc0/ddr_phy_top0/u_ddr_mc_phy_wrapper/u_ddr_mc_phy/ddr_phy_4lanes_0.u_ddr_phy_4lanes/ddr_byte_lane_A.ddr_byte_lane_A/phaser_in_gen.phaser_in/SYNCIN



---------------------------------------------------------------------------------------------------
From Clock:  sys_clk
  To Clock:  sys_clk

Setup :            0  Failing Endpoints,  Worst Slack        2.443ns,  Total Violation        0.000ns
Hold  :            0  Failing Endpoints,  Worst Slack        0.050ns,  Total Violation        0.000ns
PW    :            0  Failing Endpoints,  Worst Slack        3.870ns,  Total Violation        0.000ns
---------------------------------------------------------------------------------------------------


Max Delay Paths
--------------------------------------------------------------------------------------
Slack (MET) :             2.443ns  (required time - arrival time)
  Source:                 ddr3.u_axi_wrap_ddr/u_Axi_CDC/wFifo/pushCC_pushPtrGray_reg[3]/C
                            (rising edge-triggered cell FDCE clocked by sys_clk  {rise@0.000ns fall@5.000ns period=10.000ns})
  Destination:            u_jtag_axi_wrap/u_jtag_axi/inst/jtag_axi_engine_u/tx_fifo_i/inst_fifo_gen/gconvfifo.rf/grf.rf/gntv_or_sync_fifo.mem/goreg_dm.dout_i_reg[0]/CE
                            (rising edge-triggered cell FDRE clocked by sys_clk  {rise@0.000ns fall@5.000ns period=10.000ns})
  Path Group:             sys_clk
  Path Type:              Setup (Max at Slow Process Corner)
  Requirement:            10.000ns  (sys_clk rise@10.000ns - sys_clk rise@0.000ns)
  Data Path Delay:        7.086ns  (logic 1.320ns (18.629%)  route 5.766ns (81.371%))
  Logic Levels:           6  (LUT2=1 LUT4=3 LUT5=1 LUT6=1)
  Clock Path Skew:        -0.058ns (DCD - SCD + CPR)
    Destination Clock Delay (DCD):    5.259ns = ( 15.259 - 10.000 ) 
    Source Clock Delay      (SCD):    5.584ns
    Clock Pessimism Removal (CPR):    0.267ns
  Clock Uncertainty:      0.067ns  ((TSJ^2 + DJ^2)^1/2) / 2 + PE
    Total System Jitter     (TSJ):    0.071ns
    Discrete Jitter          (DJ):    0.114ns
    Phase Error              (PE):    0.000ns

    Location             Delay type                Incr(ns)  Path(ns)    Netlist Resource(s)
  -------------------------------------------------------------------    -------------------
                         (clock sys_clk rise edge)    0.000     0.000 r  
    AC19                                              0.000     0.000 r  clk (IN)
                         net (fo=0)                   0.000     0.000    clk
    AC19                 IBUF (Prop_ibuf_I_O)         1.416     1.416 r  clk_IBUF_inst/O
                         net (fo=1, routed)           2.602     4.018    clk_IBUF
    BUFGCTRL_X0Y0        BUFG (Prop_bufg_I_O)         0.081     4.099 r  clk_IBUF_BUFG_inst/O
                         net (fo=2027, routed)        1.823     5.922    fpga_pll.u_clk_pll/inst/clk_in1
    PLLE2_ADV_X1Y0       PLLE2_ADV (Prop_plle2_adv_CLKIN1_CLKOUT1)
                                                     -4.192     1.730 r  fpga_pll.u_clk_pll/inst/plle2_adv_inst/CLKOUT1
                         net (fo=1, routed)           2.288     4.018    fpga_pll.u_clk_pll/inst/sys_clk_clk_pll
    BUFGCTRL_X0Y3        BUFG (Prop_bufg_I_O)         0.081     4.099 r  fpga_pll.u_clk_pll/inst/clkout2_buf/O
                         net (fo=3586, routed)        1.485     5.584    ddr3.u_axi_wrap_ddr/u_Axi_CDC/wFifo/sys_clk
    SLICE_X21Y196        FDCE                                         r  ddr3.u_axi_wrap_ddr/u_Axi_CDC/wFifo/pushCC_pushPtrGray_reg[3]/C
  -------------------------------------------------------------------    -------------------
    SLICE_X21Y196        FDCE (Prop_fdce_C_Q)         0.348     5.932 r  ddr3.u_axi_wrap_ddr/u_Axi_CDC/wFifo/pushCC_pushPtrGray_reg[3]/Q
                         net (fo=2, routed)           0.960     6.892    ddr3.u_axi_wrap_ddr/u_Axi_CDC/wFifo/popToPushGray_buffercc/Q[3]
    SLICE_X21Y197        LUT4 (Prop_lut4_I2_O)        0.242     7.134 r  ddr3.u_axi_wrap_ddr/u_Axi_CDC/wFifo/popToPushGray_buffercc/pushCC_pushPtr[3]_i_3/O
                         net (fo=3, routed)           0.346     7.480    ddr3.u_axi_wrap_ddr/u_Axi_CDC/wFifo/popToPushGray_buffercc/pushCC_pushPtr[3]_i_3_n_0
    SLICE_X23Y196        LUT5 (Prop_lut5_I0_O)        0.105     7.585 r  ddr3.u_axi_wrap_ddr/u_Axi_CDC/wFifo/popToPushGray_buffercc/u_axi_crossbar_2x3_i_4/O
                         net (fo=3, routed)           1.499     9.085    u_axi_crossbar_2x3/inst/gen_samd.crossbar_samd/gen_slave_slots[1].gen_si_write.wdata_router_w/wrouter_aw_fifo/gen_srls[0].gen_rep[2].srl_nx1/m_axi_wready[1]
    SLICE_X52Y185        LUT6 (Prop_lut6_I1_O)        0.105     9.190 r  u_axi_crossbar_2x3/inst/gen_samd.crossbar_samd/gen_slave_slots[1].gen_si_write.wdata_router_w/wrouter_aw_fifo/gen_srls[0].gen_rep[2].srl_nx1/s_axi_wready[1]_INST_0_i_2/O
                         net (fo=1, routed)           0.391     9.581    u_axi_crossbar_2x3/inst/gen_samd.crossbar_samd/gen_slave_slots[1].gen_si_write.wdata_router_w/wrouter_aw_fifo/gen_srls[0].gen_rep[2].srl_nx1/s_axi_wready[1]_INST_0_i_2_n_0
    SLICE_X52Y183        LUT4 (Prop_lut4_I0_O)        0.105     9.686 r  u_axi_crossbar_2x3/inst/gen_samd.crossbar_samd/gen_slave_slots[1].gen_si_write.wdata_router_w/wrouter_aw_fifo/gen_srls[0].gen_rep[2].srl_nx1/s_axi_wready[1]_INST_0_i_1/O
                         net (fo=2, routed)           0.677    10.364    u_axi_crossbar_2x3/inst/gen_samd.crossbar_samd/gen_slave_slots[1].gen_si_write.wdata_router_w/wrouter_aw_fifo/m_aready0__2
    SLICE_X53Y185        LUT2 (Prop_lut2_I1_O)        0.119    10.483 r  u_axi_crossbar_2x3/inst/gen_samd.crossbar_samd/gen_slave_slots[1].gen_si_write.wdata_router_w/wrouter_aw_fifo/s_axi_wready[1]_INST_0/O
                         net (fo=15, routed)          0.678    11.161    u_jtag_axi_wrap/u_jtag_axi/inst/jtag_axi_engine_u/tx_fifo_i/inst_fifo_gen/gconvfifo.rf/grf.rf/gntv_or_sync_fifo.gl0.rd/gr1.gr1_int.rfwft/m_axi_wready
    SLICE_X56Y184        LUT4 (Prop_lut4_I2_O)        0.296    11.457 r  u_jtag_axi_wrap/u_jtag_axi/inst/jtag_axi_engine_u/tx_fifo_i/inst_fifo_gen/gconvfifo.rf/grf.rf/gntv_or_sync_fifo.gl0.rd/gr1.gr1_int.rfwft/goreg_dm.dout_i[31]_i_1/O
                         net (fo=32, routed)          1.213    12.670    u_jtag_axi_wrap/u_jtag_axi/inst/jtag_axi_engine_u/tx_fifo_i/inst_fifo_gen/gconvfifo.rf/grf.rf/gntv_or_sync_fifo.mem/E[0]
    SLICE_X41Y193        FDRE                                         r  u_jtag_axi_wrap/u_jtag_axi/inst/jtag_axi_engine_u/tx_fifo_i/inst_fifo_gen/gconvfifo.rf/grf.rf/gntv_or_sync_fifo.mem/goreg_dm.dout_i_reg[0]/CE
  -------------------------------------------------------------------    -------------------

                         (clock sys_clk rise edge)   10.000    10.000 r  
    AC19                                              0.000    10.000 r  clk (IN)
                         net (fo=0)                   0.000    10.000    clk
    AC19                 IBUF (Prop_ibuf_I_O)         1.350    11.350 r  clk_IBUF_inst/O
                         net (fo=1, routed)           2.471    13.821    clk_IBUF
    BUFGCTRL_X0Y0        BUFG (Prop_bufg_I_O)         0.077    13.898 r  clk_IBUF_BUFG_inst/O
                         net (fo=2027, routed)        1.706    15.604    fpga_pll.u_clk_pll/inst/clk_in1
    PLLE2_ADV_X1Y0       PLLE2_ADV (Prop_plle2_adv_CLKIN1_CLKOUT1)
                                                     -3.960    11.644 r  fpga_pll.u_clk_pll/inst/plle2_adv_inst/CLKOUT1
                         net (fo=1, routed)           2.177    13.821    fpga_pll.u_clk_pll/inst/sys_clk_clk_pll
    BUFGCTRL_X0Y3        BUFG (Prop_bufg_I_O)         0.077    13.898 r  fpga_pll.u_clk_pll/inst/clkout2_buf/O
                         net (fo=3586, routed)        1.361    15.259    u_jtag_axi_wrap/u_jtag_axi/inst/jtag_axi_engine_u/tx_fifo_i/inst_fifo_gen/gconvfifo.rf/grf.rf/gntv_or_sync_fifo.mem/gpr1.dout_i_reg[31]
    SLICE_X41Y193        FDRE                                         r  u_jtag_axi_wrap/u_jtag_axi/inst/jtag_axi_engine_u/tx_fifo_i/inst_fifo_gen/gconvfifo.rf/grf.rf/gntv_or_sync_fifo.mem/goreg_dm.dout_i_reg[0]/C
                         clock pessimism              0.267    15.526    
                         clock uncertainty           -0.067    15.459    
    SLICE_X41Y193        FDRE (Setup_fdre_C_CE)      -0.346    15.113    u_jtag_axi_wrap/u_jtag_axi/inst/jtag_axi_engine_u/tx_fifo_i/inst_fifo_gen/gconvfifo.rf/grf.rf/gntv_or_sync_fifo.mem/goreg_dm.dout_i_reg[0]
  -------------------------------------------------------------------
                         required time                         15.113    
                         arrival time                         -12.670    
  -------------------------------------------------------------------
                         slack                                  2.443    





Min Delay Paths
--------------------------------------------------------------------------------------
Slack (MET) :             0.050ns  (arrival time - required time)
  Source:                 u_axi_crossbar_2x3/inst/gen_samd.crossbar_samd/addr_arbiter_ar/gen_arbiter.m_mesg_i_reg[22]/C
                            (rising edge-triggered cell FDRE clocked by sys_clk  {rise@0.000ns fall@5.000ns period=10.000ns})
  Destination:            ddr3.u_axi_wrap_ddr/u_Axi_CDC/arFifo/ram_reg_0_3_18_23/RAMA/I
                            (rising edge-triggered cell RAMD32 clocked by sys_clk  {rise@0.000ns fall@5.000ns period=10.000ns})
  Path Group:             sys_clk
  Path Type:              Hold (Min at Fast Process Corner)
  Requirement:            0.000ns  (sys_clk rise@0.000ns - sys_clk rise@0.000ns)
  Data Path Delay:        0.210ns  (logic 0.141ns (67.144%)  route 0.069ns (32.856%))
  Logic Levels:           0  
  Clock Path Skew:        0.013ns (DCD - SCD - CPR)
    Destination Clock Delay (DCD):    2.502ns
    Source Clock Delay      (SCD):    1.956ns
    Clock Pessimism Removal (CPR):    0.533ns

    Location             Delay type                Incr(ns)  Path(ns)    Netlist Resource(s)
  -------------------------------------------------------------------    -------------------
                         (clock sys_clk rise edge)    0.000     0.000 r  
    AC19                                              0.000     0.000 r  clk (IN)
                         net (fo=0)                   0.000     0.000    clk
    AC19                 IBUF (Prop_ibuf_I_O)         0.253     0.253 r  clk_IBUF_inst/O
                         net (fo=1, routed)           1.074     1.327    clk_IBUF
    BUFGCTRL_X0Y0        BUFG (Prop_bufg_I_O)         0.026     1.353 r  clk_IBUF_BUFG_inst/O
                         net (fo=2027, routed)        0.750     2.103    fpga_pll.u_clk_pll/inst/clk_in1
    PLLE2_ADV_X1Y0       PLLE2_ADV (Prop_plle2_adv_CLKIN1_CLKOUT1)
                                                     -1.703     0.400 r  fpga_pll.u_clk_pll/inst/plle2_adv_inst/CLKOUT1
                         net (fo=1, routed)           0.927     1.327    fpga_pll.u_clk_pll/inst/sys_clk_clk_pll
    BUFGCTRL_X0Y3        BUFG (Prop_bufg_I_O)         0.026     1.353 r  fpga_pll.u_clk_pll/inst/clkout2_buf/O
                         net (fo=3586, routed)        0.604     1.956    u_axi_crossbar_2x3/inst/gen_samd.crossbar_samd/addr_arbiter_ar/aclk
    SLICE_X37Y172        FDRE                                         r  u_axi_crossbar_2x3/inst/gen_samd.crossbar_samd/addr_arbiter_ar/gen_arbiter.m_mesg_i_reg[22]/C
  -------------------------------------------------------------------    -------------------
    SLICE_X37Y172        FDRE (Prop_fdre_C_Q)         0.141     2.097 r  u_axi_crossbar_2x3/inst/gen_samd.crossbar_samd/addr_arbiter_ar/gen_arbiter.m_mesg_i_reg[22]/Q
                         net (fo=2, routed)           0.069     2.166    ddr3.u_axi_wrap_ddr/u_Axi_CDC/arFifo/ram_reg_0_3_18_23/DIA0
    SLICE_X36Y172        RAMD32                                       r  ddr3.u_axi_wrap_ddr/u_Axi_CDC/arFifo/ram_reg_0_3_18_23/RAMA/I
  -------------------------------------------------------------------    -------------------

                         (clock sys_clk rise edge)    0.000     0.000 r  
    AC19                                              0.000     0.000 r  clk (IN)
                         net (fo=0)                   0.000     0.000    clk
    AC19                 IBUF (Prop_ibuf_I_O)         0.441     0.441 r  clk_IBUF_inst/O
                         net (fo=1, routed)           1.160     1.601    clk_IBUF
    BUFGCTRL_X0Y0        BUFG (Prop_bufg_I_O)         0.029     1.630 r  clk_IBUF_BUFG_inst/O
                         net (fo=2027, routed)        1.027     2.656    fpga_pll.u_clk_pll/inst/clk_in1
    PLLE2_ADV_X1Y0       PLLE2_ADV (Prop_plle2_adv_CLKIN1_CLKOUT1)
                                                     -2.061     0.596 r  fpga_pll.u_clk_pll/inst/plle2_adv_inst/CLKOUT1
                         net (fo=1, routed)           1.005     1.601    fpga_pll.u_clk_pll/inst/sys_clk_clk_pll
    BUFGCTRL_X0Y3        BUFG (Prop_bufg_I_O)         0.029     1.630 r  fpga_pll.u_clk_pll/inst/clkout2_buf/O
                         net (fo=3586, routed)        0.873     2.502    ddr3.u_axi_wrap_ddr/u_Axi_CDC/arFifo/ram_reg_0_3_18_23/WCLK
    SLICE_X36Y172        RAMD32                                       r  ddr3.u_axi_wrap_ddr/u_Axi_CDC/arFifo/ram_reg_0_3_18_23/RAMA/CLK
                         clock pessimism             -0.533     1.969    
    SLICE_X36Y172        RAMD32 (Hold_ramd32_CLK_I)
                                                      0.147     2.116    ddr3.u_axi_wrap_ddr/u_Axi_CDC/arFifo/ram_reg_0_3_18_23/RAMA
  -------------------------------------------------------------------
                         required time                         -2.116    
                         arrival time                           2.166    
  -------------------------------------------------------------------
                         slack                                  0.050    





Pulse Width Checks
--------------------------------------------------------------------------------------
Clock Name:         sys_clk
Waveform(ns):       { 0.000 5.000 }
Period(ns):         10.000
Sources:            { fpga_pll.u_clk_pll/inst/plle2_adv_inst/CLKOUT1 }

Check Type        Corner  Lib Pin             Reference Pin  Required(ns)  Actual(ns)  Slack(ns)  Location        Pin
Min Period        n/a     RAMB36E1/CLKARDCLK  n/a            2.170         10.000      7.830      RAMB36_X3Y34    u_jtag_axi_wrap/u_jtag_axi/inst/jtag_axi_engine_u/rd_cmd_fifo_i/inst_fifo_gen/gconvfifo.rf/grf.rf/gntv_or_sync_fifo.mem/gbm.gbmg.gbmga.ngecc.bmg/inst_blk_mem_gen/gnbram.gnativebmg.native_blk_mem_gen/valid.cstr/ramloop[0].ram.r/prim_noinit.ram/DEVICE_7SERIES.NO_BMM_INFO.SDP.WIDE_PRIM36_NO_ECC.ram/CLKARDCLK
Max Period        n/a     PLLE2_ADV/CLKOUT1   n/a            160.000       10.000      150.000    PLLE2_ADV_X1Y0  fpga_pll.u_clk_pll/inst/plle2_adv_inst/CLKOUT1
Low Pulse Width   Slow    RAMD32/CLK          n/a            1.130         5.000       3.870      SLICE_X6Y182    APB_DEV/uart0/regs/receiver/fifo_rx/rfifo/ram_reg_0_15_0_5/RAMA/CLK
High Pulse Width  Slow    RAMD32/CLK          n/a            1.130         5.000       3.870      SLICE_X6Y182    APB_DEV/uart0/regs/receiver/fifo_rx/rfifo/ram_reg_0_15_0_5/RAMA/CLK



---------------------------------------------------------------------------------------------------
From Clock:  dbg_hub/inst/BSCANID.u_xsdbm_id/SWITCH_N_EXT_BSCAN.bscan_inst/SERIES7_BSCAN.bscan_inst/TCK
  To Clock:  dbg_hub/inst/BSCANID.u_xsdbm_id/SWITCH_N_EXT_BSCAN.bscan_inst/SERIES7_BSCAN.bscan_inst/TCK

Setup :            0  Failing Endpoints,  Worst Slack       27.165ns,  Total Violation        0.000ns
Hold  :            0  Failing Endpoints,  Worst Slack        0.093ns,  Total Violation        0.000ns
PW    :            0  Failing Endpoints,  Worst Slack       15.370ns,  Total Violation        0.000ns
---------------------------------------------------------------------------------------------------


Max Delay Paths
--------------------------------------------------------------------------------------
Slack (MET) :             27.165ns  (required time - arrival time)
  Source:                 dbg_hub/inst/BSCANID.u_xsdbm_id/SWITCH_N_EXT_BSCAN.bscan_switch/state_reg[1]/C
                            (rising edge-triggered cell FDRE clocked by dbg_hub/inst/BSCANID.u_xsdbm_id/SWITCH_N_EXT_BSCAN.bscan_inst/SERIES7_BSCAN.bscan_inst/TCK  {rise@0.000ns fall@16.500ns period=33.000ns})
  Destination:            dbg_hub/inst/BSCANID.u_xsdbm_id/SWITCH_N_EXT_BSCAN.bscan_switch/portno_temp_reg[4]/D
                            (rising edge-triggered cell FDRE clocked by dbg_hub/inst/BSCANID.u_xsdbm_id/SWITCH_N_EXT_BSCAN.bscan_inst/SERIES7_BSCAN.bscan_inst/TCK  {rise@0.000ns fall@16.500ns period=33.000ns})
  Path Group:             dbg_hub/inst/BSCANID.u_xsdbm_id/SWITCH_N_EXT_BSCAN.bscan_inst/SERIES7_BSCAN.bscan_inst/TCK
  Path Type:              Setup (Max at Slow Process Corner)
  Requirement:            33.000ns  (dbg_hub/inst/BSCANID.u_xsdbm_id/SWITCH_N_EXT_BSCAN.bscan_inst/SERIES7_BSCAN.bscan_inst/TCK rise@33.000ns - dbg_hub/inst/BSCANID.u_xsdbm_id/SWITCH_N_EXT_BSCAN.bscan_inst/SERIES7_BSCAN.bscan_inst/TCK rise@0.000ns)
  Data Path Delay:        5.844ns  (logic 1.827ns (31.262%)  route 4.017ns (68.738%))
  Logic Levels:           6  (CARRY4=2 LUT3=1 LUT4=1 LUT5=1 LUT6=1)
  Clock Path Skew:        -0.027ns (DCD - SCD + CPR)
    Destination Clock Delay (DCD):    3.840ns = ( 36.840 - 33.000 ) 
    Source Clock Delay      (SCD):    4.319ns
    Clock Pessimism Removal (CPR):    0.451ns
  Clock Uncertainty:      0.035ns  ((TSJ^2 + TIJ^2)^1/2 + DJ) / 2 + PE
    Total System Jitter     (TSJ):    0.071ns
    Total Input Jitter      (TIJ):    0.000ns
    Discrete Jitter          (DJ):    0.000ns
    Phase Error              (PE):    0.000ns

    Location             Delay type                Incr(ns)  Path(ns)    Netlist Resource(s)
  -------------------------------------------------------------------    -------------------
                         (clock dbg_hub/inst/BSCANID.u_xsdbm_id/SWITCH_N_EXT_BSCAN.bscan_inst/SERIES7_BSCAN.bscan_inst/TCK rise edge)
                                                      0.000     0.000 r  
    BSCAN_X0Y0           BSCANE2                      0.000     0.000 r  dbg_hub/inst/BSCANID.u_xsdbm_id/SWITCH_N_EXT_BSCAN.bscan_inst/SERIES7_BSCAN.bscan_inst/TCK
                         net (fo=1, routed)           2.673     2.673    dbg_hub/inst/BSCANID.u_xsdbm_id/tck_bs
    BUFGCTRL_X0Y4        BUFG (Prop_bufg_I_O)         0.081     2.754 r  dbg_hub/inst/BSCANID.u_xsdbm_id/SWITCH_N_EXT_BSCAN.u_bufg_icon_tck/O
                         net (fo=486, routed)         1.565     4.319    dbg_hub/inst/BSCANID.u_xsdbm_id/SWITCH_N_EXT_BSCAN.bscan_switch/s_bscan_tck
    SLICE_X45Y235        FDRE                                         r  dbg_hub/inst/BSCANID.u_xsdbm_id/SWITCH_N_EXT_BSCAN.bscan_switch/state_reg[1]/C
  -------------------------------------------------------------------    -------------------
    SLICE_X45Y235        FDRE (Prop_fdre_C_Q)         0.348     4.667 f  dbg_hub/inst/BSCANID.u_xsdbm_id/SWITCH_N_EXT_BSCAN.bscan_switch/state_reg[1]/Q
                         net (fo=50, routed)          1.650     6.316    dbg_hub/inst/BSCANID.u_xsdbm_id/SWITCH_N_EXT_BSCAN.bscan_switch/state[1]
    SLICE_X46Y233        LUT4 (Prop_lut4_I3_O)        0.259     6.575 r  dbg_hub/inst/BSCANID.u_xsdbm_id/SWITCH_N_EXT_BSCAN.bscan_switch/curid_inferred_i_24/O
                         net (fo=2, routed)           0.556     7.131    dbg_hub/inst/BSCANID.u_xsdbm_id/SWITCH_N_EXT_BSCAN.bscan_switch/curid[8]
    SLICE_X47Y233        LUT6 (Prop_lut6_I3_O)        0.286     7.417 r  dbg_hub/inst/BSCANID.u_xsdbm_id/SWITCH_N_EXT_BSCAN.bscan_switch/state_temp[0]_i_12/O
                         net (fo=1, routed)           0.000     7.417    dbg_hub/inst/BSCANID.u_xsdbm_id/SWITCH_N_EXT_BSCAN.bscan_switch/state_temp[0]_i_12_n_0
    SLICE_X47Y233        CARRY4 (Prop_carry4_S[0]_CO[3])
                                                      0.440     7.857 r  dbg_hub/inst/BSCANID.u_xsdbm_id/SWITCH_N_EXT_BSCAN.bscan_switch/state_temp_reg[0]_i_4/CO[3]
                         net (fo=1, routed)           0.000     7.857    dbg_hub/inst/BSCANID.u_xsdbm_id/SWITCH_N_EXT_BSCAN.bscan_switch/state_temp_reg[0]_i_4_n_0
    SLICE_X47Y234        CARRY4 (Prop_carry4_CI_CO[3])
                                                      0.098     7.955 f  dbg_hub/inst/BSCANID.u_xsdbm_id/SWITCH_N_EXT_BSCAN.bscan_switch/state_temp_reg[0]_i_3/CO[3]
                         net (fo=4, routed)           1.084     9.039    dbg_hub/inst/BSCANID.u_xsdbm_id/SWITCH_N_EXT_BSCAN.bscan_switch/state_temp_reg[0]_i_3_n_0
    SLICE_X44Y234        LUT5 (Prop_lut5_I1_O)        0.128     9.167 r  dbg_hub/inst/BSCANID.u_xsdbm_id/SWITCH_N_EXT_BSCAN.bscan_switch/portno_temp[5]_i_2/O
                         net (fo=7, routed)           0.728     9.895    dbg_hub/inst/BSCANID.u_xsdbm_id/SWITCH_N_EXT_BSCAN.bscan_switch/portno_temp[5]_i_2_n_0
    SLICE_X44Y234        LUT3 (Prop_lut3_I1_O)        0.268    10.163 r  dbg_hub/inst/BSCANID.u_xsdbm_id/SWITCH_N_EXT_BSCAN.bscan_switch/portno_temp[4]_i_1/O
                         net (fo=1, routed)           0.000    10.163    dbg_hub/inst/BSCANID.u_xsdbm_id/SWITCH_N_EXT_BSCAN.bscan_switch/portno_temp[4]_i_1_n_0
    SLICE_X44Y234        FDRE                                         r  dbg_hub/inst/BSCANID.u_xsdbm_id/SWITCH_N_EXT_BSCAN.bscan_switch/portno_temp_reg[4]/D
  -------------------------------------------------------------------    -------------------

                         (clock dbg_hub/inst/BSCANID.u_xsdbm_id/SWITCH_N_EXT_BSCAN.bscan_inst/SERIES7_BSCAN.bscan_inst/TCK rise edge)
                                                     33.000    33.000 r  
    BSCAN_X0Y0           BSCANE2                      0.000    33.000 r  dbg_hub/inst/BSCANID.u_xsdbm_id/SWITCH_N_EXT_BSCAN.bscan_inst/SERIES7_BSCAN.bscan_inst/TCK
                         net (fo=1, routed)           2.316    35.316    dbg_hub/inst/BSCANID.u_xsdbm_id/tck_bs
    BUFGCTRL_X0Y4        BUFG (Prop_bufg_I_O)         0.077    35.393 r  dbg_hub/inst/BSCANID.u_xsdbm_id/SWITCH_N_EXT_BSCAN.u_bufg_icon_tck/O
                         net (fo=486, routed)         1.448    36.840    dbg_hub/inst/BSCANID.u_xsdbm_id/SWITCH_N_EXT_BSCAN.bscan_switch/s_bscan_tck
    SLICE_X44Y234        FDRE                                         r  dbg_hub/inst/BSCANID.u_xsdbm_id/SWITCH_N_EXT_BSCAN.bscan_switch/portno_temp_reg[4]/C
                         clock pessimism              0.451    37.292    
                         clock uncertainty           -0.035    37.256    
    SLICE_X44Y234        FDRE (Setup_fdre_C_D)        0.072    37.328    dbg_hub/inst/BSCANID.u_xsdbm_id/SWITCH_N_EXT_BSCAN.bscan_switch/portno_temp_reg[4]
  -------------------------------------------------------------------
                         required time                         37.328    
                         arrival time                         -10.163    
  -------------------------------------------------------------------
                         slack                                 27.165    





Min Delay Paths
--------------------------------------------------------------------------------------
Slack (MET) :             0.093ns  (arrival time - required time)
  Source:                 dbg_hub/inst/BSCANID.u_xsdbm_id/CORE_XSDB.UUT_MASTER/U_ICON_INTERFACE/U_CMD6_WR/shift_reg_in_reg[9]/C
                            (rising edge-triggered cell FDCE clocked by dbg_hub/inst/BSCANID.u_xsdbm_id/SWITCH_N_EXT_BSCAN.bscan_inst/SERIES7_BSCAN.bscan_inst/TCK  {rise@0.000ns fall@16.500ns period=33.000ns})
  Destination:            dbg_hub/inst/BSCANID.u_xsdbm_id/CORE_XSDB.UUT_MASTER/U_ICON_INTERFACE/U_CMD6_WR/U_WR_FIFO/SUBCORE_FIFO.xsdbm_v3_0_0_wrfifo_inst/inst_fifo_gen/gconvfifo.rf/grf.rf/gntv_or_sync_fifo.mem/gdm.dm_gen.dm/RAM_reg_0_15_6_11/RAMB/I
                            (rising edge-triggered cell RAMD32 clocked by dbg_hub/inst/BSCANID.u_xsdbm_id/SWITCH_N_EXT_BSCAN.bscan_inst/SERIES7_BSCAN.bscan_inst/TCK  {rise@0.000ns fall@16.500ns period=33.000ns})
  Path Group:             dbg_hub/inst/BSCANID.u_xsdbm_id/SWITCH_N_EXT_BSCAN.bscan_inst/SERIES7_BSCAN.bscan_inst/TCK
  Path Type:              Hold (Min at Fast Process Corner)
  Requirement:            0.000ns  (dbg_hub/inst/BSCANID.u_xsdbm_id/SWITCH_N_EXT_BSCAN.bscan_inst/SERIES7_BSCAN.bscan_inst/TCK rise@0.000ns - dbg_hub/inst/BSCANID.u_xsdbm_id/SWITCH_N_EXT_BSCAN.bscan_inst/SERIES7_BSCAN.bscan_inst/TCK rise@0.000ns)
  Data Path Delay:        0.199ns  (logic 0.128ns (64.466%)  route 0.071ns (35.534%))
  Logic Levels:           0  
  Clock Path Skew:        0.013ns (DCD - SCD - CPR)
    Destination Clock Delay (DCD):    2.476ns
    Source Clock Delay      (SCD):    2.013ns
    Clock Pessimism Removal (CPR):    0.450ns

    Location             Delay type                Incr(ns)  Path(ns)    Netlist Resource(s)
  -------------------------------------------------------------------    -------------------
                         (clock dbg_hub/inst/BSCANID.u_xsdbm_id/SWITCH_N_EXT_BSCAN.bscan_inst/SERIES7_BSCAN.bscan_inst/TCK rise edge)
                                                      0.000     0.000 r  
    BSCAN_X0Y0           BSCANE2                      0.000     0.000 r  dbg_hub/inst/BSCANID.u_xsdbm_id/SWITCH_N_EXT_BSCAN.bscan_inst/SERIES7_BSCAN.bscan_inst/TCK
                         net (fo=1, routed)           1.410     1.410    dbg_hub/inst/BSCANID.u_xsdbm_id/tck_bs
    BUFGCTRL_X0Y4        BUFG (Prop_bufg_I_O)         0.026     1.436 r  dbg_hub/inst/BSCANID.u_xsdbm_id/SWITCH_N_EXT_BSCAN.u_bufg_icon_tck/O
                         net (fo=486, routed)         0.578     2.013    dbg_hub/inst/BSCANID.u_xsdbm_id/CORE_XSDB.UUT_MASTER/U_ICON_INTERFACE/U_CMD6_WR/m_bscan_tck[0]
    SLICE_X65Y193        FDCE                                         r  dbg_hub/inst/BSCANID.u_xsdbm_id/CORE_XSDB.UUT_MASTER/U_ICON_INTERFACE/U_CMD6_WR/shift_reg_in_reg[9]/C
  -------------------------------------------------------------------    -------------------
    SLICE_X65Y193        FDCE (Prop_fdce_C_Q)         0.128     2.141 r  dbg_hub/inst/BSCANID.u_xsdbm_id/CORE_XSDB.UUT_MASTER/U_ICON_INTERFACE/U_CMD6_WR/shift_reg_in_reg[9]/Q
                         net (fo=2, routed)           0.071     2.212    dbg_hub/inst/BSCANID.u_xsdbm_id/CORE_XSDB.UUT_MASTER/U_ICON_INTERFACE/U_CMD6_WR/U_WR_FIFO/SUBCORE_FIFO.xsdbm_v3_0_0_wrfifo_inst/inst_fifo_gen/gconvfifo.rf/grf.rf/gntv_or_sync_fifo.mem/gdm.dm_gen.dm/RAM_reg_0_15_6_11/DIB0
    SLICE_X64Y193        RAMD32                                       r  dbg_hub/inst/BSCANID.u_xsdbm_id/CORE_XSDB.UUT_MASTER/U_ICON_INTERFACE/U_CMD6_WR/U_WR_FIFO/SUBCORE_FIFO.xsdbm_v3_0_0_wrfifo_inst/inst_fifo_gen/gconvfifo.rf/grf.rf/gntv_or_sync_fifo.mem/gdm.dm_gen.dm/RAM_reg_0_15_6_11/RAMB/I
  -------------------------------------------------------------------    -------------------

                         (clock dbg_hub/inst/BSCANID.u_xsdbm_id/SWITCH_N_EXT_BSCAN.bscan_inst/SERIES7_BSCAN.bscan_inst/TCK rise edge)
                                                      0.000     0.000 r  
    BSCAN_X0Y0           BSCANE2                      0.000     0.000 r  dbg_hub/inst/BSCANID.u_xsdbm_id/SWITCH_N_EXT_BSCAN.bscan_inst/SERIES7_BSCAN.bscan_inst/TCK
                         net (fo=1, routed)           1.599     1.599    dbg_hub/inst/BSCANID.u_xsdbm_id/tck_bs
    BUFGCTRL_X0Y4        BUFG (Prop_bufg_I_O)         0.029     1.628 r  dbg_hub/inst/BSCANID.u_xsdbm_id/SWITCH_N_EXT_BSCAN.u_bufg_icon_tck/O
                         net (fo=486, routed)         0.848     2.476    dbg_hub/inst/BSCANID.u_xsdbm_id/CORE_XSDB.UUT_MASTER/U_ICON_INTERFACE/U_CMD6_WR/U_WR_FIFO/SUBCORE_FIFO.xsdbm_v3_0_0_wrfifo_inst/inst_fifo_gen/gconvfifo.rf/grf.rf/gntv_or_sync_fifo.mem/gdm.dm_gen.dm/RAM_reg_0_15_6_11/WCLK
    SLICE_X64Y193        RAMD32                                       r  dbg_hub/inst/BSCANID.u_xsdbm_id/CORE_XSDB.UUT_MASTER/U_ICON_INTERFACE/U_CMD6_WR/U_WR_FIFO/SUBCORE_FIFO.xsdbm_v3_0_0_wrfifo_inst/inst_fifo_gen/gconvfifo.rf/grf.rf/gntv_or_sync_fifo.mem/gdm.dm_gen.dm/RAM_reg_0_15_6_11/RAMB/CLK
                         clock pessimism             -0.450     2.026    
    SLICE_X64Y193        RAMD32 (Hold_ramd32_CLK_I)
                                                      0.093     2.119    dbg_hub/inst/BSCANID.u_xsdbm_id/CORE_XSDB.UUT_MASTER/U_ICON_INTERFACE/U_CMD6_WR/U_WR_FIFO/SUBCORE_FIFO.xsdbm_v3_0_0_wrfifo_inst/inst_fifo_gen/gconvfifo.rf/grf.rf/gntv_or_sync_fifo.mem/gdm.dm_gen.dm/RAM_reg_0_15_6_11/RAMB
  -------------------------------------------------------------------
                         required time                         -2.119    
                         arrival time                           2.212    
  -------------------------------------------------------------------
                         slack                                  0.093    





Pulse Width Checks
--------------------------------------------------------------------------------------
Clock Name:         dbg_hub/inst/BSCANID.u_xsdbm_id/SWITCH_N_EXT_BSCAN.bscan_inst/SERIES7_BSCAN.bscan_inst/TCK
Waveform(ns):       { 0.000 16.500 }
Period(ns):         33.000
Sources:            { dbg_hub/inst/BSCANID.u_xsdbm_id/SWITCH_N_EXT_BSCAN.bscan_inst/SERIES7_BSCAN.bscan_inst/TCK }

Check Type        Corner  Lib Pin     Reference Pin  Required(ns)  Actual(ns)  Slack(ns)  Location       Pin
Min Period        n/a     BUFG/I      n/a            1.592         33.000      31.408     BUFGCTRL_X0Y4  dbg_hub/inst/BSCANID.u_xsdbm_id/SWITCH_N_EXT_BSCAN.u_bufg_icon_tck/I
Low Pulse Width   Slow    RAMD32/CLK  n/a            1.130         16.500      15.370     SLICE_X64Y194  dbg_hub/inst/BSCANID.u_xsdbm_id/CORE_XSDB.UUT_MASTER/U_ICON_INTERFACE/U_CMD6_WR/U_WR_FIFO/SUBCORE_FIFO.xsdbm_v3_0_0_wrfifo_inst/inst_fifo_gen/gconvfifo.rf/grf.rf/gntv_or_sync_fifo.mem/gdm.dm_gen.dm/RAM_reg_0_15_0_5/RAMA/CLK
High Pulse Width  Slow    RAMD32/CLK  n/a            1.130         16.500      15.370     SLICE_X64Y194  dbg_hub/inst/BSCANID.u_xsdbm_id/CORE_XSDB.UUT_MASTER/U_ICON_INTERFACE/U_CMD6_WR/U_WR_FIFO/SUBCORE_FIFO.xsdbm_v3_0_0_wrfifo_inst/inst_fifo_gen/gconvfifo.rf/grf.rf/gntv_or_sync_fifo.mem/gdm.dm_gen.dm/RAM_reg_0_15_0_5/RAMA/CLK



---------------------------------------------------------------------------------------------------
From Clock:  clk_pll_i
  To Clock:  clk

Setup :            0  Failing Endpoints,  Worst Slack        5.220ns,  Total Violation        0.000ns
Hold  :            0  Failing Endpoints,  Worst Slack        1.413ns,  Total Violation        0.000ns
---------------------------------------------------------------------------------------------------


Max Delay Paths
--------------------------------------------------------------------------------------
Slack (MET) :             5.220ns  (required time - arrival time)
  Source:                 ddr3.u_axi_wrap_ddr/mig_axi/u_mig_axi_32_mig/u_memc_ui_top_axi/mem_intfc0/ddr_phy_top0/u_ddr_calib_top/init_calib_complete_reg/C
                            (rising edge-triggered cell FDRE clocked by clk_pll_i  {rise@0.000ns fall@5.000ns period=10.000ns})
  Destination:            ddr_calib_vio_sync_reg[0]/D
                            (rising edge-triggered cell FDCE clocked by clk  {rise@0.000ns fall@5.000ns period=10.000ns})
  Path Group:             clk
  Path Type:              Setup (Max at Slow Process Corner)
  Requirement:            10.000ns  (clk rise@10.000ns - clk_pll_i rise@0.000ns)
  Data Path Delay:        1.906ns  (logic 0.379ns (19.888%)  route 1.527ns (80.112%))
  Logic Levels:           0  
  Clock Path Skew:        -2.671ns (DCD - SCD + CPR)
    Destination Clock Delay (DCD):    5.185ns = ( 15.185 - 10.000 ) 
    Source Clock Delay      (SCD):    8.057ns
    Clock Pessimism Removal (CPR):    0.201ns
  Clock Uncertainty:      0.174ns  ((TSJ^2 + DJ^2)^1/2) / 2 + PE
    Total System Jitter     (TSJ):    0.071ns
    Discrete Jitter          (DJ):    0.096ns
    Phase Error              (PE):    0.114ns

    Location             Delay type                Incr(ns)  Path(ns)    Netlist Resource(s)
  -------------------------------------------------------------------    -------------------
                         (clock clk_pll_i rise edge)
                                                      0.000     0.000 r  
    AC19                                              0.000     0.000 r  clk (IN)
                         net (fo=0)                   0.000     0.000    clk
    AC19                 IBUF (Prop_ibuf_I_O)         1.416     1.416 r  clk_IBUF_inst/O
                         net (fo=1, routed)           2.602     4.018    clk_IBUF
    BUFGCTRL_X0Y0        BUFG (Prop_bufg_I_O)         0.081     4.099 r  clk_IBUF_BUFG_inst/O
                         net (fo=2027, routed)        1.696     5.795    ddr3.u_axi_wrap_ddr/mig_axi/u_mig_axi_32_mig/u_ddr3_infrastructure/mmcm_clk
    PLLE2_ADV_X0Y4       PLLE2_ADV (Prop_plle2_adv_CLKIN1_CLKOUT3)
                                                      0.077     5.872 r  ddr3.u_axi_wrap_ddr/mig_axi/u_mig_axi_32_mig/u_ddr3_infrastructure/plle2_i/CLKOUT3
                         net (fo=1, routed)           1.429     7.301    ddr3.u_axi_wrap_ddr/mig_axi/u_mig_axi_32_mig/u_ddr3_infrastructure/pll_clk3_out
    BUFHCE_X0Y48         BUFH (Prop_bufh_I_O)         0.106     7.407 r  ddr3.u_axi_wrap_ddr/mig_axi/u_mig_axi_32_mig/u_ddr3_infrastructure/u_bufh_pll_clk3/O
                         net (fo=1, routed)           0.841     8.248    ddr3.u_axi_wrap_ddr/mig_axi/u_mig_axi_32_mig/u_ddr3_infrastructure/pll_clk3
    MMCME2_ADV_X0Y4      MMCME2_ADV (Prop_mmcme2_adv_CLKIN1_CLKFBOUT)
                                                     -3.816     4.432 r  ddr3.u_axi_wrap_ddr/mig_axi/u_mig_axi_32_mig/u_ddr3_infrastructure/gen_mmcm.mmcm_i/CLKFBOUT
                         net (fo=1, routed)           2.061     6.493    ddr3.u_axi_wrap_ddr/mig_axi/u_mig_axi_32_mig/u_ddr3_infrastructure/clk_pll_i
    BUFGCTRL_X0Y16       BUFG (Prop_bufg_I_O)         0.081     6.574 r  ddr3.u_axi_wrap_ddr/mig_axi/u_mig_axi_32_mig/u_ddr3_infrastructure/u_bufg_clkdiv0/O
                         net (fo=7005, routed)        1.483     8.057    ddr3.u_axi_wrap_ddr/mig_axi/u_mig_axi_32_mig/u_memc_ui_top_axi/mem_intfc0/ddr_phy_top0/u_ddr_calib_top/CLK
    SLICE_X11Y193        FDRE                                         r  ddr3.u_axi_wrap_ddr/mig_axi/u_mig_axi_32_mig/u_memc_ui_top_axi/mem_intfc0/ddr_phy_top0/u_ddr_calib_top/init_calib_complete_reg/C
  -------------------------------------------------------------------    -------------------
    SLICE_X11Y193        FDRE (Prop_fdre_C_Q)         0.379     8.436 r  ddr3.u_axi_wrap_ddr/mig_axi/u_mig_axi_32_mig/u_memc_ui_top_axi/mem_intfc0/ddr_phy_top0/u_ddr_calib_top/init_calib_complete_reg/Q
                         net (fo=3, routed)           1.527     9.963    ddr_calib_complete
    SLICE_X52Y190        FDCE                                         r  ddr_calib_vio_sync_reg[0]/D
  -------------------------------------------------------------------    -------------------

                         (clock clk rise edge)       10.000    10.000 r  
    AC19                                              0.000    10.000 r  clk (IN)
                         net (fo=0)                   0.000    10.000    clk
    AC19                 IBUF (Prop_ibuf_I_O)         1.350    11.350 r  clk_IBUF_inst/O
                         net (fo=1, routed)           2.471    13.821    clk_IBUF
    BUFGCTRL_X0Y0        BUFG (Prop_bufg_I_O)         0.077    13.898 r  clk_IBUF_BUFG_inst/O
                         net (fo=2027, routed)        1.287    15.185    clk_IBUF_BUFG
    SLICE_X52Y190        FDCE                                         r  ddr_calib_vio_sync_reg[0]/C
                         clock pessimism              0.201    15.386    
                         clock uncertainty           -0.174    15.212    
    SLICE_X52Y190        FDCE (Setup_fdce_C_D)       -0.029    15.183    ddr_calib_vio_sync_reg[0]
  -------------------------------------------------------------------
                         required time                         15.183    
                         arrival time                          -9.963    
  -------------------------------------------------------------------
                         slack                                  5.220    





Min Delay Paths
--------------------------------------------------------------------------------------
Slack (MET) :             1.413ns  (arrival time - required time)
  Source:                 ddr3.u_axi_wrap_ddr/mig_axi/u_mig_axi_32_mig/u_memc_ui_top_axi/mem_intfc0/ddr_phy_top0/u_ddr_calib_top/init_calib_complete_reg/C
                            (rising edge-triggered cell FDRE clocked by clk_pll_i  {rise@0.000ns fall@5.000ns period=10.000ns})
  Destination:            ddr_calib_vio_sync_reg[0]/D
                            (rising edge-triggered cell FDCE clocked by clk  {rise@0.000ns fall@5.000ns period=10.000ns})
  Path Group:             clk
  Path Type:              Hold (Min at Fast Process Corner)
  Requirement:            0.000ns  (clk rise@0.000ns - clk_pll_i rise@0.000ns)
  Data Path Delay:        0.972ns  (logic 0.141ns (14.510%)  route 0.831ns (85.490%))
  Logic Levels:           0  
  Clock Path Skew:        -0.691ns (DCD - SCD - CPR)
    Destination Clock Delay (DCD):    2.482ns
    Source Clock Delay      (SCD):    2.896ns
    Clock Pessimism Removal (CPR):    0.277ns
  Clock Uncertainty:      0.174ns  ((TSJ^2 + DJ^2)^1/2) / 2 + PE
    Total System Jitter     (TSJ):    0.071ns
    Discrete Jitter          (DJ):    0.096ns
    Phase Error              (PE):    0.114ns

    Location             Delay type                Incr(ns)  Path(ns)    Netlist Resource(s)
  -------------------------------------------------------------------    -------------------
                         (clock clk_pll_i rise edge)
                                                      0.000     0.000 r  
    AC19                                              0.000     0.000 r  clk (IN)
                         net (fo=0)                   0.000     0.000    clk
    AC19                 IBUF (Prop_ibuf_I_O)         0.253     0.253 r  clk_IBUF_inst/O
                         net (fo=1, routed)           1.074     1.327    clk_IBUF
    BUFGCTRL_X0Y0        BUFG (Prop_bufg_I_O)         0.026     1.353 r  clk_IBUF_BUFG_inst/O
                         net (fo=2027, routed)        0.701     2.054    ddr3.u_axi_wrap_ddr/mig_axi/u_mig_axi_32_mig/u_ddr3_infrastructure/mmcm_clk
    PLLE2_ADV_X0Y4       PLLE2_ADV (Prop_plle2_adv_CLKIN1_CLKOUT3)
                                                      0.050     2.104 r  ddr3.u_axi_wrap_ddr/mig_axi/u_mig_axi_32_mig/u_ddr3_infrastructure/plle2_i/CLKOUT3
                         net (fo=1, routed)           0.518     2.622    ddr3.u_axi_wrap_ddr/mig_axi/u_mig_axi_32_mig/u_ddr3_infrastructure/pll_clk3_out
    BUFHCE_X0Y48         BUFH (Prop_bufh_I_O)         0.020     2.642 r  ddr3.u_axi_wrap_ddr/mig_axi/u_mig_axi_32_mig/u_ddr3_infrastructure/u_bufh_pll_clk3/O
                         net (fo=1, routed)           0.326     2.968    ddr3.u_axi_wrap_ddr/mig_axi/u_mig_axi_32_mig/u_ddr3_infrastructure/pll_clk3
    MMCME2_ADV_X0Y4      MMCME2_ADV (Prop_mmcme2_adv_CLKIN1_CLKFBOUT)
                                                     -1.511     1.457 r  ddr3.u_axi_wrap_ddr/mig_axi/u_mig_axi_32_mig/u_ddr3_infrastructure/gen_mmcm.mmcm_i/CLKFBOUT
                         net (fo=1, routed)           0.790     2.248    ddr3.u_axi_wrap_ddr/mig_axi/u_mig_axi_32_mig/u_ddr3_infrastructure/clk_pll_i
    BUFGCTRL_X0Y16       BUFG (Prop_bufg_I_O)         0.026     2.274 r  ddr3.u_axi_wrap_ddr/mig_axi/u_mig_axi_32_mig/u_ddr3_infrastructure/u_bufg_clkdiv0/O
                         net (fo=7005, routed)        0.623     2.896    ddr3.u_axi_wrap_ddr/mig_axi/u_mig_axi_32_mig/u_memc_ui_top_axi/mem_intfc0/ddr_phy_top0/u_ddr_calib_top/CLK
    SLICE_X11Y193        FDRE                                         r  ddr3.u_axi_wrap_ddr/mig_axi/u_mig_axi_32_mig/u_memc_ui_top_axi/mem_intfc0/ddr_phy_top0/u_ddr_calib_top/init_calib_complete_reg/C
  -------------------------------------------------------------------    -------------------
    SLICE_X11Y193        FDRE (Prop_fdre_C_Q)         0.141     3.037 r  ddr3.u_axi_wrap_ddr/mig_axi/u_mig_axi_32_mig/u_memc_ui_top_axi/mem_intfc0/ddr_phy_top0/u_ddr_calib_top/init_calib_complete_reg/Q
                         net (fo=3, routed)           0.831     3.868    ddr_calib_complete
    SLICE_X52Y190        FDCE                                         r  ddr_calib_vio_sync_reg[0]/D
  -------------------------------------------------------------------    -------------------

                         (clock clk rise edge)        0.000     0.000 r  
    AC19                                              0.000     0.000 r  clk (IN)
                         net (fo=0)                   0.000     0.000    clk
    AC19                 IBUF (Prop_ibuf_I_O)         0.441     0.441 r  clk_IBUF_inst/O
                         net (fo=1, routed)           1.160     1.601    clk_IBUF
    BUFGCTRL_X0Y0        BUFG (Prop_bufg_I_O)         0.029     1.630 r  clk_IBUF_BUFG_inst/O
                         net (fo=2027, routed)        0.852     2.482    clk_IBUF_BUFG
    SLICE_X52Y190        FDCE                                         r  ddr_calib_vio_sync_reg[0]/C
                         clock pessimism             -0.277     2.205    
                         clock uncertainty            0.174     2.379    
    SLICE_X52Y190        FDCE (Hold_fdce_C_D)         0.076     2.455    ddr_calib_vio_sync_reg[0]
  -------------------------------------------------------------------
                         required time                         -2.455    
                         arrival time                           3.868    
  -------------------------------------------------------------------
                         slack                                  1.413    





---------------------------------------------------------------------------------------------------
From Clock:  sys_clk
  To Clock:  clk

Setup :            0  Failing Endpoints,  Worst Slack        7.179ns,  Total Violation        0.000ns
Hold  :            0  Failing Endpoints,  Worst Slack        0.108ns,  Total Violation        0.000ns
---------------------------------------------------------------------------------------------------


Max Delay Paths
--------------------------------------------------------------------------------------
Slack (MET) :             7.179ns  (required time - arrival time)
  Source:                 fpga_pll.u_rst_sys/delay_reg[1]/C
                            (rising edge-triggered cell FDCE clocked by sys_clk  {rise@0.000ns fall@5.000ns period=10.000ns})
  Destination:            sys_resetn_vio_sync_reg[0]/D
                            (rising edge-triggered cell FDCE clocked by clk  {rise@0.000ns fall@5.000ns period=10.000ns})
  Path Group:             clk
  Path Type:              Setup (Max at Slow Process Corner)
  Requirement:            10.000ns  (clk rise@10.000ns - sys_clk rise@0.000ns)
  Data Path Delay:        2.439ns  (logic 0.379ns (15.540%)  route 2.060ns (84.460%))
  Logic Levels:           0  
  Clock Path Skew:        -0.196ns (DCD - SCD + CPR)
    Destination Clock Delay (DCD):    5.185ns = ( 15.185 - 10.000 ) 
    Source Clock Delay      (SCD):    5.582ns
    Clock Pessimism Removal (CPR):    0.201ns
  Clock Uncertainty:      0.154ns  ((TSJ^2 + DJ^2)^1/2) / 2 + PE
    Total System Jitter     (TSJ):    0.071ns
    Discrete Jitter          (DJ):    0.114ns
    Phase Error              (PE):    0.087ns

    Location             Delay type                Incr(ns)  Path(ns)    Netlist Resource(s)
  -------------------------------------------------------------------    -------------------
                         (clock sys_clk rise edge)    0.000     0.000 r  
    AC19                                              0.000     0.000 r  clk (IN)
                         net (fo=0)                   0.000     0.000    clk
    AC19                 IBUF (Prop_ibuf_I_O)         1.416     1.416 r  clk_IBUF_inst/O
                         net (fo=1, routed)           2.602     4.018    clk_IBUF
    BUFGCTRL_X0Y0        BUFG (Prop_bufg_I_O)         0.081     4.099 r  clk_IBUF_BUFG_inst/O
                         net (fo=2027, routed)        1.823     5.922    fpga_pll.u_clk_pll/inst/clk_in1
    PLLE2_ADV_X1Y0       PLLE2_ADV (Prop_plle2_adv_CLKIN1_CLKOUT1)
                                                     -4.192     1.730 r  fpga_pll.u_clk_pll/inst/plle2_adv_inst/CLKOUT1
                         net (fo=1, routed)           2.288     4.018    fpga_pll.u_clk_pll/inst/sys_clk_clk_pll
    BUFGCTRL_X0Y3        BUFG (Prop_bufg_I_O)         0.081     4.099 r  fpga_pll.u_clk_pll/inst/clkout2_buf/O
                         net (fo=3586, routed)        1.483     5.582    fpga_pll.u_rst_sys/sys_clk
    SLICE_X19Y189        FDCE                                         r  fpga_pll.u_rst_sys/delay_reg[1]/C
  -------------------------------------------------------------------    -------------------
    SLICE_X19Y189        FDCE (Prop_fdce_C_Q)         0.379     5.961 r  fpga_pll.u_rst_sys/delay_reg[1]/Q
                         net (fo=37, routed)          2.060     8.021    sys_resetn
    SLICE_X52Y190        FDCE                                         r  sys_resetn_vio_sync_reg[0]/D
  -------------------------------------------------------------------    -------------------

                         (clock clk rise edge)       10.000    10.000 r  
    AC19                                              0.000    10.000 r  clk (IN)
                         net (fo=0)                   0.000    10.000    clk
    AC19                 IBUF (Prop_ibuf_I_O)         1.350    11.350 r  clk_IBUF_inst/O
                         net (fo=1, routed)           2.471    13.821    clk_IBUF
    BUFGCTRL_X0Y0        BUFG (Prop_bufg_I_O)         0.077    13.898 r  clk_IBUF_BUFG_inst/O
                         net (fo=2027, routed)        1.287    15.185    clk_IBUF_BUFG
    SLICE_X52Y190        FDCE                                         r  sys_resetn_vio_sync_reg[0]/C
                         clock pessimism              0.201    15.386    
                         clock uncertainty           -0.154    15.232    
    SLICE_X52Y190        FDCE (Setup_fdce_C_D)       -0.031    15.201    sys_resetn_vio_sync_reg[0]
  -------------------------------------------------------------------
                         required time                         15.201    
                         arrival time                          -8.021    
  -------------------------------------------------------------------
                         slack                                  7.179    





Min Delay Paths
--------------------------------------------------------------------------------------
Slack (MET) :             0.108ns  (arrival time - required time)
  Source:                 u_confreg/led_data_reg[10]/C
                            (rising edge-triggered cell FDRE clocked by sys_clk  {rise@0.000ns fall@5.000ns period=10.000ns})
  Destination:            vio/inst/PROBE_IN_INST/probe_in_reg_reg[10]/D
                            (rising edge-triggered cell FDRE clocked by clk  {rise@0.000ns fall@5.000ns period=10.000ns})
  Path Group:             clk
  Path Type:              Hold (Min at Fast Process Corner)
  Requirement:            0.000ns  (clk rise@0.000ns - sys_clk rise@0.000ns)
  Data Path Delay:        0.521ns  (logic 0.164ns (31.500%)  route 0.357ns (68.500%))
  Logic Levels:           0  
  Clock Path Skew:        0.183ns (DCD - SCD - CPR)
    Destination Clock Delay (DCD):    2.484ns
    Source Clock Delay      (SCD):    2.024ns
    Clock Pessimism Removal (CPR):    0.277ns
  Clock Uncertainty:      0.154ns  ((TSJ^2 + DJ^2)^1/2) / 2 + PE
    Total System Jitter     (TSJ):    0.071ns
    Discrete Jitter          (DJ):    0.114ns
    Phase Error              (PE):    0.087ns

    Location             Delay type                Incr(ns)  Path(ns)    Netlist Resource(s)
  -------------------------------------------------------------------    -------------------
                         (clock sys_clk rise edge)    0.000     0.000 r  
    AC19                                              0.000     0.000 r  clk (IN)
                         net (fo=0)                   0.000     0.000    clk
    AC19                 IBUF (Prop_ibuf_I_O)         0.253     0.253 r  clk_IBUF_inst/O
                         net (fo=1, routed)           1.074     1.327    clk_IBUF
    BUFGCTRL_X0Y0        BUFG (Prop_bufg_I_O)         0.026     1.353 r  clk_IBUF_BUFG_inst/O
                         net (fo=2027, routed)        0.750     2.103    fpga_pll.u_clk_pll/inst/clk_in1
    PLLE2_ADV_X1Y0       PLLE2_ADV (Prop_plle2_adv_CLKIN1_CLKOUT1)
                                                     -1.703     0.400 r  fpga_pll.u_clk_pll/inst/plle2_adv_inst/CLKOUT1
                         net (fo=1, routed)           0.927     1.327    fpga_pll.u_clk_pll/inst/sys_clk_clk_pll
    BUFGCTRL_X0Y3        BUFG (Prop_bufg_I_O)         0.026     1.353 r  fpga_pll.u_clk_pll/inst/clkout2_buf/O
                         net (fo=3586, routed)        0.671     2.024    u_confreg/aclk
    SLICE_X44Y207        FDRE                                         r  u_confreg/led_data_reg[10]/C
  -------------------------------------------------------------------    -------------------
    SLICE_X44Y207        FDRE (Prop_fdre_C_Q)         0.164     2.188 r  u_confreg/led_data_reg[10]/Q
                         net (fo=3, routed)           0.357     2.544    vio/inst/PROBE_IN_INST/D[10]
    SLICE_X52Y198        FDRE                                         r  vio/inst/PROBE_IN_INST/probe_in_reg_reg[10]/D
  -------------------------------------------------------------------    -------------------

                         (clock clk rise edge)        0.000     0.000 r  
    AC19                                              0.000     0.000 r  clk (IN)
                         net (fo=0)                   0.000     0.000    clk
    AC19                 IBUF (Prop_ibuf_I_O)         0.441     0.441 r  clk_IBUF_inst/O
                         net (fo=1, routed)           1.160     1.601    clk_IBUF
    BUFGCTRL_X0Y0        BUFG (Prop_bufg_I_O)         0.029     1.630 r  clk_IBUF_BUFG_inst/O
                         net (fo=2027, routed)        0.854     2.484    vio/inst/PROBE_IN_INST/clk
    SLICE_X52Y198        FDRE                                         r  vio/inst/PROBE_IN_INST/probe_in_reg_reg[10]/C
                         clock pessimism             -0.277     2.207    
                         clock uncertainty            0.154     2.362    
    SLICE_X52Y198        FDRE (Hold_fdre_C_D)         0.075     2.437    vio/inst/PROBE_IN_INST/probe_in_reg_reg[10]
  -------------------------------------------------------------------
                         required time                         -2.437    
                         arrival time                           2.544    
  -------------------------------------------------------------------
                         slack                                  0.108    





---------------------------------------------------------------------------------------------------
From Clock:  dbg_hub/inst/BSCANID.u_xsdbm_id/SWITCH_N_EXT_BSCAN.bscan_inst/SERIES7_BSCAN.bscan_inst/TCK
  To Clock:  clk

Setup :            0  Failing Endpoints,  Worst Slack       31.857ns,  Total Violation        0.000ns
Hold  :           NA  Failing Endpoints,  Worst Slack           NA  ,  Total Violation           NA
---------------------------------------------------------------------------------------------------


Max Delay Paths
--------------------------------------------------------------------------------------
Slack (MET) :             31.857ns  (required time - arrival time)
  Source:                 dbg_hub/inst/BSCANID.u_xsdbm_id/CORE_XSDB.UUT_MASTER/U_ICON_INTERFACE/U_CMD6_RD/U_RD_FIFO/SUBCORE_FIFO.xsdbm_v3_0_0_rdfifo_inst/inst_fifo_gen/gconvfifo.rf/grf.rf/gntv_or_sync_fifo.gcx.clkx/gnxpm_cdc.rd_pntr_gc_reg[2]/C
                            (rising edge-triggered cell FDCE clocked by dbg_hub/inst/BSCANID.u_xsdbm_id/SWITCH_N_EXT_BSCAN.bscan_inst/SERIES7_BSCAN.bscan_inst/TCK  {rise@0.000ns fall@16.500ns period=33.000ns})
  Destination:            dbg_hub/inst/BSCANID.u_xsdbm_id/CORE_XSDB.UUT_MASTER/U_ICON_INTERFACE/U_CMD6_RD/U_RD_FIFO/SUBCORE_FIFO.xsdbm_v3_0_0_rdfifo_inst/inst_fifo_gen/gconvfifo.rf/grf.rf/gntv_or_sync_fifo.gcx.clkx/gnxpm_cdc.gsync_stage[1].wr_stg_inst/Q_reg_reg[2]/D
                            (rising edge-triggered cell FDCE clocked by clk  {rise@0.000ns fall@5.000ns period=10.000ns})
  Path Group:             clk
  Path Type:              Setup (Max at Slow Process Corner)
  Requirement:            33.000ns  (MaxDelay Path 33.000ns)
  Data Path Delay:        0.941ns  (logic 0.398ns (42.314%)  route 0.543ns (57.686%))
  Logic Levels:           0  
  Timing Exception:       MaxDelay Path 33.000ns -datapath_only

    Location             Delay type                Incr(ns)  Path(ns)    Netlist Resource(s)
  -------------------------------------------------------------------    -------------------
    SLICE_X62Y198                                     0.000     0.000 r  dbg_hub/inst/BSCANID.u_xsdbm_id/CORE_XSDB.UUT_MASTER/U_ICON_INTERFACE/U_CMD6_RD/U_RD_FIFO/SUBCORE_FIFO.xsdbm_v3_0_0_rdfifo_inst/inst_fifo_gen/gconvfifo.rf/grf.rf/gntv_or_sync_fifo.gcx.clkx/gnxpm_cdc.rd_pntr_gc_reg[2]/C
    SLICE_X62Y198        FDCE (Prop_fdce_C_Q)         0.398     0.398 r  dbg_hub/inst/BSCANID.u_xsdbm_id/CORE_XSDB.UUT_MASTER/U_ICON_INTERFACE/U_CMD6_RD/U_RD_FIFO/SUBCORE_FIFO.xsdbm_v3_0_0_rdfifo_inst/inst_fifo_gen/gconvfifo.rf/grf.rf/gntv_or_sync_fifo.gcx.clkx/gnxpm_cdc.rd_pntr_gc_reg[2]/Q
                         net (fo=1, routed)           0.543     0.941    dbg_hub/inst/BSCANID.u_xsdbm_id/CORE_XSDB.UUT_MASTER/U_ICON_INTERFACE/U_CMD6_RD/U_RD_FIFO/SUBCORE_FIFO.xsdbm_v3_0_0_rdfifo_inst/inst_fifo_gen/gconvfifo.rf/grf.rf/gntv_or_sync_fifo.gcx.clkx/gnxpm_cdc.gsync_stage[1].wr_stg_inst/Q[2]
    SLICE_X61Y199        FDCE                                         r  dbg_hub/inst/BSCANID.u_xsdbm_id/CORE_XSDB.UUT_MASTER/U_ICON_INTERFACE/U_CMD6_RD/U_RD_FIFO/SUBCORE_FIFO.xsdbm_v3_0_0_rdfifo_inst/inst_fifo_gen/gconvfifo.rf/grf.rf/gntv_or_sync_fifo.gcx.clkx/gnxpm_cdc.gsync_stage[1].wr_stg_inst/Q_reg_reg[2]/D
  -------------------------------------------------------------------    -------------------

                         max delay                   33.000    33.000    
    SLICE_X61Y199        FDCE (Setup_fdce_C_D)       -0.202    32.798    dbg_hub/inst/BSCANID.u_xsdbm_id/CORE_XSDB.UUT_MASTER/U_ICON_INTERFACE/U_CMD6_RD/U_RD_FIFO/SUBCORE_FIFO.xsdbm_v3_0_0_rdfifo_inst/inst_fifo_gen/gconvfifo.rf/grf.rf/gntv_or_sync_fifo.gcx.clkx/gnxpm_cdc.gsync_stage[1].wr_stg_inst/Q_reg_reg[2]
  -------------------------------------------------------------------
                         required time                         32.798    
                         arrival time                          -0.941    
  -------------------------------------------------------------------
                         slack                                 31.857    





---------------------------------------------------------------------------------------------------
From Clock:  clk_pll_i
  To Clock:  ddr_clk

Setup :            0  Failing Endpoints,  Worst Slack       14.606ns,  Total Violation        0.000ns
Hold  :           NA  Failing Endpoints,  Worst Slack           NA  ,  Total Violation           NA
---------------------------------------------------------------------------------------------------


Max Delay Paths
--------------------------------------------------------------------------------------
Slack (MET) :             14.606ns  (required time - arrival time)
  Source:                 ddr3.u_axi_wrap_ddr/mig_axi/u_mig_axi_32_mig/u_ddr3_infrastructure/rstdiv0_sync_r1_reg_rep/C
                            (rising edge-triggered cell FDPE clocked by clk_pll_i  {rise@0.000ns fall@5.000ns period=10.000ns})
  Destination:            ddr3.u_axi_wrap_ddr/mig_axi/u_mig_axi_32_mig/temp_mon_enabled.u_tempmon/xadc_supplied_temperature.rst_r1_reg/D
                            (rising edge-triggered cell FDRE clocked by ddr_clk  {rise@0.000ns fall@2.500ns period=5.000ns})
  Path Group:             ddr_clk
  Path Type:              Setup (Max at Slow Process Corner)
  Requirement:            20.000ns  (MaxDelay Path 20.000ns)
  Data Path Delay:        5.319ns  (logic 0.379ns (7.125%)  route 4.940ns (92.875%))
  Logic Levels:           0  
  Timing Exception:       MaxDelay Path 20.000ns -datapath_only

    Location             Delay type                Incr(ns)  Path(ns)    Netlist Resource(s)
  -------------------------------------------------------------------    -------------------
    SLICE_X23Y245                                     0.000     0.000 r  ddr3.u_axi_wrap_ddr/mig_axi/u_mig_axi_32_mig/u_ddr3_infrastructure/rstdiv0_sync_r1_reg_rep/C
    SLICE_X23Y245        FDPE (Prop_fdpe_C_Q)         0.379     0.379 r  ddr3.u_axi_wrap_ddr/mig_axi/u_mig_axi_32_mig/u_ddr3_infrastructure/rstdiv0_sync_r1_reg_rep/Q
                         net (fo=32, routed)          4.940     5.319    ddr3.u_axi_wrap_ddr/mig_axi/u_mig_axi_32_mig/temp_mon_enabled.u_tempmon/in0
    SLICE_X13Y163        FDRE                                         r  ddr3.u_axi_wrap_ddr/mig_axi/u_mig_axi_32_mig/temp_mon_enabled.u_tempmon/xadc_supplied_temperature.rst_r1_reg/D
  -------------------------------------------------------------------    -------------------

                         max delay                   20.000    20.000    
    SLICE_X13Y163        FDRE (Setup_fdre_C_D)       -0.075    19.925    ddr3.u_axi_wrap_ddr/mig_axi/u_mig_axi_32_mig/temp_mon_enabled.u_tempmon/xadc_supplied_temperature.rst_r1_reg
  -------------------------------------------------------------------
                         required time                         19.925    
                         arrival time                          -5.319    
  -------------------------------------------------------------------
                         slack                                 14.606    





---------------------------------------------------------------------------------------------------
From Clock:  sync_pulse
  To Clock:  mem_refclk

Setup :            0  Failing Endpoints,  Worst Slack        0.978ns,  Total Violation        0.000ns
Hold  :            0  Failing Endpoints,  Worst Slack        0.673ns,  Total Violation        0.000ns
---------------------------------------------------------------------------------------------------


Max Delay Paths
--------------------------------------------------------------------------------------
Slack (MET) :             0.978ns  (required time - arrival time)
  Source:                 ddr3.u_axi_wrap_ddr/mig_axi/u_mig_axi_32_mig/u_ddr3_infrastructure/plle2_i/CLKOUT2
                            (clock source 'sync_pulse'  {rise@1.094ns fall@3.594ns period=40.000ns})
  Destination:            ddr3.u_axi_wrap_ddr/mig_axi/u_mig_axi_32_mig/u_memc_ui_top_axi/mem_intfc0/ddr_phy_top0/u_ddr_mc_phy_wrapper/u_ddr_mc_phy/ddr_phy_4lanes_0.u_ddr_phy_4lanes/phy_control_i/SYNCIN
                            (rising edge-triggered cell PHY_CONTROL clocked by mem_refclk  {rise@0.000ns fall@1.250ns period=2.500ns})
  Path Group:             mem_refclk
  Path Type:              Setup (Max at Slow Process Corner)
  Requirement:            1.406ns  (mem_refclk rise@2.500ns - sync_pulse rise@1.094ns)
  Data Path Delay:        0.528ns  (logic 0.000ns (0.000%)  route 0.528ns (100.000%))
  Logic Levels:           0  
  Clock Path Skew:        0.501ns (DCD - SCD + CPR)
    Destination Clock Delay (DCD):    6.058ns = ( 8.558 - 2.500 ) 
    Source Clock Delay      (SCD):    5.872ns = ( 6.966 - 1.094 ) 
    Clock Pessimism Removal (CPR):    0.315ns
  Clock Uncertainty:      0.219ns  ((TSJ^2 + DJ^2)^1/2) / 2 + PE
    Total System Jitter     (TSJ):    0.071ns
    Discrete Jitter          (DJ):    0.186ns
    Phase Error              (PE):    0.120ns

    Location             Delay type                Incr(ns)  Path(ns)    Netlist Resource(s)
  -------------------------------------------------------------------    -------------------
                         (clock sync_pulse rise edge)
                                                      1.094     1.094 r  
    AC19                                              0.000     1.094 r  clk (IN)
                         net (fo=0)                   0.000     1.094    clk
    AC19                 IBUF (Prop_ibuf_I_O)         1.416     2.510 r  clk_IBUF_inst/O
                         net (fo=1, routed)           2.602     5.112    clk_IBUF
    BUFGCTRL_X0Y0        BUFG (Prop_bufg_I_O)         0.081     5.193 r  clk_IBUF_BUFG_inst/O
                         net (fo=2027, routed)        1.696     6.889    ddr3.u_axi_wrap_ddr/mig_axi/u_mig_axi_32_mig/u_ddr3_infrastructure/mmcm_clk
  -------------------------------------------------------------------    -------------------
    PLLE2_ADV_X0Y4       PLLE2_ADV (Prop_plle2_adv_CLKIN1_CLKOUT2)
                                                      0.077     6.966 r  ddr3.u_axi_wrap_ddr/mig_axi/u_mig_axi_32_mig/u_ddr3_infrastructure/plle2_i/CLKOUT2
                         net (fo=7, routed)           0.528     7.494    ddr3.u_axi_wrap_ddr/mig_axi/u_mig_axi_32_mig/u_memc_ui_top_axi/mem_intfc0/ddr_phy_top0/u_ddr_mc_phy_wrapper/u_ddr_mc_phy/ddr_phy_4lanes_0.u_ddr_phy_4lanes/sync_pulse
    PHY_CONTROL_X0Y4     PHY_CONTROL                                  r  ddr3.u_axi_wrap_ddr/mig_axi/u_mig_axi_32_mig/u_memc_ui_top_axi/mem_intfc0/ddr_phy_top0/u_ddr_mc_phy_wrapper/u_ddr_mc_phy/ddr_phy_4lanes_0.u_ddr_phy_4lanes/phy_control_i/SYNCIN
  -------------------------------------------------------------------    -------------------

                         (clock mem_refclk rise edge)
                                                      2.500     2.500 r  
    AC19                                              0.000     2.500 r  clk (IN)
                         net (fo=0)                   0.000     2.500    clk
    AC19                 IBUF (Prop_ibuf_I_O)         1.350     3.850 r  clk_IBUF_inst/O
                         net (fo=1, routed)           2.471     6.321    clk_IBUF
    BUFGCTRL_X0Y0        BUFG (Prop_bufg_I_O)         0.077     6.398 r  clk_IBUF_BUFG_inst/O
                         net (fo=2027, routed)        1.586     7.984    ddr3.u_axi_wrap_ddr/mig_axi/u_mig_axi_32_mig/u_ddr3_infrastructure/mmcm_clk
    PLLE2_ADV_X0Y4       PLLE2_ADV (Prop_plle2_adv_CLKIN1_CLKOUT1)
                                                      0.073     8.057 r  ddr3.u_axi_wrap_ddr/mig_axi/u_mig_axi_32_mig/u_ddr3_infrastructure/plle2_i/CLKOUT1
                         net (fo=7, routed)           0.501     8.558    ddr3.u_axi_wrap_ddr/mig_axi/u_mig_axi_32_mig/u_memc_ui_top_axi/mem_intfc0/ddr_phy_top0/u_ddr_mc_phy_wrapper/u_ddr_mc_phy/ddr_phy_4lanes_0.u_ddr_phy_4lanes/mem_refclk
    PHY_CONTROL_X0Y4     PHY_CONTROL                                  r  ddr3.u_axi_wrap_ddr/mig_axi/u_mig_axi_32_mig/u_memc_ui_top_axi/mem_intfc0/ddr_phy_top0/u_ddr_mc_phy_wrapper/u_ddr_mc_phy/ddr_phy_4lanes_0.u_ddr_phy_4lanes/phy_control_i/MEMREFCLK
                         clock pessimism              0.315     8.873    
                         clock uncertainty           -0.219     8.654    
    PHY_CONTROL_X0Y4     PHY_CONTROL (Setup_phy_control_MEMREFCLK_SYNCIN)
                                                     -0.182     8.472    ddr3.u_axi_wrap_ddr/mig_axi/u_mig_axi_32_mig/u_memc_ui_top_axi/mem_intfc0/ddr_phy_top0/u_ddr_mc_phy_wrapper/u_ddr_mc_phy/ddr_phy_4lanes_0.u_ddr_phy_4lanes/phy_control_i
  -------------------------------------------------------------------
                         required time                          8.472    
                         arrival time                          -7.494    
  -------------------------------------------------------------------
                         slack                                  0.978    





Min Delay Paths
--------------------------------------------------------------------------------------
Slack (MET) :             0.673ns  (arrival time - required time)
  Source:                 ddr3.u_axi_wrap_ddr/mig_axi/u_mig_axi_32_mig/u_ddr3_infrastructure/plle2_i/CLKOUT2
                            (clock source 'sync_pulse'  {rise@1.094ns fall@3.594ns period=40.000ns})
  Destination:            ddr3.u_axi_wrap_ddr/mig_axi/u_mig_axi_32_mig/u_memc_ui_top_axi/mem_intfc0/ddr_phy_top0/u_ddr_mc_phy_wrapper/u_ddr_mc_phy/ddr_phy_4lanes_0.u_ddr_phy_4lanes/phy_control_i/SYNCIN
                            (rising edge-triggered cell PHY_CONTROL clocked by mem_refclk  {rise@0.000ns fall@1.250ns period=2.500ns})
  Path Group:             mem_refclk
  Path Type:              Hold (Min at Slow Process Corner)
  Requirement:            -1.094ns  (mem_refclk rise@2.500ns - sync_pulse fall@3.594ns)
  Data Path Delay:        0.501ns  (logic 0.000ns (0.000%)  route 0.501ns (100.000%))
  Logic Levels:           0  
  Clock Path Skew:        0.528ns (DCD - SCD - CPR)
    Destination Clock Delay (DCD):    6.400ns = ( 8.900 - 2.500 ) 
    Source Clock Delay      (SCD):    5.557ns = ( 9.150 - 3.594 ) 
    Clock Pessimism Removal (CPR):    0.315ns
  Clock Uncertainty:      0.219ns  ((TSJ^2 + DJ^2)^1/2) / 2 + PE
    Total System Jitter     (TSJ):    0.071ns
    Discrete Jitter          (DJ):    0.186ns
    Phase Error              (PE):    0.120ns

    Location             Delay type                Incr(ns)  Path(ns)    Netlist Resource(s)
  -------------------------------------------------------------------    -------------------
                         (clock sync_pulse fall edge)
                                                      3.594     3.594 f  
    AC19                                              0.000     3.594 f  clk (IN)
                         net (fo=0)                   0.000     3.594    clk
    AC19                 IBUF (Prop_ibuf_I_O)         1.350     4.944 f  clk_IBUF_inst/O
                         net (fo=1, routed)           2.471     7.414    clk_IBUF
    BUFGCTRL_X0Y0        BUFG (Prop_bufg_I_O)         0.077     7.491 f  clk_IBUF_BUFG_inst/O
                         net (fo=2027, routed)        1.586     9.077    ddr3.u_axi_wrap_ddr/mig_axi/u_mig_axi_32_mig/u_ddr3_infrastructure/mmcm_clk
  -------------------------------------------------------------------    -------------------
    PLLE2_ADV_X0Y4       PLLE2_ADV (Prop_plle2_adv_CLKIN1_CLKOUT2)
                                                      0.073     9.150 f  ddr3.u_axi_wrap_ddr/mig_axi/u_mig_axi_32_mig/u_ddr3_infrastructure/plle2_i/CLKOUT2
                         net (fo=7, routed)           0.501     9.651    ddr3.u_axi_wrap_ddr/mig_axi/u_mig_axi_32_mig/u_memc_ui_top_axi/mem_intfc0/ddr_phy_top0/u_ddr_mc_phy_wrapper/u_ddr_mc_phy/ddr_phy_4lanes_0.u_ddr_phy_4lanes/sync_pulse
    PHY_CONTROL_X0Y4     PHY_CONTROL                                  f  ddr3.u_axi_wrap_ddr/mig_axi/u_mig_axi_32_mig/u_memc_ui_top_axi/mem_intfc0/ddr_phy_top0/u_ddr_mc_phy_wrapper/u_ddr_mc_phy/ddr_phy_4lanes_0.u_ddr_phy_4lanes/phy_control_i/SYNCIN
  -------------------------------------------------------------------    -------------------

                         (clock mem_refclk rise edge)
                                                      2.500     2.500 r  
    AC19                                              0.000     2.500 r  clk (IN)
                         net (fo=0)                   0.000     2.500    clk
    AC19                 IBUF (Prop_ibuf_I_O)         1.416     3.916 r  clk_IBUF_inst/O
                         net (fo=1, routed)           2.602     6.518    clk_IBUF
    BUFGCTRL_X0Y0        BUFG (Prop_bufg_I_O)         0.081     6.599 r  clk_IBUF_BUFG_inst/O
                         net (fo=2027, routed)        1.696     8.295    ddr3.u_axi_wrap_ddr/mig_axi/u_mig_axi_32_mig/u_ddr3_infrastructure/mmcm_clk
    PLLE2_ADV_X0Y4       PLLE2_ADV (Prop_plle2_adv_CLKIN1_CLKOUT1)
                                                      0.077     8.372 r  ddr3.u_axi_wrap_ddr/mig_axi/u_mig_axi_32_mig/u_ddr3_infrastructure/plle2_i/CLKOUT1
                         net (fo=7, routed)           0.528     8.900    ddr3.u_axi_wrap_ddr/mig_axi/u_mig_axi_32_mig/u_memc_ui_top_axi/mem_intfc0/ddr_phy_top0/u_ddr_mc_phy_wrapper/u_ddr_mc_phy/ddr_phy_4lanes_0.u_ddr_phy_4lanes/mem_refclk
    PHY_CONTROL_X0Y4     PHY_CONTROL                                  r  ddr3.u_axi_wrap_ddr/mig_axi/u_mig_axi_32_mig/u_memc_ui_top_axi/mem_intfc0/ddr_phy_top0/u_ddr_mc_phy_wrapper/u_ddr_mc_phy/ddr_phy_4lanes_0.u_ddr_phy_4lanes/phy_control_i/MEMREFCLK
                         clock pessimism             -0.315     8.585    
                         clock uncertainty            0.219     8.804    
    PHY_CONTROL_X0Y4     PHY_CONTROL (Hold_phy_control_MEMREFCLK_SYNCIN)
                                                      0.174     8.978    ddr3.u_axi_wrap_ddr/mig_axi/u_mig_axi_32_mig/u_memc_ui_top_axi/mem_intfc0/ddr_phy_top0/u_ddr_mc_phy_wrapper/u_ddr_mc_phy/ddr_phy_4lanes_0.u_ddr_phy_4lanes/phy_control_i
  -------------------------------------------------------------------
                         required time                         -8.978    
                         arrival time                           9.651    
  -------------------------------------------------------------------
                         slack                                  0.673    





---------------------------------------------------------------------------------------------------
From Clock:  oserdes_clk
  To Clock:  oserdes_clkdiv

Setup :            0  Failing Endpoints,  Worst Slack        1.694ns,  Total Violation        0.000ns
Hold  :            0  Failing Endpoints,  Worst Slack        0.095ns,  Total Violation        0.000ns
---------------------------------------------------------------------------------------------------


Max Delay Paths
--------------------------------------------------------------------------------------
Slack (MET) :             1.694ns  (required time - arrival time)
  Source:                 ddr3.u_axi_wrap_ddr/mig_axi/u_mig_axi_32_mig/u_memc_ui_top_axi/mem_intfc0/ddr_phy_top0/u_ddr_mc_phy_wrapper/u_ddr_mc_phy/ddr_phy_4lanes_0.u_ddr_phy_4lanes/ddr_byte_lane_A.ddr_byte_lane_A/phaser_out/OCLK
                            (rising edge-triggered cell PHASER_OUT_PHY clocked by oserdes_clk  {rise@0.000ns fall@1.250ns period=2.500ns})
  Destination:            ddr3.u_axi_wrap_ddr/mig_axi/u_mig_axi_32_mig/u_memc_ui_top_axi/mem_intfc0/ddr_phy_top0/u_ddr_mc_phy_wrapper/u_ddr_mc_phy/ddr_phy_4lanes_0.u_ddr_phy_4lanes/ddr_byte_lane_A.ddr_byte_lane_A/out_fifo/RDEN
                            (rising edge-triggered cell OUT_FIFO clocked by oserdes_clkdiv  {rise@0.000ns fall@2.500ns period=5.000ns})
  Path Group:             oserdes_clkdiv
  Path Type:              Setup (Max at Slow Process Corner)
  Requirement:            2.500ns  (oserdes_clkdiv rise@5.000ns - oserdes_clk rise@2.500ns)
  Data Path Delay:        0.301ns  (logic 0.301ns (100.000%)  route 0.000ns (0.000%))
  Logic Levels:           0  
  Clock Path Skew:        0.133ns (DCD - SCD + CPR)
    Destination Clock Delay (DCD):    8.213ns = ( 13.213 - 5.000 ) 
    Source Clock Delay      (SCD):    8.477ns = ( 10.977 - 2.500 ) 
    Clock Pessimism Removal (CPR):    0.398ns
  Clock Uncertainty:      0.065ns  ((TSJ^2 + DJ^2)^1/2) / 2 + PE
    Total System Jitter     (TSJ):    0.071ns
    Discrete Jitter          (DJ):    0.109ns
    Phase Error              (PE):    0.000ns

    Location             Delay type                Incr(ns)  Path(ns)    Netlist Resource(s)
  -------------------------------------------------------------------    -------------------
                         (clock oserdes_clk rise edge)
                                                      2.500     2.500 r  
    AC19                                              0.000     2.500 r  clk (IN)
                         net (fo=0)                   0.000     2.500    clk
    AC19                 IBUF (Prop_ibuf_I_O)         1.416     3.916 r  clk_IBUF_inst/O
                         net (fo=1, routed)           2.602     6.518    clk_IBUF
    BUFGCTRL_X0Y0        BUFG (Prop_bufg_I_O)         0.081     6.599 r  clk_IBUF_BUFG_inst/O
                         net (fo=2027, routed)        1.696     8.295    ddr3.u_axi_wrap_ddr/mig_axi/u_mig_axi_32_mig/u_ddr3_infrastructure/mmcm_clk
    PLLE2_ADV_X0Y4       PLLE2_ADV (Prop_plle2_adv_CLKIN1_CLKOUT1)
                                                      0.077     8.372 r  ddr3.u_axi_wrap_ddr/mig_axi/u_mig_axi_32_mig/u_ddr3_infrastructure/plle2_i/CLKOUT1
                         net (fo=7, routed)           0.522     8.894    ddr3.u_axi_wrap_ddr/mig_axi/u_mig_axi_32_mig/u_memc_ui_top_axi/mem_intfc0/ddr_phy_top0/u_ddr_mc_phy_wrapper/u_ddr_mc_phy/ddr_phy_4lanes_0.u_ddr_phy_4lanes/ddr_byte_lane_A.ddr_byte_lane_A/mem_refclk
    PHASER_OUT_PHY_X0Y16 PHASER_OUT_PHY (Prop_phaser_out_phy_MEMREFCLK_OCLK)
                                                      2.083    10.977 r  ddr3.u_axi_wrap_ddr/mig_axi/u_mig_axi_32_mig/u_memc_ui_top_axi/mem_intfc0/ddr_phy_top0/u_ddr_mc_phy_wrapper/u_ddr_mc_phy/ddr_phy_4lanes_0.u_ddr_phy_4lanes/ddr_byte_lane_A.ddr_byte_lane_A/phaser_out/OCLK
  -------------------------------------------------------------------    -------------------
    PHASER_OUT_PHY_X0Y16 PHASER_OUT_PHY (Prop_phaser_out_phy_OCLK_RDENABLE)
                                                      0.301    11.278 r  ddr3.u_axi_wrap_ddr/mig_axi/u_mig_axi_32_mig/u_memc_ui_top_axi/mem_intfc0/ddr_phy_top0/u_ddr_mc_phy_wrapper/u_ddr_mc_phy/ddr_phy_4lanes_0.u_ddr_phy_4lanes/ddr_byte_lane_A.ddr_byte_lane_A/phaser_out/RDENABLE
                         net (fo=1, routed)           0.000    11.278    ddr3.u_axi_wrap_ddr/mig_axi/u_mig_axi_32_mig/u_memc_ui_top_axi/mem_intfc0/ddr_phy_top0/u_ddr_mc_phy_wrapper/u_ddr_mc_phy/ddr_phy_4lanes_0.u_ddr_phy_4lanes/ddr_byte_lane_A.ddr_byte_lane_A/po_rd_enable
    OUT_FIFO_X0Y16       OUT_FIFO                                     r  ddr3.u_axi_wrap_ddr/mig_axi/u_mig_axi_32_mig/u_memc_ui_top_axi/mem_intfc0/ddr_phy_top0/u_ddr_mc_phy_wrapper/u_ddr_mc_phy/ddr_phy_4lanes_0.u_ddr_phy_4lanes/ddr_byte_lane_A.ddr_byte_lane_A/out_fifo/RDEN
  -------------------------------------------------------------------    -------------------

                         (clock oserdes_clkdiv rise edge)
                                                      5.000     5.000 r  
    AC19                                              0.000     5.000 r  clk (IN)
                         net (fo=0)                   0.000     5.000    clk
    AC19                 IBUF (Prop_ibuf_I_O)         1.350     6.350 r  clk_IBUF_inst/O
                         net (fo=1, routed)           2.471     8.821    clk_IBUF
    BUFGCTRL_X0Y0        BUFG (Prop_bufg_I_O)         0.077     8.898 r  clk_IBUF_BUFG_inst/O
                         net (fo=2027, routed)        1.586    10.484    ddr3.u_axi_wrap_ddr/mig_axi/u_mig_axi_32_mig/u_ddr3_infrastructure/mmcm_clk
    PLLE2_ADV_X0Y4       PLLE2_ADV (Prop_plle2_adv_CLKIN1_CLKOUT1)
                                                      0.073    10.557 r  ddr3.u_axi_wrap_ddr/mig_axi/u_mig_axi_32_mig/u_ddr3_infrastructure/plle2_i/CLKOUT1
                         net (fo=7, routed)           0.496    11.053    ddr3.u_axi_wrap_ddr/mig_axi/u_mig_axi_32_mig/u_memc_ui_top_axi/mem_intfc0/ddr_phy_top0/u_ddr_mc_phy_wrapper/u_ddr_mc_phy/ddr_phy_4lanes_0.u_ddr_phy_4lanes/ddr_byte_lane_A.ddr_byte_lane_A/mem_refclk
    PHASER_OUT_PHY_X0Y16 PHASER_OUT_PHY (Prop_phaser_out_phy_MEMREFCLK_OCLK)
                                                      2.027    13.080 r  ddr3.u_axi_wrap_ddr/mig_axi/u_mig_axi_32_mig/u_memc_ui_top_axi/mem_intfc0/ddr_phy_top0/u_ddr_mc_phy_wrapper/u_ddr_mc_phy/ddr_phy_4lanes_0.u_ddr_phy_4lanes/ddr_byte_lane_A.ddr_byte_lane_A/phaser_out/OCLK
    PHASER_OUT_PHY_X0Y16 PHASER_OUT_PHY (Prop_phaser_out_phy_OCLK_OCLKDIV)
                                                      0.133    13.213 r  ddr3.u_axi_wrap_ddr/mig_axi/u_mig_axi_32_mig/u_memc_ui_top_axi/mem_intfc0/ddr_phy_top0/u_ddr_mc_phy_wrapper/u_ddr_mc_phy/ddr_phy_4lanes_0.u_ddr_phy_4lanes/ddr_byte_lane_A.ddr_byte_lane_A/phaser_out/OCLKDIV
                         net (fo=11, routed)          0.000    13.213    ddr3.u_axi_wrap_ddr/mig_axi/u_mig_axi_32_mig/u_memc_ui_top_axi/mem_intfc0/ddr_phy_top0/u_ddr_mc_phy_wrapper/u_ddr_mc_phy/ddr_phy_4lanes_0.u_ddr_phy_4lanes/ddr_byte_lane_A.ddr_byte_lane_A/oserdes_clkdiv
    OUT_FIFO_X0Y16       OUT_FIFO                                     r  ddr3.u_axi_wrap_ddr/mig_axi/u_mig_axi_32_mig/u_memc_ui_top_axi/mem_intfc0/ddr_phy_top0/u_ddr_mc_phy_wrapper/u_ddr_mc_phy/ddr_phy_4lanes_0.u_ddr_phy_4lanes/ddr_byte_lane_A.ddr_byte_lane_A/out_fifo/RDCLK
                         clock pessimism              0.398    13.610    
                         clock uncertainty           -0.065    13.545    
    OUT_FIFO_X0Y16       OUT_FIFO (Setup_out_fifo_RDCLK_RDEN)
                                                     -0.573    12.972    ddr3.u_axi_wrap_ddr/mig_axi/u_mig_axi_32_mig/u_memc_ui_top_axi/mem_intfc0/ddr_phy_top0/u_ddr_mc_phy_wrapper/u_ddr_mc_phy/ddr_phy_4lanes_0.u_ddr_phy_4lanes/ddr_byte_lane_A.ddr_byte_lane_A/out_fifo
  -------------------------------------------------------------------
                         required time                         12.972    
                         arrival time                         -11.278    
  -------------------------------------------------------------------
                         slack                                  1.694    





Min Delay Paths
--------------------------------------------------------------------------------------
Slack (MET) :             0.095ns  (arrival time - required time)
  Source:                 ddr3.u_axi_wrap_ddr/mig_axi/u_mig_axi_32_mig/u_memc_ui_top_axi/mem_intfc0/ddr_phy_top0/u_ddr_mc_phy_wrapper/u_ddr_mc_phy/ddr_phy_4lanes_0.u_ddr_phy_4lanes/ddr_byte_lane_A.ddr_byte_lane_A/phaser_out/OCLK
                            (rising edge-triggered cell PHASER_OUT_PHY clocked by oserdes_clk  {rise@0.000ns fall@1.250ns period=2.500ns})
  Destination:            ddr3.u_axi_wrap_ddr/mig_axi/u_mig_axi_32_mig/u_memc_ui_top_axi/mem_intfc0/ddr_phy_top0/u_ddr_mc_phy_wrapper/u_ddr_mc_phy/ddr_phy_4lanes_0.u_ddr_phy_4lanes/ddr_byte_lane_A.ddr_byte_lane_A/out_fifo/RDEN
                            (rising edge-triggered cell OUT_FIFO clocked by oserdes_clkdiv  {rise@0.000ns fall@2.500ns period=5.000ns})
  Path Group:             oserdes_clkdiv
  Path Type:              Hold (Min at Fast Process Corner)
  Requirement:            0.000ns  (oserdes_clkdiv rise@0.000ns - oserdes_clk rise@0.000ns)
  Data Path Delay:        0.172ns  (logic 0.172ns (100.000%)  route 0.000ns (0.000%))
  Logic Levels:           0  
  Clock Path Skew:        0.088ns (DCD - SCD - CPR)
    Destination Clock Delay (DCD):    4.823ns
    Source Clock Delay      (SCD):    4.114ns
    Clock Pessimism Removal (CPR):    0.621ns

    Location             Delay type                Incr(ns)  Path(ns)    Netlist Resource(s)
  -------------------------------------------------------------------    -------------------
                         (clock oserdes_clk rise edge)
                                                      0.000     0.000 r  
    AC19                                              0.000     0.000 r  clk (IN)
                         net (fo=0)                   0.000     0.000    clk
    AC19                 IBUF (Prop_ibuf_I_O)         0.253     0.253 r  clk_IBUF_inst/O
                         net (fo=1, routed)           1.074     1.327    clk_IBUF
    BUFGCTRL_X0Y0        BUFG (Prop_bufg_I_O)         0.026     1.353 r  clk_IBUF_BUFG_inst/O
                         net (fo=2027, routed)        0.701     2.054    ddr3.u_axi_wrap_ddr/mig_axi/u_mig_axi_32_mig/u_ddr3_infrastructure/mmcm_clk
    PLLE2_ADV_X0Y4       PLLE2_ADV (Prop_plle2_adv_CLKIN1_CLKOUT1)
                                                      0.050     2.104 r  ddr3.u_axi_wrap_ddr/mig_axi/u_mig_axi_32_mig/u_ddr3_infrastructure/plle2_i/CLKOUT1
                         net (fo=7, routed)           0.197     2.301    ddr3.u_axi_wrap_ddr/mig_axi/u_mig_axi_32_mig/u_memc_ui_top_axi/mem_intfc0/ddr_phy_top0/u_ddr_mc_phy_wrapper/u_ddr_mc_phy/ddr_phy_4lanes_0.u_ddr_phy_4lanes/ddr_byte_lane_A.ddr_byte_lane_A/mem_refclk
    PHASER_OUT_PHY_X0Y16 PHASER_OUT_PHY (Prop_phaser_out_phy_MEMREFCLK_OCLK)
                                                      1.813     4.114 r  ddr3.u_axi_wrap_ddr/mig_axi/u_mig_axi_32_mig/u_memc_ui_top_axi/mem_intfc0/ddr_phy_top0/u_ddr_mc_phy_wrapper/u_ddr_mc_phy/ddr_phy_4lanes_0.u_ddr_phy_4lanes/ddr_byte_lane_A.ddr_byte_lane_A/phaser_out/OCLK
  -------------------------------------------------------------------    -------------------
    PHASER_OUT_PHY_X0Y16 PHASER_OUT_PHY (Prop_phaser_out_phy_OCLK_RDENABLE)
                                                      0.172     4.286 r  ddr3.u_axi_wrap_ddr/mig_axi/u_mig_axi_32_mig/u_memc_ui_top_axi/mem_intfc0/ddr_phy_top0/u_ddr_mc_phy_wrapper/u_ddr_mc_phy/ddr_phy_4lanes_0.u_ddr_phy_4lanes/ddr_byte_lane_A.ddr_byte_lane_A/phaser_out/RDENABLE
                         net (fo=1, routed)           0.000     4.286    ddr3.u_axi_wrap_ddr/mig_axi/u_mig_axi_32_mig/u_memc_ui_top_axi/mem_intfc0/ddr_phy_top0/u_ddr_mc_phy_wrapper/u_ddr_mc_phy/ddr_phy_4lanes_0.u_ddr_phy_4lanes/ddr_byte_lane_A.ddr_byte_lane_A/po_rd_enable
    OUT_FIFO_X0Y16       OUT_FIFO                                     r  ddr3.u_axi_wrap_ddr/mig_axi/u_mig_axi_32_mig/u_memc_ui_top_axi/mem_intfc0/ddr_phy_top0/u_ddr_mc_phy_wrapper/u_ddr_mc_phy/ddr_phy_4lanes_0.u_ddr_phy_4lanes/ddr_byte_lane_A.ddr_byte_lane_A/out_fifo/RDEN
  -------------------------------------------------------------------    -------------------

                         (clock oserdes_clkdiv rise edge)
                                                      0.000     0.000 r  
    AC19                                              0.000     0.000 r  clk (IN)
                         net (fo=0)                   0.000     0.000    clk
    AC19                 IBUF (Prop_ibuf_I_O)         0.441     0.441 r  clk_IBUF_inst/O
                         net (fo=1, routed)           1.160     1.601    clk_IBUF
    BUFGCTRL_X0Y0        BUFG (Prop_bufg_I_O)         0.029     1.630 r  clk_IBUF_BUFG_inst/O
                         net (fo=2027, routed)        0.976     2.606    ddr3.u_axi_wrap_ddr/mig_axi/u_mig_axi_32_mig/u_ddr3_infrastructure/mmcm_clk
    PLLE2_ADV_X0Y4       PLLE2_ADV (Prop_plle2_adv_CLKIN1_CLKOUT1)
                                                      0.053     2.659 r  ddr3.u_axi_wrap_ddr/mig_axi/u_mig_axi_32_mig/u_ddr3_infrastructure/plle2_i/CLKOUT1
                         net (fo=7, routed)           0.218     2.877    ddr3.u_axi_wrap_ddr/mig_axi/u_mig_axi_32_mig/u_memc_ui_top_axi/mem_intfc0/ddr_phy_top0/u_ddr_mc_phy_wrapper/u_ddr_mc_phy/ddr_phy_4lanes_0.u_ddr_phy_4lanes/ddr_byte_lane_A.ddr_byte_lane_A/mem_refclk
    PHASER_OUT_PHY_X0Y16 PHASER_OUT_PHY (Prop_phaser_out_phy_MEMREFCLK_OCLK)
                                                      1.858     4.735 r  ddr3.u_axi_wrap_ddr/mig_axi/u_mig_axi_32_mig/u_memc_ui_top_axi/mem_intfc0/ddr_phy_top0/u_ddr_mc_phy_wrapper/u_ddr_mc_phy/ddr_phy_4lanes_0.u_ddr_phy_4lanes/ddr_byte_lane_A.ddr_byte_lane_A/phaser_out/OCLK
    PHASER_OUT_PHY_X0Y16 PHASER_OUT_PHY (Prop_phaser_out_phy_OCLK_OCLKDIV)
                                                      0.088     4.823 r  ddr3.u_axi_wrap_ddr/mig_axi/u_mig_axi_32_mig/u_memc_ui_top_axi/mem_intfc0/ddr_phy_top0/u_ddr_mc_phy_wrapper/u_ddr_mc_phy/ddr_phy_4lanes_0.u_ddr_phy_4lanes/ddr_byte_lane_A.ddr_byte_lane_A/phaser_out/OCLKDIV
                         net (fo=11, routed)          0.000     4.823    ddr3.u_axi_wrap_ddr/mig_axi/u_mig_axi_32_mig/u_memc_ui_top_axi/mem_intfc0/ddr_phy_top0/u_ddr_mc_phy_wrapper/u_ddr_mc_phy/ddr_phy_4lanes_0.u_ddr_phy_4lanes/ddr_byte_lane_A.ddr_byte_lane_A/oserdes_clkdiv
    OUT_FIFO_X0Y16       OUT_FIFO                                     r  ddr3.u_axi_wrap_ddr/mig_axi/u_mig_axi_32_mig/u_memc_ui_top_axi/mem_intfc0/ddr_phy_top0/u_ddr_mc_phy_wrapper/u_ddr_mc_phy/ddr_phy_4lanes_0.u_ddr_phy_4lanes/ddr_byte_lane_A.ddr_byte_lane_A/out_fifo/RDCLK
                         clock pessimism             -0.621     4.202    
    OUT_FIFO_X0Y16       OUT_FIFO (Hold_out_fifo_RDCLK_RDEN)
                                                     -0.011     4.191    ddr3.u_axi_wrap_ddr/mig_axi/u_mig_axi_32_mig/u_memc_ui_top_axi/mem_intfc0/ddr_phy_top0/u_ddr_mc_phy_wrapper/u_ddr_mc_phy/ddr_phy_4lanes_0.u_ddr_phy_4lanes/ddr_byte_lane_A.ddr_byte_lane_A/out_fifo
  -------------------------------------------------------------------
                         required time                         -4.191    
                         arrival time                           4.286    
  -------------------------------------------------------------------
                         slack                                  0.095    





---------------------------------------------------------------------------------------------------
From Clock:  oserdes_clk_1
  To Clock:  oserdes_clkdiv_1

Setup :            0  Failing Endpoints,  Worst Slack        1.694ns,  Total Violation        0.000ns
Hold  :            0  Failing Endpoints,  Worst Slack        0.095ns,  Total Violation        0.000ns
---------------------------------------------------------------------------------------------------


Max Delay Paths
--------------------------------------------------------------------------------------
Slack (MET) :             1.694ns  (required time - arrival time)
  Source:                 ddr3.u_axi_wrap_ddr/mig_axi/u_mig_axi_32_mig/u_memc_ui_top_axi/mem_intfc0/ddr_phy_top0/u_ddr_mc_phy_wrapper/u_ddr_mc_phy/ddr_phy_4lanes_0.u_ddr_phy_4lanes/ddr_byte_lane_B.ddr_byte_lane_B/phaser_out/OCLK
                            (rising edge-triggered cell PHASER_OUT_PHY clocked by oserdes_clk_1  {rise@0.000ns fall@1.250ns period=2.500ns})
  Destination:            ddr3.u_axi_wrap_ddr/mig_axi/u_mig_axi_32_mig/u_memc_ui_top_axi/mem_intfc0/ddr_phy_top0/u_ddr_mc_phy_wrapper/u_ddr_mc_phy/ddr_phy_4lanes_0.u_ddr_phy_4lanes/ddr_byte_lane_B.ddr_byte_lane_B/out_fifo/RDEN
                            (rising edge-triggered cell OUT_FIFO clocked by oserdes_clkdiv_1  {rise@0.000ns fall@2.500ns period=5.000ns})
  Path Group:             oserdes_clkdiv_1
  Path Type:              Setup (Max at Slow Process Corner)
  Requirement:            2.500ns  (oserdes_clkdiv_1 rise@5.000ns - oserdes_clk_1 rise@2.500ns)
  Data Path Delay:        0.301ns  (logic 0.301ns (100.000%)  route 0.000ns (0.000%))
  Logic Levels:           0  
  Clock Path Skew:        0.133ns (DCD - SCD + CPR)
    Destination Clock Delay (DCD):    8.203ns = ( 13.203 - 5.000 ) 
    Source Clock Delay      (SCD):    8.466ns = ( 10.966 - 2.500 ) 
    Clock Pessimism Removal (CPR):    0.397ns
  Clock Uncertainty:      0.065ns  ((TSJ^2 + DJ^2)^1/2) / 2 + PE
    Total System Jitter     (TSJ):    0.071ns
    Discrete Jitter          (DJ):    0.109ns
    Phase Error              (PE):    0.000ns

    Location             Delay type                Incr(ns)  Path(ns)    Netlist Resource(s)
  -------------------------------------------------------------------    -------------------
                         (clock oserdes_clk_1 rise edge)
                                                      2.500     2.500 r  
    AC19                                              0.000     2.500 r  clk (IN)
                         net (fo=0)                   0.000     2.500    clk
    AC19                 IBUF (Prop_ibuf_I_O)         1.416     3.916 r  clk_IBUF_inst/O
                         net (fo=1, routed)           2.602     6.518    clk_IBUF
    BUFGCTRL_X0Y0        BUFG (Prop_bufg_I_O)         0.081     6.599 r  clk_IBUF_BUFG_inst/O
                         net (fo=2027, routed)        1.696     8.295    ddr3.u_axi_wrap_ddr/mig_axi/u_mig_axi_32_mig/u_ddr3_infrastructure/mmcm_clk
    PLLE2_ADV_X0Y4       PLLE2_ADV (Prop_plle2_adv_CLKIN1_CLKOUT1)
                                                      0.077     8.372 r  ddr3.u_axi_wrap_ddr/mig_axi/u_mig_axi_32_mig/u_ddr3_infrastructure/plle2_i/CLKOUT1
                         net (fo=7, routed)           0.511     8.883    ddr3.u_axi_wrap_ddr/mig_axi/u_mig_axi_32_mig/u_memc_ui_top_axi/mem_intfc0/ddr_phy_top0/u_ddr_mc_phy_wrapper/u_ddr_mc_phy/ddr_phy_4lanes_0.u_ddr_phy_4lanes/ddr_byte_lane_B.ddr_byte_lane_B/mem_refclk
    PHASER_OUT_PHY_X0Y17 PHASER_OUT_PHY (Prop_phaser_out_phy_MEMREFCLK_OCLK)
                                                      2.083    10.966 r  ddr3.u_axi_wrap_ddr/mig_axi/u_mig_axi_32_mig/u_memc_ui_top_axi/mem_intfc0/ddr_phy_top0/u_ddr_mc_phy_wrapper/u_ddr_mc_phy/ddr_phy_4lanes_0.u_ddr_phy_4lanes/ddr_byte_lane_B.ddr_byte_lane_B/phaser_out/OCLK
  -------------------------------------------------------------------    -------------------
    PHASER_OUT_PHY_X0Y17 PHASER_OUT_PHY (Prop_phaser_out_phy_OCLK_RDENABLE)
                                                      0.301    11.267 r  ddr3.u_axi_wrap_ddr/mig_axi/u_mig_axi_32_mig/u_memc_ui_top_axi/mem_intfc0/ddr_phy_top0/u_ddr_mc_phy_wrapper/u_ddr_mc_phy/ddr_phy_4lanes_0.u_ddr_phy_4lanes/ddr_byte_lane_B.ddr_byte_lane_B/phaser_out/RDENABLE
                         net (fo=1, routed)           0.000    11.267    ddr3.u_axi_wrap_ddr/mig_axi/u_mig_axi_32_mig/u_memc_ui_top_axi/mem_intfc0/ddr_phy_top0/u_ddr_mc_phy_wrapper/u_ddr_mc_phy/ddr_phy_4lanes_0.u_ddr_phy_4lanes/ddr_byte_lane_B.ddr_byte_lane_B/po_rd_enable
    OUT_FIFO_X0Y17       OUT_FIFO                                     r  ddr3.u_axi_wrap_ddr/mig_axi/u_mig_axi_32_mig/u_memc_ui_top_axi/mem_intfc0/ddr_phy_top0/u_ddr_mc_phy_wrapper/u_ddr_mc_phy/ddr_phy_4lanes_0.u_ddr_phy_4lanes/ddr_byte_lane_B.ddr_byte_lane_B/out_fifo/RDEN
  -------------------------------------------------------------------    -------------------

                         (clock oserdes_clkdiv_1 rise edge)
                                                      5.000     5.000 r  
    AC19                                              0.000     5.000 r  clk (IN)
                         net (fo=0)                   0.000     5.000    clk
    AC19                 IBUF (Prop_ibuf_I_O)         1.350     6.350 r  clk_IBUF_inst/O
                         net (fo=1, routed)           2.471     8.821    clk_IBUF
    BUFGCTRL_X0Y0        BUFG (Prop_bufg_I_O)         0.077     8.898 r  clk_IBUF_BUFG_inst/O
                         net (fo=2027, routed)        1.586    10.484    ddr3.u_axi_wrap_ddr/mig_axi/u_mig_axi_32_mig/u_ddr3_infrastructure/mmcm_clk
    PLLE2_ADV_X0Y4       PLLE2_ADV (Prop_plle2_adv_CLKIN1_CLKOUT1)
                                                      0.073    10.557 r  ddr3.u_axi_wrap_ddr/mig_axi/u_mig_axi_32_mig/u_ddr3_infrastructure/plle2_i/CLKOUT1
                         net (fo=7, routed)           0.486    11.043    ddr3.u_axi_wrap_ddr/mig_axi/u_mig_axi_32_mig/u_memc_ui_top_axi/mem_intfc0/ddr_phy_top0/u_ddr_mc_phy_wrapper/u_ddr_mc_phy/ddr_phy_4lanes_0.u_ddr_phy_4lanes/ddr_byte_lane_B.ddr_byte_lane_B/mem_refclk
    PHASER_OUT_PHY_X0Y17 PHASER_OUT_PHY (Prop_phaser_out_phy_MEMREFCLK_OCLK)
                                                      2.027    13.070 r  ddr3.u_axi_wrap_ddr/mig_axi/u_mig_axi_32_mig/u_memc_ui_top_axi/mem_intfc0/ddr_phy_top0/u_ddr_mc_phy_wrapper/u_ddr_mc_phy/ddr_phy_4lanes_0.u_ddr_phy_4lanes/ddr_byte_lane_B.ddr_byte_lane_B/phaser_out/OCLK
    PHASER_OUT_PHY_X0Y17 PHASER_OUT_PHY (Prop_phaser_out_phy_OCLK_OCLKDIV)
                                                      0.133    13.203 r  ddr3.u_axi_wrap_ddr/mig_axi/u_mig_axi_32_mig/u_memc_ui_top_axi/mem_intfc0/ddr_phy_top0/u_ddr_mc_phy_wrapper/u_ddr_mc_phy/ddr_phy_4lanes_0.u_ddr_phy_4lanes/ddr_byte_lane_B.ddr_byte_lane_B/phaser_out/OCLKDIV
                         net (fo=11, routed)          0.000    13.203    ddr3.u_axi_wrap_ddr/mig_axi/u_mig_axi_32_mig/u_memc_ui_top_axi/mem_intfc0/ddr_phy_top0/u_ddr_mc_phy_wrapper/u_ddr_mc_phy/ddr_phy_4lanes_0.u_ddr_phy_4lanes/ddr_byte_lane_B.ddr_byte_lane_B/oserdes_clkdiv
    OUT_FIFO_X0Y17       OUT_FIFO                                     r  ddr3.u_axi_wrap_ddr/mig_axi/u_mig_axi_32_mig/u_memc_ui_top_axi/mem_intfc0/ddr_phy_top0/u_ddr_mc_phy_wrapper/u_ddr_mc_phy/ddr_phy_4lanes_0.u_ddr_phy_4lanes/ddr_byte_lane_B.ddr_byte_lane_B/out_fifo/RDCLK
                         clock pessimism              0.397    13.599    
                         clock uncertainty           -0.065    13.534    
    OUT_FIFO_X0Y17       OUT_FIFO (Setup_out_fifo_RDCLK_RDEN)
                                                     -0.573    12.961    ddr3.u_axi_wrap_ddr/mig_axi/u_mig_axi_32_mig/u_memc_ui_top_axi/mem_intfc0/ddr_phy_top0/u_ddr_mc_phy_wrapper/u_ddr_mc_phy/ddr_phy_4lanes_0.u_ddr_phy_4lanes/ddr_byte_lane_B.ddr_byte_lane_B/out_fifo
  -------------------------------------------------------------------
                         required time                         12.961    
                         arrival time                         -11.267    
  -------------------------------------------------------------------
                         slack                                  1.694    





Min Delay Paths
--------------------------------------------------------------------------------------
Slack (MET) :             0.095ns  (arrival time - required time)
  Source:                 ddr3.u_axi_wrap_ddr/mig_axi/u_mig_axi_32_mig/u_memc_ui_top_axi/mem_intfc0/ddr_phy_top0/u_ddr_mc_phy_wrapper/u_ddr_mc_phy/ddr_phy_4lanes_0.u_ddr_phy_4lanes/ddr_byte_lane_B.ddr_byte_lane_B/phaser_out/OCLK
                            (rising edge-triggered cell PHASER_OUT_PHY clocked by oserdes_clk_1  {rise@0.000ns fall@1.250ns period=2.500ns})
  Destination:            ddr3.u_axi_wrap_ddr/mig_axi/u_mig_axi_32_mig/u_memc_ui_top_axi/mem_intfc0/ddr_phy_top0/u_ddr_mc_phy_wrapper/u_ddr_mc_phy/ddr_phy_4lanes_0.u_ddr_phy_4lanes/ddr_byte_lane_B.ddr_byte_lane_B/out_fifo/RDEN
                            (rising edge-triggered cell OUT_FIFO clocked by oserdes_clkdiv_1  {rise@0.000ns fall@2.500ns period=5.000ns})
  Path Group:             oserdes_clkdiv_1
  Path Type:              Hold (Min at Fast Process Corner)
  Requirement:            0.000ns  (oserdes_clkdiv_1 rise@0.000ns - oserdes_clk_1 rise@0.000ns)
  Data Path Delay:        0.172ns  (logic 0.172ns (100.000%)  route 0.000ns (0.000%))
  Logic Levels:           0  
  Clock Path Skew:        0.088ns (DCD - SCD - CPR)
    Destination Clock Delay (DCD):    4.814ns
    Source Clock Delay      (SCD):    4.107ns
    Clock Pessimism Removal (CPR):    0.619ns

    Location             Delay type                Incr(ns)  Path(ns)    Netlist Resource(s)
  -------------------------------------------------------------------    -------------------
                         (clock oserdes_clk_1 rise edge)
                                                      0.000     0.000 r  
    AC19                                              0.000     0.000 r  clk (IN)
                         net (fo=0)                   0.000     0.000    clk
    AC19                 IBUF (Prop_ibuf_I_O)         0.253     0.253 r  clk_IBUF_inst/O
                         net (fo=1, routed)           1.074     1.327    clk_IBUF
    BUFGCTRL_X0Y0        BUFG (Prop_bufg_I_O)         0.026     1.353 r  clk_IBUF_BUFG_inst/O
                         net (fo=2027, routed)        0.701     2.054    ddr3.u_axi_wrap_ddr/mig_axi/u_mig_axi_32_mig/u_ddr3_infrastructure/mmcm_clk
    PLLE2_ADV_X0Y4       PLLE2_ADV (Prop_plle2_adv_CLKIN1_CLKOUT1)
                                                      0.050     2.104 r  ddr3.u_axi_wrap_ddr/mig_axi/u_mig_axi_32_mig/u_ddr3_infrastructure/plle2_i/CLKOUT1
                         net (fo=7, routed)           0.190     2.294    ddr3.u_axi_wrap_ddr/mig_axi/u_mig_axi_32_mig/u_memc_ui_top_axi/mem_intfc0/ddr_phy_top0/u_ddr_mc_phy_wrapper/u_ddr_mc_phy/ddr_phy_4lanes_0.u_ddr_phy_4lanes/ddr_byte_lane_B.ddr_byte_lane_B/mem_refclk
    PHASER_OUT_PHY_X0Y17 PHASER_OUT_PHY (Prop_phaser_out_phy_MEMREFCLK_OCLK)
                                                      1.813     4.107 r  ddr3.u_axi_wrap_ddr/mig_axi/u_mig_axi_32_mig/u_memc_ui_top_axi/mem_intfc0/ddr_phy_top0/u_ddr_mc_phy_wrapper/u_ddr_mc_phy/ddr_phy_4lanes_0.u_ddr_phy_4lanes/ddr_byte_lane_B.ddr_byte_lane_B/phaser_out/OCLK
  -------------------------------------------------------------------    -------------------
    PHASER_OUT_PHY_X0Y17 PHASER_OUT_PHY (Prop_phaser_out_phy_OCLK_RDENABLE)
                                                      0.172     4.279 r  ddr3.u_axi_wrap_ddr/mig_axi/u_mig_axi_32_mig/u_memc_ui_top_axi/mem_intfc0/ddr_phy_top0/u_ddr_mc_phy_wrapper/u_ddr_mc_phy/ddr_phy_4lanes_0.u_ddr_phy_4lanes/ddr_byte_lane_B.ddr_byte_lane_B/phaser_out/RDENABLE
                         net (fo=1, routed)           0.000     4.279    ddr3.u_axi_wrap_ddr/mig_axi/u_mig_axi_32_mig/u_memc_ui_top_axi/mem_intfc0/ddr_phy_top0/u_ddr_mc_phy_wrapper/u_ddr_mc_phy/ddr_phy_4lanes_0.u_ddr_phy_4lanes/ddr_byte_lane_B.ddr_byte_lane_B/po_rd_enable
    OUT_FIFO_X0Y17       OUT_FIFO                                     r  ddr3.u_axi_wrap_ddr/mig_axi/u_mig_axi_32_mig/u_memc_ui_top_axi/mem_intfc0/ddr_phy_top0/u_ddr_mc_phy_wrapper/u_ddr_mc_phy/ddr_phy_4lanes_0.u_ddr_phy_4lanes/ddr_byte_lane_B.ddr_byte_lane_B/out_fifo/RDEN
  -------------------------------------------------------------------    -------------------

                         (clock oserdes_clkdiv_1 rise edge)
                                                      0.000     0.000 r  
    AC19                                              0.000     0.000 r  clk (IN)
                         net (fo=0)                   0.000     0.000    clk
    AC19                 IBUF (Prop_ibuf_I_O)         0.441     0.441 r  clk_IBUF_inst/O
                         net (fo=1, routed)           1.160     1.601    clk_IBUF
    BUFGCTRL_X0Y0        BUFG (Prop_bufg_I_O)         0.029     1.630 r  clk_IBUF_BUFG_inst/O
                         net (fo=2027, routed)        0.976     2.606    ddr3.u_axi_wrap_ddr/mig_axi/u_mig_axi_32_mig/u_ddr3_infrastructure/mmcm_clk
    PLLE2_ADV_X0Y4       PLLE2_ADV (Prop_plle2_adv_CLKIN1_CLKOUT1)
                                                      0.053     2.659 r  ddr3.u_axi_wrap_ddr/mig_axi/u_mig_axi_32_mig/u_ddr3_infrastructure/plle2_i/CLKOUT1
                         net (fo=7, routed)           0.209     2.868    ddr3.u_axi_wrap_ddr/mig_axi/u_mig_axi_32_mig/u_memc_ui_top_axi/mem_intfc0/ddr_phy_top0/u_ddr_mc_phy_wrapper/u_ddr_mc_phy/ddr_phy_4lanes_0.u_ddr_phy_4lanes/ddr_byte_lane_B.ddr_byte_lane_B/mem_refclk
    PHASER_OUT_PHY_X0Y17 PHASER_OUT_PHY (Prop_phaser_out_phy_MEMREFCLK_OCLK)
                                                      1.858     4.726 r  ddr3.u_axi_wrap_ddr/mig_axi/u_mig_axi_32_mig/u_memc_ui_top_axi/mem_intfc0/ddr_phy_top0/u_ddr_mc_phy_wrapper/u_ddr_mc_phy/ddr_phy_4lanes_0.u_ddr_phy_4lanes/ddr_byte_lane_B.ddr_byte_lane_B/phaser_out/OCLK
    PHASER_OUT_PHY_X0Y17 PHASER_OUT_PHY (Prop_phaser_out_phy_OCLK_OCLKDIV)
                                                      0.088     4.814 r  ddr3.u_axi_wrap_ddr/mig_axi/u_mig_axi_32_mig/u_memc_ui_top_axi/mem_intfc0/ddr_phy_top0/u_ddr_mc_phy_wrapper/u_ddr_mc_phy/ddr_phy_4lanes_0.u_ddr_phy_4lanes/ddr_byte_lane_B.ddr_byte_lane_B/phaser_out/OCLKDIV
                         net (fo=11, routed)          0.000     4.814    ddr3.u_axi_wrap_ddr/mig_axi/u_mig_axi_32_mig/u_memc_ui_top_axi/mem_intfc0/ddr_phy_top0/u_ddr_mc_phy_wrapper/u_ddr_mc_phy/ddr_phy_4lanes_0.u_ddr_phy_4lanes/ddr_byte_lane_B.ddr_byte_lane_B/oserdes_clkdiv
    OUT_FIFO_X0Y17       OUT_FIFO                                     r  ddr3.u_axi_wrap_ddr/mig_axi/u_mig_axi_32_mig/u_memc_ui_top_axi/mem_intfc0/ddr_phy_top0/u_ddr_mc_phy_wrapper/u_ddr_mc_phy/ddr_phy_4lanes_0.u_ddr_phy_4lanes/ddr_byte_lane_B.ddr_byte_lane_B/out_fifo/RDCLK
                         clock pessimism             -0.619     4.195    
    OUT_FIFO_X0Y17       OUT_FIFO (Hold_out_fifo_RDCLK_RDEN)
                                                     -0.011     4.184    ddr3.u_axi_wrap_ddr/mig_axi/u_mig_axi_32_mig/u_memc_ui_top_axi/mem_intfc0/ddr_phy_top0/u_ddr_mc_phy_wrapper/u_ddr_mc_phy/ddr_phy_4lanes_0.u_ddr_phy_4lanes/ddr_byte_lane_B.ddr_byte_lane_B/out_fifo
  -------------------------------------------------------------------
                         required time                         -4.184    
                         arrival time                           4.279    
  -------------------------------------------------------------------
                         slack                                  0.095    





---------------------------------------------------------------------------------------------------
From Clock:  oserdes_clk_2
  To Clock:  oserdes_clkdiv_2

Setup :            0  Failing Endpoints,  Worst Slack        1.694ns,  Total Violation        0.000ns
Hold  :            0  Failing Endpoints,  Worst Slack        0.095ns,  Total Violation        0.000ns
---------------------------------------------------------------------------------------------------


Max Delay Paths
--------------------------------------------------------------------------------------
Slack (MET) :             1.694ns  (required time - arrival time)
  Source:                 ddr3.u_axi_wrap_ddr/mig_axi/u_mig_axi_32_mig/u_memc_ui_top_axi/mem_intfc0/ddr_phy_top0/u_ddr_mc_phy_wrapper/u_ddr_mc_phy/ddr_phy_4lanes_0.u_ddr_phy_4lanes/ddr_byte_lane_C.ddr_byte_lane_C/phaser_out/OCLK
                            (rising edge-triggered cell PHASER_OUT_PHY clocked by oserdes_clk_2  {rise@0.000ns fall@1.250ns period=2.500ns})
  Destination:            ddr3.u_axi_wrap_ddr/mig_axi/u_mig_axi_32_mig/u_memc_ui_top_axi/mem_intfc0/ddr_phy_top0/u_ddr_mc_phy_wrapper/u_ddr_mc_phy/ddr_phy_4lanes_0.u_ddr_phy_4lanes/ddr_byte_lane_C.ddr_byte_lane_C/out_fifo/RDEN
                            (rising edge-triggered cell OUT_FIFO clocked by oserdes_clkdiv_2  {rise@0.000ns fall@5.000ns period=10.000ns})
  Path Group:             oserdes_clkdiv_2
  Path Type:              Setup (Max at Slow Process Corner)
  Requirement:            2.500ns  (oserdes_clkdiv_2 rise@10.000ns - oserdes_clk_2 rise@7.500ns)
  Data Path Delay:        0.301ns  (logic 0.301ns (100.000%)  route 0.000ns (0.000%))
  Logic Levels:           0  
  Clock Path Skew:        0.133ns (DCD - SCD + CPR)
    Destination Clock Delay (DCD):    8.213ns = ( 18.213 - 10.000 ) 
    Source Clock Delay      (SCD):    8.477ns = ( 15.977 - 7.500 ) 
    Clock Pessimism Removal (CPR):    0.398ns
  Clock Uncertainty:      0.065ns  ((TSJ^2 + DJ^2)^1/2) / 2 + PE
    Total System Jitter     (TSJ):    0.071ns
    Discrete Jitter          (DJ):    0.109ns
    Phase Error              (PE):    0.000ns

    Location             Delay type                Incr(ns)  Path(ns)    Netlist Resource(s)
  -------------------------------------------------------------------    -------------------
                         (clock oserdes_clk_2 rise edge)
                                                      7.500     7.500 r  
    AC19                                              0.000     7.500 r  clk (IN)
                         net (fo=0)                   0.000     7.500    clk
    AC19                 IBUF (Prop_ibuf_I_O)         1.416     8.916 r  clk_IBUF_inst/O
                         net (fo=1, routed)           2.602    11.518    clk_IBUF
    BUFGCTRL_X0Y0        BUFG (Prop_bufg_I_O)         0.081    11.599 r  clk_IBUF_BUFG_inst/O
                         net (fo=2027, routed)        1.696    13.295    ddr3.u_axi_wrap_ddr/mig_axi/u_mig_axi_32_mig/u_ddr3_infrastructure/mmcm_clk
    PLLE2_ADV_X0Y4       PLLE2_ADV (Prop_plle2_adv_CLKIN1_CLKOUT1)
                                                      0.077    13.372 r  ddr3.u_axi_wrap_ddr/mig_axi/u_mig_axi_32_mig/u_ddr3_infrastructure/plle2_i/CLKOUT1
                         net (fo=7, routed)           0.522    13.894    ddr3.u_axi_wrap_ddr/mig_axi/u_mig_axi_32_mig/u_memc_ui_top_axi/mem_intfc0/ddr_phy_top0/u_ddr_mc_phy_wrapper/u_ddr_mc_phy/ddr_phy_4lanes_0.u_ddr_phy_4lanes/ddr_byte_lane_C.ddr_byte_lane_C/mem_refclk
    PHASER_OUT_PHY_X0Y18 PHASER_OUT_PHY (Prop_phaser_out_phy_MEMREFCLK_OCLK)
                                                      2.083    15.977 r  ddr3.u_axi_wrap_ddr/mig_axi/u_mig_axi_32_mig/u_memc_ui_top_axi/mem_intfc0/ddr_phy_top0/u_ddr_mc_phy_wrapper/u_ddr_mc_phy/ddr_phy_4lanes_0.u_ddr_phy_4lanes/ddr_byte_lane_C.ddr_byte_lane_C/phaser_out/OCLK
  -------------------------------------------------------------------    -------------------
    PHASER_OUT_PHY_X0Y18 PHASER_OUT_PHY (Prop_phaser_out_phy_OCLK_RDENABLE)
                                                      0.301    16.278 r  ddr3.u_axi_wrap_ddr/mig_axi/u_mig_axi_32_mig/u_memc_ui_top_axi/mem_intfc0/ddr_phy_top0/u_ddr_mc_phy_wrapper/u_ddr_mc_phy/ddr_phy_4lanes_0.u_ddr_phy_4lanes/ddr_byte_lane_C.ddr_byte_lane_C/phaser_out/RDENABLE
                         net (fo=1, routed)           0.000    16.278    ddr3.u_axi_wrap_ddr/mig_axi/u_mig_axi_32_mig/u_memc_ui_top_axi/mem_intfc0/ddr_phy_top0/u_ddr_mc_phy_wrapper/u_ddr_mc_phy/ddr_phy_4lanes_0.u_ddr_phy_4lanes/ddr_byte_lane_C.ddr_byte_lane_C/po_rd_enable
    OUT_FIFO_X0Y18       OUT_FIFO                                     r  ddr3.u_axi_wrap_ddr/mig_axi/u_mig_axi_32_mig/u_memc_ui_top_axi/mem_intfc0/ddr_phy_top0/u_ddr_mc_phy_wrapper/u_ddr_mc_phy/ddr_phy_4lanes_0.u_ddr_phy_4lanes/ddr_byte_lane_C.ddr_byte_lane_C/out_fifo/RDEN
  -------------------------------------------------------------------    -------------------

                         (clock oserdes_clkdiv_2 rise edge)
                                                     10.000    10.000 r  
    AC19                                              0.000    10.000 r  clk (IN)
                         net (fo=0)                   0.000    10.000    clk
    AC19                 IBUF (Prop_ibuf_I_O)         1.350    11.350 r  clk_IBUF_inst/O
                         net (fo=1, routed)           2.471    13.821    clk_IBUF
    BUFGCTRL_X0Y0        BUFG (Prop_bufg_I_O)         0.077    13.898 r  clk_IBUF_BUFG_inst/O
                         net (fo=2027, routed)        1.586    15.484    ddr3.u_axi_wrap_ddr/mig_axi/u_mig_axi_32_mig/u_ddr3_infrastructure/mmcm_clk
    PLLE2_ADV_X0Y4       PLLE2_ADV (Prop_plle2_adv_CLKIN1_CLKOUT1)
                                                      0.073    15.557 r  ddr3.u_axi_wrap_ddr/mig_axi/u_mig_axi_32_mig/u_ddr3_infrastructure/plle2_i/CLKOUT1
                         net (fo=7, routed)           0.496    16.053    ddr3.u_axi_wrap_ddr/mig_axi/u_mig_axi_32_mig/u_memc_ui_top_axi/mem_intfc0/ddr_phy_top0/u_ddr_mc_phy_wrapper/u_ddr_mc_phy/ddr_phy_4lanes_0.u_ddr_phy_4lanes/ddr_byte_lane_C.ddr_byte_lane_C/mem_refclk
    PHASER_OUT_PHY_X0Y18 PHASER_OUT_PHY (Prop_phaser_out_phy_MEMREFCLK_OCLK)
                                                      2.027    18.080 r  ddr3.u_axi_wrap_ddr/mig_axi/u_mig_axi_32_mig/u_memc_ui_top_axi/mem_intfc0/ddr_phy_top0/u_ddr_mc_phy_wrapper/u_ddr_mc_phy/ddr_phy_4lanes_0.u_ddr_phy_4lanes/ddr_byte_lane_C.ddr_byte_lane_C/phaser_out/OCLK
    PHASER_OUT_PHY_X0Y18 PHASER_OUT_PHY (Prop_phaser_out_phy_OCLK_OCLKDIV)
                                                      0.133    18.213 r  ddr3.u_axi_wrap_ddr/mig_axi/u_mig_axi_32_mig/u_memc_ui_top_axi/mem_intfc0/ddr_phy_top0/u_ddr_mc_phy_wrapper/u_ddr_mc_phy/ddr_phy_4lanes_0.u_ddr_phy_4lanes/ddr_byte_lane_C.ddr_byte_lane_C/phaser_out/OCLKDIV
                         net (fo=10, routed)          0.000    18.213    ddr3.u_axi_wrap_ddr/mig_axi/u_mig_axi_32_mig/u_memc_ui_top_axi/mem_intfc0/ddr_phy_top0/u_ddr_mc_phy_wrapper/u_ddr_mc_phy/ddr_phy_4lanes_0.u_ddr_phy_4lanes/ddr_byte_lane_C.ddr_byte_lane_C/oserdes_clkdiv
    OUT_FIFO_X0Y18       OUT_FIFO                                     r  ddr3.u_axi_wrap_ddr/mig_axi/u_mig_axi_32_mig/u_memc_ui_top_axi/mem_intfc0/ddr_phy_top0/u_ddr_mc_phy_wrapper/u_ddr_mc_phy/ddr_phy_4lanes_0.u_ddr_phy_4lanes/ddr_byte_lane_C.ddr_byte_lane_C/out_fifo/RDCLK
                         clock pessimism              0.398    18.610    
                         clock uncertainty           -0.065    18.545    
    OUT_FIFO_X0Y18       OUT_FIFO (Setup_out_fifo_RDCLK_RDEN)
                                                     -0.573    17.972    ddr3.u_axi_wrap_ddr/mig_axi/u_mig_axi_32_mig/u_memc_ui_top_axi/mem_intfc0/ddr_phy_top0/u_ddr_mc_phy_wrapper/u_ddr_mc_phy/ddr_phy_4lanes_0.u_ddr_phy_4lanes/ddr_byte_lane_C.ddr_byte_lane_C/out_fifo
  -------------------------------------------------------------------
                         required time                         17.972    
                         arrival time                         -16.278    
  -------------------------------------------------------------------
                         slack                                  1.694    





Min Delay Paths
--------------------------------------------------------------------------------------
Slack (MET) :             0.095ns  (arrival time - required time)
  Source:                 ddr3.u_axi_wrap_ddr/mig_axi/u_mig_axi_32_mig/u_memc_ui_top_axi/mem_intfc0/ddr_phy_top0/u_ddr_mc_phy_wrapper/u_ddr_mc_phy/ddr_phy_4lanes_0.u_ddr_phy_4lanes/ddr_byte_lane_C.ddr_byte_lane_C/phaser_out/OCLK
                            (rising edge-triggered cell PHASER_OUT_PHY clocked by oserdes_clk_2  {rise@0.000ns fall@1.250ns period=2.500ns})
  Destination:            ddr3.u_axi_wrap_ddr/mig_axi/u_mig_axi_32_mig/u_memc_ui_top_axi/mem_intfc0/ddr_phy_top0/u_ddr_mc_phy_wrapper/u_ddr_mc_phy/ddr_phy_4lanes_0.u_ddr_phy_4lanes/ddr_byte_lane_C.ddr_byte_lane_C/out_fifo/RDEN
                            (rising edge-triggered cell OUT_FIFO clocked by oserdes_clkdiv_2  {rise@0.000ns fall@5.000ns period=10.000ns})
  Path Group:             oserdes_clkdiv_2
  Path Type:              Hold (Min at Fast Process Corner)
  Requirement:            0.000ns  (oserdes_clkdiv_2 rise@0.000ns - oserdes_clk_2 rise@0.000ns)
  Data Path Delay:        0.172ns  (logic 0.172ns (100.000%)  route 0.000ns (0.000%))
  Logic Levels:           0  
  Clock Path Skew:        0.088ns (DCD - SCD - CPR)
    Destination Clock Delay (DCD):    4.823ns
    Source Clock Delay      (SCD):    4.114ns
    Clock Pessimism Removal (CPR):    0.621ns

    Location             Delay type                Incr(ns)  Path(ns)    Netlist Resource(s)
  -------------------------------------------------------------------    -------------------
                         (clock oserdes_clk_2 rise edge)
                                                      0.000     0.000 r  
    AC19                                              0.000     0.000 r  clk (IN)
                         net (fo=0)                   0.000     0.000    clk
    AC19                 IBUF (Prop_ibuf_I_O)         0.253     0.253 r  clk_IBUF_inst/O
                         net (fo=1, routed)           1.074     1.327    clk_IBUF
    BUFGCTRL_X0Y0        BUFG (Prop_bufg_I_O)         0.026     1.353 r  clk_IBUF_BUFG_inst/O
                         net (fo=2027, routed)        0.701     2.054    ddr3.u_axi_wrap_ddr/mig_axi/u_mig_axi_32_mig/u_ddr3_infrastructure/mmcm_clk
    PLLE2_ADV_X0Y4       PLLE2_ADV (Prop_plle2_adv_CLKIN1_CLKOUT1)
                                                      0.050     2.104 r  ddr3.u_axi_wrap_ddr/mig_axi/u_mig_axi_32_mig/u_ddr3_infrastructure/plle2_i/CLKOUT1
                         net (fo=7, routed)           0.197     2.301    ddr3.u_axi_wrap_ddr/mig_axi/u_mig_axi_32_mig/u_memc_ui_top_axi/mem_intfc0/ddr_phy_top0/u_ddr_mc_phy_wrapper/u_ddr_mc_phy/ddr_phy_4lanes_0.u_ddr_phy_4lanes/ddr_byte_lane_C.ddr_byte_lane_C/mem_refclk
    PHASER_OUT_PHY_X0Y18 PHASER_OUT_PHY (Prop_phaser_out_phy_MEMREFCLK_OCLK)
                                                      1.813     4.114 r  ddr3.u_axi_wrap_ddr/mig_axi/u_mig_axi_32_mig/u_memc_ui_top_axi/mem_intfc0/ddr_phy_top0/u_ddr_mc_phy_wrapper/u_ddr_mc_phy/ddr_phy_4lanes_0.u_ddr_phy_4lanes/ddr_byte_lane_C.ddr_byte_lane_C/phaser_out/OCLK
  -------------------------------------------------------------------    -------------------
    PHASER_OUT_PHY_X0Y18 PHASER_OUT_PHY (Prop_phaser_out_phy_OCLK_RDENABLE)
                                                      0.172     4.286 r  ddr3.u_axi_wrap_ddr/mig_axi/u_mig_axi_32_mig/u_memc_ui_top_axi/mem_intfc0/ddr_phy_top0/u_ddr_mc_phy_wrapper/u_ddr_mc_phy/ddr_phy_4lanes_0.u_ddr_phy_4lanes/ddr_byte_lane_C.ddr_byte_lane_C/phaser_out/RDENABLE
                         net (fo=1, routed)           0.000     4.286    ddr3.u_axi_wrap_ddr/mig_axi/u_mig_axi_32_mig/u_memc_ui_top_axi/mem_intfc0/ddr_phy_top0/u_ddr_mc_phy_wrapper/u_ddr_mc_phy/ddr_phy_4lanes_0.u_ddr_phy_4lanes/ddr_byte_lane_C.ddr_byte_lane_C/po_rd_enable
    OUT_FIFO_X0Y18       OUT_FIFO                                     r  ddr3.u_axi_wrap_ddr/mig_axi/u_mig_axi_32_mig/u_memc_ui_top_axi/mem_intfc0/ddr_phy_top0/u_ddr_mc_phy_wrapper/u_ddr_mc_phy/ddr_phy_4lanes_0.u_ddr_phy_4lanes/ddr_byte_lane_C.ddr_byte_lane_C/out_fifo/RDEN
  -------------------------------------------------------------------    -------------------

                         (clock oserdes_clkdiv_2 rise edge)
                                                      0.000     0.000 r  
    AC19                                              0.000     0.000 r  clk (IN)
                         net (fo=0)                   0.000     0.000    clk
    AC19                 IBUF (Prop_ibuf_I_O)         0.441     0.441 r  clk_IBUF_inst/O
                         net (fo=1, routed)           1.160     1.601    clk_IBUF
    BUFGCTRL_X0Y0        BUFG (Prop_bufg_I_O)         0.029     1.630 r  clk_IBUF_BUFG_inst/O
                         net (fo=2027, routed)        0.976     2.606    ddr3.u_axi_wrap_ddr/mig_axi/u_mig_axi_32_mig/u_ddr3_infrastructure/mmcm_clk
    PLLE2_ADV_X0Y4       PLLE2_ADV (Prop_plle2_adv_CLKIN1_CLKOUT1)
                                                      0.053     2.659 r  ddr3.u_axi_wrap_ddr/mig_axi/u_mig_axi_32_mig/u_ddr3_infrastructure/plle2_i/CLKOUT1
                         net (fo=7, routed)           0.218     2.877    ddr3.u_axi_wrap_ddr/mig_axi/u_mig_axi_32_mig/u_memc_ui_top_axi/mem_intfc0/ddr_phy_top0/u_ddr_mc_phy_wrapper/u_ddr_mc_phy/ddr_phy_4lanes_0.u_ddr_phy_4lanes/ddr_byte_lane_C.ddr_byte_lane_C/mem_refclk
    PHASER_OUT_PHY_X0Y18 PHASER_OUT_PHY (Prop_phaser_out_phy_MEMREFCLK_OCLK)
                                                      1.858     4.735 r  ddr3.u_axi_wrap_ddr/mig_axi/u_mig_axi_32_mig/u_memc_ui_top_axi/mem_intfc0/ddr_phy_top0/u_ddr_mc_phy_wrapper/u_ddr_mc_phy/ddr_phy_4lanes_0.u_ddr_phy_4lanes/ddr_byte_lane_C.ddr_byte_lane_C/phaser_out/OCLK
    PHASER_OUT_PHY_X0Y18 PHASER_OUT_PHY (Prop_phaser_out_phy_OCLK_OCLKDIV)
                                                      0.088     4.823 r  ddr3.u_axi_wrap_ddr/mig_axi/u_mig_axi_32_mig/u_memc_ui_top_axi/mem_intfc0/ddr_phy_top0/u_ddr_mc_phy_wrapper/u_ddr_mc_phy/ddr_phy_4lanes_0.u_ddr_phy_4lanes/ddr_byte_lane_C.ddr_byte_lane_C/phaser_out/OCLKDIV
                         net (fo=10, routed)          0.000     4.823    ddr3.u_axi_wrap_ddr/mig_axi/u_mig_axi_32_mig/u_memc_ui_top_axi/mem_intfc0/ddr_phy_top0/u_ddr_mc_phy_wrapper/u_ddr_mc_phy/ddr_phy_4lanes_0.u_ddr_phy_4lanes/ddr_byte_lane_C.ddr_byte_lane_C/oserdes_clkdiv
    OUT_FIFO_X0Y18       OUT_FIFO                                     r  ddr3.u_axi_wrap_ddr/mig_axi/u_mig_axi_32_mig/u_memc_ui_top_axi/mem_intfc0/ddr_phy_top0/u_ddr_mc_phy_wrapper/u_ddr_mc_phy/ddr_phy_4lanes_0.u_ddr_phy_4lanes/ddr_byte_lane_C.ddr_byte_lane_C/out_fifo/RDCLK
                         clock pessimism             -0.621     4.202    
    OUT_FIFO_X0Y18       OUT_FIFO (Hold_out_fifo_RDCLK_RDEN)
                                                     -0.011     4.191    ddr3.u_axi_wrap_ddr/mig_axi/u_mig_axi_32_mig/u_memc_ui_top_axi/mem_intfc0/ddr_phy_top0/u_ddr_mc_phy_wrapper/u_ddr_mc_phy/ddr_phy_4lanes_0.u_ddr_phy_4lanes/ddr_byte_lane_C.ddr_byte_lane_C/out_fifo
  -------------------------------------------------------------------
                         required time                         -4.191    
                         arrival time                           4.286    
  -------------------------------------------------------------------
                         slack                                  0.095    





---------------------------------------------------------------------------------------------------
From Clock:  oserdes_clk_3
  To Clock:  oserdes_clkdiv_3

Setup :            0  Failing Endpoints,  Worst Slack        1.694ns,  Total Violation        0.000ns
Hold  :            0  Failing Endpoints,  Worst Slack        0.095ns,  Total Violation        0.000ns
---------------------------------------------------------------------------------------------------


Max Delay Paths
--------------------------------------------------------------------------------------
Slack (MET) :             1.694ns  (required time - arrival time)
  Source:                 ddr3.u_axi_wrap_ddr/mig_axi/u_mig_axi_32_mig/u_memc_ui_top_axi/mem_intfc0/ddr_phy_top0/u_ddr_mc_phy_wrapper/u_ddr_mc_phy/ddr_phy_4lanes_0.u_ddr_phy_4lanes/ddr_byte_lane_D.ddr_byte_lane_D/phaser_out/OCLK
                            (rising edge-triggered cell PHASER_OUT_PHY clocked by oserdes_clk_3  {rise@0.000ns fall@1.250ns period=2.500ns})
  Destination:            ddr3.u_axi_wrap_ddr/mig_axi/u_mig_axi_32_mig/u_memc_ui_top_axi/mem_intfc0/ddr_phy_top0/u_ddr_mc_phy_wrapper/u_ddr_mc_phy/ddr_phy_4lanes_0.u_ddr_phy_4lanes/ddr_byte_lane_D.ddr_byte_lane_D/out_fifo/RDEN
                            (rising edge-triggered cell OUT_FIFO clocked by oserdes_clkdiv_3  {rise@0.000ns fall@5.000ns period=10.000ns})
  Path Group:             oserdes_clkdiv_3
  Path Type:              Setup (Max at Slow Process Corner)
  Requirement:            2.500ns  (oserdes_clkdiv_3 rise@10.000ns - oserdes_clk_3 rise@7.500ns)
  Data Path Delay:        0.301ns  (logic 0.301ns (100.000%)  route 0.000ns (0.000%))
  Logic Levels:           0  
  Clock Path Skew:        0.133ns (DCD - SCD + CPR)
    Destination Clock Delay (DCD):    8.203ns = ( 18.203 - 10.000 ) 
    Source Clock Delay      (SCD):    8.466ns = ( 15.966 - 7.500 ) 
    Clock Pessimism Removal (CPR):    0.397ns
  Clock Uncertainty:      0.065ns  ((TSJ^2 + DJ^2)^1/2) / 2 + PE
    Total System Jitter     (TSJ):    0.071ns
    Discrete Jitter          (DJ):    0.109ns
    Phase Error              (PE):    0.000ns

    Location             Delay type                Incr(ns)  Path(ns)    Netlist Resource(s)
  -------------------------------------------------------------------    -------------------
                         (clock oserdes_clk_3 rise edge)
                                                      7.500     7.500 r  
    AC19                                              0.000     7.500 r  clk (IN)
                         net (fo=0)                   0.000     7.500    clk
    AC19                 IBUF (Prop_ibuf_I_O)         1.416     8.916 r  clk_IBUF_inst/O
                         net (fo=1, routed)           2.602    11.518    clk_IBUF
    BUFGCTRL_X0Y0        BUFG (Prop_bufg_I_O)         0.081    11.599 r  clk_IBUF_BUFG_inst/O
                         net (fo=2027, routed)        1.696    13.295    ddr3.u_axi_wrap_ddr/mig_axi/u_mig_axi_32_mig/u_ddr3_infrastructure/mmcm_clk
    PLLE2_ADV_X0Y4       PLLE2_ADV (Prop_plle2_adv_CLKIN1_CLKOUT1)
                                                      0.077    13.372 r  ddr3.u_axi_wrap_ddr/mig_axi/u_mig_axi_32_mig/u_ddr3_infrastructure/plle2_i/CLKOUT1
                         net (fo=7, routed)           0.511    13.883    ddr3.u_axi_wrap_ddr/mig_axi/u_mig_axi_32_mig/u_memc_ui_top_axi/mem_intfc0/ddr_phy_top0/u_ddr_mc_phy_wrapper/u_ddr_mc_phy/ddr_phy_4lanes_0.u_ddr_phy_4lanes/ddr_byte_lane_D.ddr_byte_lane_D/mem_refclk
    PHASER_OUT_PHY_X0Y19 PHASER_OUT_PHY (Prop_phaser_out_phy_MEMREFCLK_OCLK)
                                                      2.083    15.966 r  ddr3.u_axi_wrap_ddr/mig_axi/u_mig_axi_32_mig/u_memc_ui_top_axi/mem_intfc0/ddr_phy_top0/u_ddr_mc_phy_wrapper/u_ddr_mc_phy/ddr_phy_4lanes_0.u_ddr_phy_4lanes/ddr_byte_lane_D.ddr_byte_lane_D/phaser_out/OCLK
  -------------------------------------------------------------------    -------------------
    PHASER_OUT_PHY_X0Y19 PHASER_OUT_PHY (Prop_phaser_out_phy_OCLK_RDENABLE)
                                                      0.301    16.267 r  ddr3.u_axi_wrap_ddr/mig_axi/u_mig_axi_32_mig/u_memc_ui_top_axi/mem_intfc0/ddr_phy_top0/u_ddr_mc_phy_wrapper/u_ddr_mc_phy/ddr_phy_4lanes_0.u_ddr_phy_4lanes/ddr_byte_lane_D.ddr_byte_lane_D/phaser_out/RDENABLE
                         net (fo=1, routed)           0.000    16.267    ddr3.u_axi_wrap_ddr/mig_axi/u_mig_axi_32_mig/u_memc_ui_top_axi/mem_intfc0/ddr_phy_top0/u_ddr_mc_phy_wrapper/u_ddr_mc_phy/ddr_phy_4lanes_0.u_ddr_phy_4lanes/ddr_byte_lane_D.ddr_byte_lane_D/po_rd_enable
    OUT_FIFO_X0Y19       OUT_FIFO                                     r  ddr3.u_axi_wrap_ddr/mig_axi/u_mig_axi_32_mig/u_memc_ui_top_axi/mem_intfc0/ddr_phy_top0/u_ddr_mc_phy_wrapper/u_ddr_mc_phy/ddr_phy_4lanes_0.u_ddr_phy_4lanes/ddr_byte_lane_D.ddr_byte_lane_D/out_fifo/RDEN
  -------------------------------------------------------------------    -------------------

                         (clock oserdes_clkdiv_3 rise edge)
                                                     10.000    10.000 r  
    AC19                                              0.000    10.000 r  clk (IN)
                         net (fo=0)                   0.000    10.000    clk
    AC19                 IBUF (Prop_ibuf_I_O)         1.350    11.350 r  clk_IBUF_inst/O
                         net (fo=1, routed)           2.471    13.821    clk_IBUF
    BUFGCTRL_X0Y0        BUFG (Prop_bufg_I_O)         0.077    13.898 r  clk_IBUF_BUFG_inst/O
                         net (fo=2027, routed)        1.586    15.484    ddr3.u_axi_wrap_ddr/mig_axi/u_mig_axi_32_mig/u_ddr3_infrastructure/mmcm_clk
    PLLE2_ADV_X0Y4       PLLE2_ADV (Prop_plle2_adv_CLKIN1_CLKOUT1)
                                                      0.073    15.557 r  ddr3.u_axi_wrap_ddr/mig_axi/u_mig_axi_32_mig/u_ddr3_infrastructure/plle2_i/CLKOUT1
                         net (fo=7, routed)           0.486    16.043    ddr3.u_axi_wrap_ddr/mig_axi/u_mig_axi_32_mig/u_memc_ui_top_axi/mem_intfc0/ddr_phy_top0/u_ddr_mc_phy_wrapper/u_ddr_mc_phy/ddr_phy_4lanes_0.u_ddr_phy_4lanes/ddr_byte_lane_D.ddr_byte_lane_D/mem_refclk
    PHASER_OUT_PHY_X0Y19 PHASER_OUT_PHY (Prop_phaser_out_phy_MEMREFCLK_OCLK)
                                                      2.027    18.070 r  ddr3.u_axi_wrap_ddr/mig_axi/u_mig_axi_32_mig/u_memc_ui_top_axi/mem_intfc0/ddr_phy_top0/u_ddr_mc_phy_wrapper/u_ddr_mc_phy/ddr_phy_4lanes_0.u_ddr_phy_4lanes/ddr_byte_lane_D.ddr_byte_lane_D/phaser_out/OCLK
    PHASER_OUT_PHY_X0Y19 PHASER_OUT_PHY (Prop_phaser_out_phy_OCLK_OCLKDIV)
                                                      0.133    18.203 r  ddr3.u_axi_wrap_ddr/mig_axi/u_mig_axi_32_mig/u_memc_ui_top_axi/mem_intfc0/ddr_phy_top0/u_ddr_mc_phy_wrapper/u_ddr_mc_phy/ddr_phy_4lanes_0.u_ddr_phy_4lanes/ddr_byte_lane_D.ddr_byte_lane_D/phaser_out/OCLKDIV
                         net (fo=13, routed)          0.000    18.203    ddr3.u_axi_wrap_ddr/mig_axi/u_mig_axi_32_mig/u_memc_ui_top_axi/mem_intfc0/ddr_phy_top0/u_ddr_mc_phy_wrapper/u_ddr_mc_phy/ddr_phy_4lanes_0.u_ddr_phy_4lanes/ddr_byte_lane_D.ddr_byte_lane_D/oserdes_clkdiv
    OUT_FIFO_X0Y19       OUT_FIFO                                     r  ddr3.u_axi_wrap_ddr/mig_axi/u_mig_axi_32_mig/u_memc_ui_top_axi/mem_intfc0/ddr_phy_top0/u_ddr_mc_phy_wrapper/u_ddr_mc_phy/ddr_phy_4lanes_0.u_ddr_phy_4lanes/ddr_byte_lane_D.ddr_byte_lane_D/out_fifo/RDCLK
                         clock pessimism              0.397    18.599    
                         clock uncertainty           -0.065    18.534    
    OUT_FIFO_X0Y19       OUT_FIFO (Setup_out_fifo_RDCLK_RDEN)
                                                     -0.573    17.961    ddr3.u_axi_wrap_ddr/mig_axi/u_mig_axi_32_mig/u_memc_ui_top_axi/mem_intfc0/ddr_phy_top0/u_ddr_mc_phy_wrapper/u_ddr_mc_phy/ddr_phy_4lanes_0.u_ddr_phy_4lanes/ddr_byte_lane_D.ddr_byte_lane_D/out_fifo
  -------------------------------------------------------------------
                         required time                         17.961    
                         arrival time                         -16.267    
  -------------------------------------------------------------------
                         slack                                  1.694    





Min Delay Paths
--------------------------------------------------------------------------------------
Slack (MET) :             0.095ns  (arrival time - required time)
  Source:                 ddr3.u_axi_wrap_ddr/mig_axi/u_mig_axi_32_mig/u_memc_ui_top_axi/mem_intfc0/ddr_phy_top0/u_ddr_mc_phy_wrapper/u_ddr_mc_phy/ddr_phy_4lanes_0.u_ddr_phy_4lanes/ddr_byte_lane_D.ddr_byte_lane_D/phaser_out/OCLK
                            (rising edge-triggered cell PHASER_OUT_PHY clocked by oserdes_clk_3  {rise@0.000ns fall@1.250ns period=2.500ns})
  Destination:            ddr3.u_axi_wrap_ddr/mig_axi/u_mig_axi_32_mig/u_memc_ui_top_axi/mem_intfc0/ddr_phy_top0/u_ddr_mc_phy_wrapper/u_ddr_mc_phy/ddr_phy_4lanes_0.u_ddr_phy_4lanes/ddr_byte_lane_D.ddr_byte_lane_D/out_fifo/RDEN
                            (rising edge-triggered cell OUT_FIFO clocked by oserdes_clkdiv_3  {rise@0.000ns fall@5.000ns period=10.000ns})
  Path Group:             oserdes_clkdiv_3
  Path Type:              Hold (Min at Fast Process Corner)
  Requirement:            0.000ns  (oserdes_clkdiv_3 rise@0.000ns - oserdes_clk_3 rise@0.000ns)
  Data Path Delay:        0.172ns  (logic 0.172ns (100.000%)  route 0.000ns (0.000%))
  Logic Levels:           0  
  Clock Path Skew:        0.088ns (DCD - SCD - CPR)
    Destination Clock Delay (DCD):    4.814ns
    Source Clock Delay      (SCD):    4.107ns
    Clock Pessimism Removal (CPR):    0.619ns

    Location             Delay type                Incr(ns)  Path(ns)    Netlist Resource(s)
  -------------------------------------------------------------------    -------------------
                         (clock oserdes_clk_3 rise edge)
                                                      0.000     0.000 r  
    AC19                                              0.000     0.000 r  clk (IN)
                         net (fo=0)                   0.000     0.000    clk
    AC19                 IBUF (Prop_ibuf_I_O)         0.253     0.253 r  clk_IBUF_inst/O
                         net (fo=1, routed)           1.074     1.327    clk_IBUF
    BUFGCTRL_X0Y0        BUFG (Prop_bufg_I_O)         0.026     1.353 r  clk_IBUF_BUFG_inst/O
                         net (fo=2027, routed)        0.701     2.054    ddr3.u_axi_wrap_ddr/mig_axi/u_mig_axi_32_mig/u_ddr3_infrastructure/mmcm_clk
    PLLE2_ADV_X0Y4       PLLE2_ADV (Prop_plle2_adv_CLKIN1_CLKOUT1)
                                                      0.050     2.104 r  ddr3.u_axi_wrap_ddr/mig_axi/u_mig_axi_32_mig/u_ddr3_infrastructure/plle2_i/CLKOUT1
                         net (fo=7, routed)           0.190     2.294    ddr3.u_axi_wrap_ddr/mig_axi/u_mig_axi_32_mig/u_memc_ui_top_axi/mem_intfc0/ddr_phy_top0/u_ddr_mc_phy_wrapper/u_ddr_mc_phy/ddr_phy_4lanes_0.u_ddr_phy_4lanes/ddr_byte_lane_D.ddr_byte_lane_D/mem_refclk
    PHASER_OUT_PHY_X0Y19 PHASER_OUT_PHY (Prop_phaser_out_phy_MEMREFCLK_OCLK)
                                                      1.813     4.107 r  ddr3.u_axi_wrap_ddr/mig_axi/u_mig_axi_32_mig/u_memc_ui_top_axi/mem_intfc0/ddr_phy_top0/u_ddr_mc_phy_wrapper/u_ddr_mc_phy/ddr_phy_4lanes_0.u_ddr_phy_4lanes/ddr_byte_lane_D.ddr_byte_lane_D/phaser_out/OCLK
  -------------------------------------------------------------------    -------------------
    PHASER_OUT_PHY_X0Y19 PHASER_OUT_PHY (Prop_phaser_out_phy_OCLK_RDENABLE)
                                                      0.172     4.279 r  ddr3.u_axi_wrap_ddr/mig_axi/u_mig_axi_32_mig/u_memc_ui_top_axi/mem_intfc0/ddr_phy_top0/u_ddr_mc_phy_wrapper/u_ddr_mc_phy/ddr_phy_4lanes_0.u_ddr_phy_4lanes/ddr_byte_lane_D.ddr_byte_lane_D/phaser_out/RDENABLE
                         net (fo=1, routed)           0.000     4.279    ddr3.u_axi_wrap_ddr/mig_axi/u_mig_axi_32_mig/u_memc_ui_top_axi/mem_intfc0/ddr_phy_top0/u_ddr_mc_phy_wrapper/u_ddr_mc_phy/ddr_phy_4lanes_0.u_ddr_phy_4lanes/ddr_byte_lane_D.ddr_byte_lane_D/po_rd_enable
    OUT_FIFO_X0Y19       OUT_FIFO                                     r  ddr3.u_axi_wrap_ddr/mig_axi/u_mig_axi_32_mig/u_memc_ui_top_axi/mem_intfc0/ddr_phy_top0/u_ddr_mc_phy_wrapper/u_ddr_mc_phy/ddr_phy_4lanes_0.u_ddr_phy_4lanes/ddr_byte_lane_D.ddr_byte_lane_D/out_fifo/RDEN
  -------------------------------------------------------------------    -------------------

                         (clock oserdes_clkdiv_3 rise edge)
                                                      0.000     0.000 r  
    AC19                                              0.000     0.000 r  clk (IN)
                         net (fo=0)                   0.000     0.000    clk
    AC19                 IBUF (Prop_ibuf_I_O)         0.441     0.441 r  clk_IBUF_inst/O
                         net (fo=1, routed)           1.160     1.601    clk_IBUF
    BUFGCTRL_X0Y0        BUFG (Prop_bufg_I_O)         0.029     1.630 r  clk_IBUF_BUFG_inst/O
                         net (fo=2027, routed)        0.976     2.606    ddr3.u_axi_wrap_ddr/mig_axi/u_mig_axi_32_mig/u_ddr3_infrastructure/mmcm_clk
    PLLE2_ADV_X0Y4       PLLE2_ADV (Prop_plle2_adv_CLKIN1_CLKOUT1)
                                                      0.053     2.659 r  ddr3.u_axi_wrap_ddr/mig_axi/u_mig_axi_32_mig/u_ddr3_infrastructure/plle2_i/CLKOUT1
                         net (fo=7, routed)           0.209     2.868    ddr3.u_axi_wrap_ddr/mig_axi/u_mig_axi_32_mig/u_memc_ui_top_axi/mem_intfc0/ddr_phy_top0/u_ddr_mc_phy_wrapper/u_ddr_mc_phy/ddr_phy_4lanes_0.u_ddr_phy_4lanes/ddr_byte_lane_D.ddr_byte_lane_D/mem_refclk
    PHASER_OUT_PHY_X0Y19 PHASER_OUT_PHY (Prop_phaser_out_phy_MEMREFCLK_OCLK)
                                                      1.858     4.726 r  ddr3.u_axi_wrap_ddr/mig_axi/u_mig_axi_32_mig/u_memc_ui_top_axi/mem_intfc0/ddr_phy_top0/u_ddr_mc_phy_wrapper/u_ddr_mc_phy/ddr_phy_4lanes_0.u_ddr_phy_4lanes/ddr_byte_lane_D.ddr_byte_lane_D/phaser_out/OCLK
    PHASER_OUT_PHY_X0Y19 PHASER_OUT_PHY (Prop_phaser_out_phy_OCLK_OCLKDIV)
                                                      0.088     4.814 r  ddr3.u_axi_wrap_ddr/mig_axi/u_mig_axi_32_mig/u_memc_ui_top_axi/mem_intfc0/ddr_phy_top0/u_ddr_mc_phy_wrapper/u_ddr_mc_phy/ddr_phy_4lanes_0.u_ddr_phy_4lanes/ddr_byte_lane_D.ddr_byte_lane_D/phaser_out/OCLKDIV
                         net (fo=13, routed)          0.000     4.814    ddr3.u_axi_wrap_ddr/mig_axi/u_mig_axi_32_mig/u_memc_ui_top_axi/mem_intfc0/ddr_phy_top0/u_ddr_mc_phy_wrapper/u_ddr_mc_phy/ddr_phy_4lanes_0.u_ddr_phy_4lanes/ddr_byte_lane_D.ddr_byte_lane_D/oserdes_clkdiv
    OUT_FIFO_X0Y19       OUT_FIFO                                     r  ddr3.u_axi_wrap_ddr/mig_axi/u_mig_axi_32_mig/u_memc_ui_top_axi/mem_intfc0/ddr_phy_top0/u_ddr_mc_phy_wrapper/u_ddr_mc_phy/ddr_phy_4lanes_0.u_ddr_phy_4lanes/ddr_byte_lane_D.ddr_byte_lane_D/out_fifo/RDCLK
                         clock pessimism             -0.619     4.195    
    OUT_FIFO_X0Y19       OUT_FIFO (Hold_out_fifo_RDCLK_RDEN)
                                                     -0.011     4.184    ddr3.u_axi_wrap_ddr/mig_axi/u_mig_axi_32_mig/u_memc_ui_top_axi/mem_intfc0/ddr_phy_top0/u_ddr_mc_phy_wrapper/u_ddr_mc_phy/ddr_phy_4lanes_0.u_ddr_phy_4lanes/ddr_byte_lane_D.ddr_byte_lane_D/out_fifo
  -------------------------------------------------------------------
                         required time                         -4.184    
                         arrival time                           4.279    
  -------------------------------------------------------------------
                         slack                                  0.095    





---------------------------------------------------------------------------------------------------
From Clock:  ddr_clk
  To Clock:  clk_pll_i

Setup :            0  Failing Endpoints,  Worst Slack       17.417ns,  Total Violation        0.000ns
Hold  :            0  Failing Endpoints,  Worst Slack        0.111ns,  Total Violation        0.000ns
---------------------------------------------------------------------------------------------------


Max Delay Paths
--------------------------------------------------------------------------------------
Slack (MET) :             17.417ns  (required time - arrival time)
  Source:                 ddr3.u_axi_wrap_ddr/mig_axi/u_mig_axi_32_mig/temp_mon_enabled.u_tempmon/xadc_supplied_temperature.temperature_reg[11]/C
                            (rising edge-triggered cell FDRE clocked by ddr_clk  {rise@0.000ns fall@2.500ns period=5.000ns})
  Destination:            ddr3.u_axi_wrap_ddr/mig_axi/u_mig_axi_32_mig/temp_mon_enabled.u_tempmon/device_temp_sync_r1_reg[11]/D
                            (rising edge-triggered cell FDRE clocked by clk_pll_i  {rise@0.000ns fall@5.000ns period=10.000ns})
  Path Group:             clk_pll_i
  Path Type:              Setup (Max at Slow Process Corner)
  Requirement:            20.000ns  (MaxDelay Path 20.000ns)
  Data Path Delay:        4.511ns  (logic 0.433ns (9.599%)  route 4.078ns (90.401%))
  Logic Levels:           0  
  Clock Path Skew:        2.208ns (DCD - SCD + CPR)
    Destination Clock Delay (DCD):    7.589ns
    Source Clock Delay      (SCD):    5.582ns
    Clock Pessimism Removal (CPR):    0.201ns
  Clock Uncertainty:      0.248ns  ((TSJ^2 + DJ^2)^1/2) / 2 + PE
    Total System Jitter     (TSJ):    0.071ns
    Discrete Jitter          (DJ):    0.196ns
    Phase Error              (PE):    0.144ns
  Timing Exception:       MaxDelay Path 20.000ns

    Location             Delay type                Incr(ns)  Path(ns)    Netlist Resource(s)
  -------------------------------------------------------------------    -------------------
                         (clock ddr_clk rise edge)    0.000     0.000 r  
    AC19                                              0.000     0.000 r  clk (IN)
                         net (fo=0)                   0.000     0.000    clk
    AC19                 IBUF (Prop_ibuf_I_O)         1.416     1.416 r  clk_IBUF_inst/O
                         net (fo=1, routed)           2.602     4.018    clk_IBUF
    BUFGCTRL_X0Y0        BUFG (Prop_bufg_I_O)         0.081     4.099 r  clk_IBUF_BUFG_inst/O
                         net (fo=2027, routed)        1.823     5.922    fpga_pll.u_clk_pll/inst/clk_in1
    PLLE2_ADV_X1Y0       PLLE2_ADV (Prop_plle2_adv_CLKIN1_CLKOUT2)
                                                     -4.192     1.730 r  fpga_pll.u_clk_pll/inst/plle2_adv_inst/CLKOUT2
                         net (fo=1, routed)           2.288     4.018    fpga_pll.u_clk_pll/inst/ddr_clk_clk_pll
    BUFGCTRL_X0Y1        BUFG (Prop_bufg_I_O)         0.081     4.099 r  fpga_pll.u_clk_pll/inst/clkout3_buf/O
                         net (fo=62, routed)          1.483     5.582    ddr3.u_axi_wrap_ddr/mig_axi/u_mig_axi_32_mig/temp_mon_enabled.u_tempmon/clk_ref_i
    SLICE_X12Y162        FDRE                                         r  ddr3.u_axi_wrap_ddr/mig_axi/u_mig_axi_32_mig/temp_mon_enabled.u_tempmon/xadc_supplied_temperature.temperature_reg[11]/C
  -------------------------------------------------------------------    -------------------
    SLICE_X12Y162        FDRE (Prop_fdre_C_Q)         0.433     6.015 r  ddr3.u_axi_wrap_ddr/mig_axi/u_mig_axi_32_mig/temp_mon_enabled.u_tempmon/xadc_supplied_temperature.temperature_reg[11]/Q
                         net (fo=1, routed)           4.078    10.093    ddr3.u_axi_wrap_ddr/mig_axi/u_mig_axi_32_mig/temp_mon_enabled.u_tempmon/device_temp_lcl[11]
    SLICE_X5Y156         FDRE                                         r  ddr3.u_axi_wrap_ddr/mig_axi/u_mig_axi_32_mig/temp_mon_enabled.u_tempmon/device_temp_sync_r1_reg[11]/D
  -------------------------------------------------------------------    -------------------

                         max delay                   20.000    20.000    
    AC19                                              0.000    20.000 r  clk (IN)
                         net (fo=0)                   0.000    20.000    clk
    AC19                 IBUF (Prop_ibuf_I_O)         1.350    21.350 r  clk_IBUF_inst/O
                         net (fo=1, routed)           2.471    23.821    clk_IBUF
    BUFGCTRL_X0Y0        BUFG (Prop_bufg_I_O)         0.077    23.898 r  clk_IBUF_BUFG_inst/O
                         net (fo=2027, routed)        1.586    25.484    ddr3.u_axi_wrap_ddr/mig_axi/u_mig_axi_32_mig/u_ddr3_infrastructure/mmcm_clk
    PLLE2_ADV_X0Y4       PLLE2_ADV (Prop_plle2_adv_CLKIN1_CLKOUT3)
                                                      0.073    25.557 r  ddr3.u_axi_wrap_ddr/mig_axi/u_mig_axi_32_mig/u_ddr3_infrastructure/plle2_i/CLKOUT3
                         net (fo=1, routed)           1.281    26.838    ddr3.u_axi_wrap_ddr/mig_axi/u_mig_axi_32_mig/u_ddr3_infrastructure/pll_clk3_out
    BUFHCE_X0Y48         BUFH (Prop_bufh_I_O)         0.069    26.907 r  ddr3.u_axi_wrap_ddr/mig_axi/u_mig_axi_32_mig/u_ddr3_infrastructure/u_bufh_pll_clk3/O
                         net (fo=1, routed)           0.805    27.712    ddr3.u_axi_wrap_ddr/mig_axi/u_mig_axi_32_mig/u_ddr3_infrastructure/pll_clk3
    MMCME2_ADV_X0Y4      MMCME2_ADV (Prop_mmcme2_adv_CLKIN1_CLKFBOUT)
                                                     -3.606    24.105 r  ddr3.u_axi_wrap_ddr/mig_axi/u_mig_axi_32_mig/u_ddr3_infrastructure/gen_mmcm.mmcm_i/CLKFBOUT
                         net (fo=1, routed)           1.964    26.070    ddr3.u_axi_wrap_ddr/mig_axi/u_mig_axi_32_mig/u_ddr3_infrastructure/clk_pll_i
    BUFGCTRL_X0Y16       BUFG (Prop_bufg_I_O)         0.077    26.147 r  ddr3.u_axi_wrap_ddr/mig_axi/u_mig_axi_32_mig/u_ddr3_infrastructure/u_bufg_clkdiv0/O
                         net (fo=7005, routed)        1.442    27.589    ddr3.u_axi_wrap_ddr/mig_axi/u_mig_axi_32_mig/temp_mon_enabled.u_tempmon/device_temp_r_reg[11]_0
    SLICE_X5Y156         FDRE                                         r  ddr3.u_axi_wrap_ddr/mig_axi/u_mig_axi_32_mig/temp_mon_enabled.u_tempmon/device_temp_sync_r1_reg[11]/C
                         clock pessimism              0.201    27.790    
                         clock uncertainty           -0.248    27.542    
    SLICE_X5Y156         FDRE (Setup_fdre_C_D)       -0.032    27.510    ddr3.u_axi_wrap_ddr/mig_axi/u_mig_axi_32_mig/temp_mon_enabled.u_tempmon/device_temp_sync_r1_reg[11]
  -------------------------------------------------------------------
                         required time                         27.510    
                         arrival time                         -10.093    
  -------------------------------------------------------------------
                         slack                                 17.417    





Min Delay Paths
--------------------------------------------------------------------------------------
Slack (MET) :             0.111ns  (arrival time - required time)
  Source:                 ddr3.u_axi_wrap_ddr/mig_axi/u_mig_axi_32_mig/temp_mon_enabled.u_tempmon/xadc_supplied_temperature.temperature_reg[8]/C
                            (rising edge-triggered cell FDRE clocked by ddr_clk  {rise@0.000ns fall@2.500ns period=5.000ns})
  Destination:            ddr3.u_axi_wrap_ddr/mig_axi/u_mig_axi_32_mig/temp_mon_enabled.u_tempmon/device_temp_sync_r1_reg[8]/D
                            (rising edge-triggered cell FDRE clocked by clk_pll_i  {rise@0.000ns fall@5.000ns period=10.000ns})
  Path Group:             clk_pll_i
  Path Type:              Hold (Min at Fast Process Corner)
  Requirement:            0.000ns  (clk_pll_i rise@0.000ns - ddr_clk rise@0.000ns)
  Data Path Delay:        1.900ns  (logic 0.148ns (7.791%)  route 1.752ns (92.209%))
  Logic Levels:           0  
  Clock Path Skew:        1.534ns (DCD - SCD - CPR)
    Destination Clock Delay (DCD):    3.785ns
    Source Clock Delay      (SCD):    1.974ns
    Clock Pessimism Removal (CPR):    0.277ns
  Clock Uncertainty:      0.248ns  ((TSJ^2 + DJ^2)^1/2) / 2 + PE
    Total System Jitter     (TSJ):    0.071ns
    Discrete Jitter          (DJ):    0.196ns
    Phase Error              (PE):    0.144ns

    Location             Delay type                Incr(ns)  Path(ns)    Netlist Resource(s)
  -------------------------------------------------------------------    -------------------
                         (clock ddr_clk rise edge)    0.000     0.000 r  
    AC19                                              0.000     0.000 r  clk (IN)
                         net (fo=0)                   0.000     0.000    clk
    AC19                 IBUF (Prop_ibuf_I_O)         0.253     0.253 r  clk_IBUF_inst/O
                         net (fo=1, routed)           1.074     1.327    clk_IBUF
    BUFGCTRL_X0Y0        BUFG (Prop_bufg_I_O)         0.026     1.353 r  clk_IBUF_BUFG_inst/O
                         net (fo=2027, routed)        0.750     2.103    fpga_pll.u_clk_pll/inst/clk_in1
    PLLE2_ADV_X1Y0       PLLE2_ADV (Prop_plle2_adv_CLKIN1_CLKOUT2)
                                                     -1.703     0.400 r  fpga_pll.u_clk_pll/inst/plle2_adv_inst/CLKOUT2
                         net (fo=1, routed)           0.927     1.327    fpga_pll.u_clk_pll/inst/ddr_clk_clk_pll
    BUFGCTRL_X0Y1        BUFG (Prop_bufg_I_O)         0.026     1.353 r  fpga_pll.u_clk_pll/inst/clkout3_buf/O
                         net (fo=62, routed)          0.622     1.974    ddr3.u_axi_wrap_ddr/mig_axi/u_mig_axi_32_mig/temp_mon_enabled.u_tempmon/clk_ref_i
    SLICE_X12Y162        FDRE                                         r  ddr3.u_axi_wrap_ddr/mig_axi/u_mig_axi_32_mig/temp_mon_enabled.u_tempmon/xadc_supplied_temperature.temperature_reg[8]/C
  -------------------------------------------------------------------    -------------------
    SLICE_X12Y162        FDRE (Prop_fdre_C_Q)         0.148     2.122 r  ddr3.u_axi_wrap_ddr/mig_axi/u_mig_axi_32_mig/temp_mon_enabled.u_tempmon/xadc_supplied_temperature.temperature_reg[8]/Q
                         net (fo=1, routed)           1.752     3.874    ddr3.u_axi_wrap_ddr/mig_axi/u_mig_axi_32_mig/temp_mon_enabled.u_tempmon/device_temp_lcl[8]
    SLICE_X6Y159         FDRE                                         r  ddr3.u_axi_wrap_ddr/mig_axi/u_mig_axi_32_mig/temp_mon_enabled.u_tempmon/device_temp_sync_r1_reg[8]/D
  -------------------------------------------------------------------    -------------------

                         (clock clk_pll_i rise edge)
                                                      0.000     0.000 r  
    AC19                                              0.000     0.000 r  clk (IN)
                         net (fo=0)                   0.000     0.000    clk
    AC19                 IBUF (Prop_ibuf_I_O)         0.441     0.441 r  clk_IBUF_inst/O
                         net (fo=1, routed)           1.160     1.601    clk_IBUF
    BUFGCTRL_X0Y0        BUFG (Prop_bufg_I_O)         0.029     1.630 r  clk_IBUF_BUFG_inst/O
                         net (fo=2027, routed)        0.976     2.606    ddr3.u_axi_wrap_ddr/mig_axi/u_mig_axi_32_mig/u_ddr3_infrastructure/mmcm_clk
    PLLE2_ADV_X0Y4       PLLE2_ADV (Prop_plle2_adv_CLKIN1_CLKOUT3)
                                                      0.053     2.659 r  ddr3.u_axi_wrap_ddr/mig_axi/u_mig_axi_32_mig/u_ddr3_infrastructure/plle2_i/CLKOUT3
                         net (fo=1, routed)           0.577     3.236    ddr3.u_axi_wrap_ddr/mig_axi/u_mig_axi_32_mig/u_ddr3_infrastructure/pll_clk3_out
    BUFHCE_X0Y48         BUFH (Prop_bufh_I_O)         0.043     3.279 r  ddr3.u_axi_wrap_ddr/mig_axi/u_mig_axi_32_mig/u_ddr3_infrastructure/u_bufh_pll_clk3/O
                         net (fo=1, routed)           0.553     3.832    ddr3.u_axi_wrap_ddr/mig_axi/u_mig_axi_32_mig/u_ddr3_infrastructure/pll_clk3
    MMCME2_ADV_X0Y4      MMCME2_ADV (Prop_mmcme2_adv_CLKIN1_CLKFBOUT)
                                                     -1.858     1.974 r  ddr3.u_axi_wrap_ddr/mig_axi/u_mig_axi_32_mig/u_ddr3_infrastructure/gen_mmcm.mmcm_i/CLKFBOUT
                         net (fo=1, routed)           0.860     2.834    ddr3.u_axi_wrap_ddr/mig_axi/u_mig_axi_32_mig/u_ddr3_infrastructure/clk_pll_i
    BUFGCTRL_X0Y16       BUFG (Prop_bufg_I_O)         0.029     2.863 r  ddr3.u_axi_wrap_ddr/mig_axi/u_mig_axi_32_mig/u_ddr3_infrastructure/u_bufg_clkdiv0/O
                         net (fo=7005, routed)        0.923     3.785    ddr3.u_axi_wrap_ddr/mig_axi/u_mig_axi_32_mig/temp_mon_enabled.u_tempmon/device_temp_r_reg[11]_0
    SLICE_X6Y159         FDRE                                         r  ddr3.u_axi_wrap_ddr/mig_axi/u_mig_axi_32_mig/temp_mon_enabled.u_tempmon/device_temp_sync_r1_reg[8]/C
                         clock pessimism             -0.277     3.508    
                         clock uncertainty            0.248     3.756    
    SLICE_X6Y159         FDRE (Hold_fdre_C_D)         0.007     3.763    ddr3.u_axi_wrap_ddr/mig_axi/u_mig_axi_32_mig/temp_mon_enabled.u_tempmon/device_temp_sync_r1_reg[8]
  -------------------------------------------------------------------
                         required time                         -3.763    
                         arrival time                           3.874    
  -------------------------------------------------------------------
                         slack                                  0.111    





---------------------------------------------------------------------------------------------------
From Clock:  sys_clk
  To Clock:  clk_pll_i

Setup :            0  Failing Endpoints,  Worst Slack        6.559ns,  Total Violation        0.000ns
Hold  :            0  Failing Endpoints,  Worst Slack        0.054ns,  Total Violation        0.000ns
---------------------------------------------------------------------------------------------------


Max Delay Paths
--------------------------------------------------------------------------------------
Slack (MET) :             6.559ns  (required time - arrival time)
  Source:                 ddr3.u_axi_wrap_ddr/u_Axi_CDC/awFifo/ram_reg_0_3_24_29/RAMA_D1/CLK
                            (rising edge-triggered cell RAMD32 clocked by sys_clk  {rise@0.000ns fall@5.000ns period=10.000ns})
  Destination:            ddr3.u_axi_wrap_ddr/u_Axi_CDC/awFifo/_zz_ram_port1_reg[25]/D
                            (rising edge-triggered cell FDRE clocked by clk_pll_i  {rise@0.000ns fall@5.000ns period=10.000ns})
  Path Group:             clk_pll_i
  Path Type:              Setup (Max at Slow Process Corner)
  Requirement:            10.000ns  (clk_pll_i rise@10.000ns - sys_clk rise@0.000ns)
  Data Path Delay:        5.327ns  (logic 1.081ns (20.292%)  route 4.246ns (79.708%))
  Logic Levels:           0  
  Clock Path Skew:        2.218ns (DCD - SCD + CPR)
    Destination Clock Delay (DCD):    7.499ns = ( 17.499 - 10.000 ) 
    Source Clock Delay      (SCD):    5.482ns
    Clock Pessimism Removal (CPR):    0.201ns
  Clock Uncertainty:      0.254ns  ((TSJ^2 + DJ^2)^1/2) / 2 + PE
    Total System Jitter     (TSJ):    0.071ns
    Discrete Jitter          (DJ):    0.210ns
    Phase Error              (PE):    0.144ns

    Location             Delay type                Incr(ns)  Path(ns)    Netlist Resource(s)
  -------------------------------------------------------------------    -------------------
                         (clock sys_clk rise edge)    0.000     0.000 r  
    AC19                                              0.000     0.000 r  clk (IN)
                         net (fo=0)                   0.000     0.000    clk
    AC19                 IBUF (Prop_ibuf_I_O)         1.416     1.416 r  clk_IBUF_inst/O
                         net (fo=1, routed)           2.602     4.018    clk_IBUF
    BUFGCTRL_X0Y0        BUFG (Prop_bufg_I_O)         0.081     4.099 r  clk_IBUF_BUFG_inst/O
                         net (fo=2027, routed)        1.823     5.922    fpga_pll.u_clk_pll/inst/clk_in1
    PLLE2_ADV_X1Y0       PLLE2_ADV (Prop_plle2_adv_CLKIN1_CLKOUT1)
                                                     -4.192     1.730 r  fpga_pll.u_clk_pll/inst/plle2_adv_inst/CLKOUT1
                         net (fo=1, routed)           2.288     4.018    fpga_pll.u_clk_pll/inst/sys_clk_clk_pll
    BUFGCTRL_X0Y3        BUFG (Prop_bufg_I_O)         0.081     4.099 r  fpga_pll.u_clk_pll/inst/clkout2_buf/O
                         net (fo=3586, routed)        1.383     5.482    ddr3.u_axi_wrap_ddr/u_Axi_CDC/awFifo/ram_reg_0_3_24_29/WCLK
    SLICE_X46Y178        RAMD32                                       r  ddr3.u_axi_wrap_ddr/u_Axi_CDC/awFifo/ram_reg_0_3_24_29/RAMA_D1/CLK
  -------------------------------------------------------------------    -------------------
    SLICE_X46Y178        RAMD32 (Prop_ramd32_CLK_O)
                                                      1.081     6.563 r  ddr3.u_axi_wrap_ddr/u_Axi_CDC/awFifo/ram_reg_0_3_24_29/RAMA_D1/O
                         net (fo=1, routed)           4.246    10.810    ddr3.u_axi_wrap_ddr/u_Axi_CDC/awFifo/_zz_ram_port10[25]
    SLICE_X37Y179        FDRE                                         r  ddr3.u_axi_wrap_ddr/u_Axi_CDC/awFifo/_zz_ram_port1_reg[25]/D
  -------------------------------------------------------------------    -------------------

                         (clock clk_pll_i rise edge)
                                                     10.000    10.000 r  
    AC19                                              0.000    10.000 r  clk (IN)
                         net (fo=0)                   0.000    10.000    clk
    AC19                 IBUF (Prop_ibuf_I_O)         1.350    11.350 r  clk_IBUF_inst/O
                         net (fo=1, routed)           2.471    13.821    clk_IBUF
    BUFGCTRL_X0Y0        BUFG (Prop_bufg_I_O)         0.077    13.898 r  clk_IBUF_BUFG_inst/O
                         net (fo=2027, routed)        1.586    15.484    ddr3.u_axi_wrap_ddr/mig_axi/u_mig_axi_32_mig/u_ddr3_infrastructure/mmcm_clk
    PLLE2_ADV_X0Y4       PLLE2_ADV (Prop_plle2_adv_CLKIN1_CLKOUT3)
                                                      0.073    15.557 r  ddr3.u_axi_wrap_ddr/mig_axi/u_mig_axi_32_mig/u_ddr3_infrastructure/plle2_i/CLKOUT3
                         net (fo=1, routed)           1.281    16.838    ddr3.u_axi_wrap_ddr/mig_axi/u_mig_axi_32_mig/u_ddr3_infrastructure/pll_clk3_out
    BUFHCE_X0Y48         BUFH (Prop_bufh_I_O)         0.069    16.907 r  ddr3.u_axi_wrap_ddr/mig_axi/u_mig_axi_32_mig/u_ddr3_infrastructure/u_bufh_pll_clk3/O
                         net (fo=1, routed)           0.805    17.712    ddr3.u_axi_wrap_ddr/mig_axi/u_mig_axi_32_mig/u_ddr3_infrastructure/pll_clk3
    MMCME2_ADV_X0Y4      MMCME2_ADV (Prop_mmcme2_adv_CLKIN1_CLKFBOUT)
                                                     -3.606    14.105 r  ddr3.u_axi_wrap_ddr/mig_axi/u_mig_axi_32_mig/u_ddr3_infrastructure/gen_mmcm.mmcm_i/CLKFBOUT
                         net (fo=1, routed)           1.964    16.070    ddr3.u_axi_wrap_ddr/mig_axi/u_mig_axi_32_mig/u_ddr3_infrastructure/clk_pll_i
    BUFGCTRL_X0Y16       BUFG (Prop_bufg_I_O)         0.077    16.147 r  ddr3.u_axi_wrap_ddr/mig_axi/u_mig_axi_32_mig/u_ddr3_infrastructure/u_bufg_clkdiv0/O
                         net (fo=7005, routed)        1.352    17.499    ddr3.u_axi_wrap_ddr/u_Axi_CDC/awFifo/ui_clk
    SLICE_X37Y179        FDRE                                         r  ddr3.u_axi_wrap_ddr/u_Axi_CDC/awFifo/_zz_ram_port1_reg[25]/C
                         clock pessimism              0.201    17.700    
                         clock uncertainty           -0.254    17.446    
    SLICE_X37Y179        FDRE (Setup_fdre_C_D)       -0.077    17.369    ddr3.u_axi_wrap_ddr/u_Axi_CDC/awFifo/_zz_ram_port1_reg[25]
  -------------------------------------------------------------------
                         required time                         17.369    
                         arrival time                         -10.810    
  -------------------------------------------------------------------
                         slack                                  6.559    





Min Delay Paths
--------------------------------------------------------------------------------------
Slack (MET) :             0.054ns  (arrival time - required time)
  Source:                 ddr3.u_axi_wrap_ddr/u_Axi_CDC/awFifo/ram_reg_0_3_18_23/RAMA/CLK
                            (rising edge-triggered cell RAMD32 clocked by sys_clk  {rise@0.000ns fall@5.000ns period=10.000ns})
  Destination:            ddr3.u_axi_wrap_ddr/u_Axi_CDC/awFifo/_zz_ram_port1_reg[18]/D
                            (rising edge-triggered cell FDRE clocked by clk_pll_i  {rise@0.000ns fall@5.000ns period=10.000ns})
  Path Group:             clk_pll_i
  Path Type:              Hold (Min at Fast Process Corner)
  Requirement:            0.000ns  (clk_pll_i rise@0.000ns - sys_clk rise@0.000ns)
  Data Path Delay:        1.801ns  (logic 0.492ns (27.324%)  route 1.309ns (72.676%))
  Logic Levels:           0  
  Clock Path Skew:        1.500ns (DCD - SCD - CPR)
    Destination Clock Delay (DCD):    3.733ns
    Source Clock Delay      (SCD):    1.956ns
    Clock Pessimism Removal (CPR):    0.277ns
  Clock Uncertainty:      0.254ns  ((TSJ^2 + DJ^2)^1/2) / 2 + PE
    Total System Jitter     (TSJ):    0.071ns
    Discrete Jitter          (DJ):    0.210ns
    Phase Error              (PE):    0.144ns

    Location             Delay type                Incr(ns)  Path(ns)    Netlist Resource(s)
  -------------------------------------------------------------------    -------------------
                         (clock sys_clk rise edge)    0.000     0.000 r  
    AC19                                              0.000     0.000 r  clk (IN)
                         net (fo=0)                   0.000     0.000    clk
    AC19                 IBUF (Prop_ibuf_I_O)         0.253     0.253 r  clk_IBUF_inst/O
                         net (fo=1, routed)           1.074     1.327    clk_IBUF
    BUFGCTRL_X0Y0        BUFG (Prop_bufg_I_O)         0.026     1.353 r  clk_IBUF_BUFG_inst/O
                         net (fo=2027, routed)        0.750     2.103    fpga_pll.u_clk_pll/inst/clk_in1
    PLLE2_ADV_X1Y0       PLLE2_ADV (Prop_plle2_adv_CLKIN1_CLKOUT1)
                                                     -1.703     0.400 r  fpga_pll.u_clk_pll/inst/plle2_adv_inst/CLKOUT1
                         net (fo=1, routed)           0.927     1.327    fpga_pll.u_clk_pll/inst/sys_clk_clk_pll
    BUFGCTRL_X0Y3        BUFG (Prop_bufg_I_O)         0.026     1.353 r  fpga_pll.u_clk_pll/inst/clkout2_buf/O
                         net (fo=3586, routed)        0.604     1.956    ddr3.u_axi_wrap_ddr/u_Axi_CDC/awFifo/ram_reg_0_3_18_23/WCLK
    SLICE_X40Y178        RAMD32                                       r  ddr3.u_axi_wrap_ddr/u_Axi_CDC/awFifo/ram_reg_0_3_18_23/RAMA/CLK
  -------------------------------------------------------------------    -------------------
    SLICE_X40Y178        RAMD32 (Prop_ramd32_CLK_O)
                                                      0.492     2.448 r  ddr3.u_axi_wrap_ddr/u_Axi_CDC/awFifo/ram_reg_0_3_18_23/RAMA/O
                         net (fo=1, routed)           1.309     3.757    ddr3.u_axi_wrap_ddr/u_Axi_CDC/awFifo/_zz_ram_port10[18]
    SLICE_X37Y177        FDRE                                         r  ddr3.u_axi_wrap_ddr/u_Axi_CDC/awFifo/_zz_ram_port1_reg[18]/D
  -------------------------------------------------------------------    -------------------

                         (clock clk_pll_i rise edge)
                                                      0.000     0.000 r  
    AC19                                              0.000     0.000 r  clk (IN)
                         net (fo=0)                   0.000     0.000    clk
    AC19                 IBUF (Prop_ibuf_I_O)         0.441     0.441 r  clk_IBUF_inst/O
                         net (fo=1, routed)           1.160     1.601    clk_IBUF
    BUFGCTRL_X0Y0        BUFG (Prop_bufg_I_O)         0.029     1.630 r  clk_IBUF_BUFG_inst/O
                         net (fo=2027, routed)        0.976     2.606    ddr3.u_axi_wrap_ddr/mig_axi/u_mig_axi_32_mig/u_ddr3_infrastructure/mmcm_clk
    PLLE2_ADV_X0Y4       PLLE2_ADV (Prop_plle2_adv_CLKIN1_CLKOUT3)
                                                      0.053     2.659 r  ddr3.u_axi_wrap_ddr/mig_axi/u_mig_axi_32_mig/u_ddr3_infrastructure/plle2_i/CLKOUT3
                         net (fo=1, routed)           0.577     3.236    ddr3.u_axi_wrap_ddr/mig_axi/u_mig_axi_32_mig/u_ddr3_infrastructure/pll_clk3_out
    BUFHCE_X0Y48         BUFH (Prop_bufh_I_O)         0.043     3.279 r  ddr3.u_axi_wrap_ddr/mig_axi/u_mig_axi_32_mig/u_ddr3_infrastructure/u_bufh_pll_clk3/O
                         net (fo=1, routed)           0.553     3.832    ddr3.u_axi_wrap_ddr/mig_axi/u_mig_axi_32_mig/u_ddr3_infrastructure/pll_clk3
    MMCME2_ADV_X0Y4      MMCME2_ADV (Prop_mmcme2_adv_CLKIN1_CLKFBOUT)
                                                     -1.858     1.974 r  ddr3.u_axi_wrap_ddr/mig_axi/u_mig_axi_32_mig/u_ddr3_infrastructure/gen_mmcm.mmcm_i/CLKFBOUT
                         net (fo=1, routed)           0.860     2.834    ddr3.u_axi_wrap_ddr/mig_axi/u_mig_axi_32_mig/u_ddr3_infrastructure/clk_pll_i
    BUFGCTRL_X0Y16       BUFG (Prop_bufg_I_O)         0.029     2.863 r  ddr3.u_axi_wrap_ddr/mig_axi/u_mig_axi_32_mig/u_ddr3_infrastructure/u_bufg_clkdiv0/O
                         net (fo=7005, routed)        0.871     3.733    ddr3.u_axi_wrap_ddr/u_Axi_CDC/awFifo/ui_clk
    SLICE_X37Y177        FDRE                                         r  ddr3.u_axi_wrap_ddr/u_Axi_CDC/awFifo/_zz_ram_port1_reg[18]/C
                         clock pessimism             -0.277     3.456    
                         clock uncertainty            0.254     3.711    
    SLICE_X37Y177        FDRE (Hold_fdre_C_D)        -0.008     3.703    ddr3.u_axi_wrap_ddr/u_Axi_CDC/awFifo/_zz_ram_port1_reg[18]
  -------------------------------------------------------------------
                         required time                         -3.703    
                         arrival time                           3.757    
  -------------------------------------------------------------------
                         slack                                  0.054    





---------------------------------------------------------------------------------------------------
From Clock:  clk
  To Clock:  sys_clk

Setup :            0  Failing Endpoints,  Worst Slack        5.043ns,  Total Violation        0.000ns
Hold  :            0  Failing Endpoints,  Worst Slack        0.128ns,  Total Violation        0.000ns
---------------------------------------------------------------------------------------------------


Max Delay Paths
--------------------------------------------------------------------------------------
Slack (MET) :             5.043ns  (required time - arrival time)
  Source:                 virtual_flag_reg/C
                            (rising edge-triggered cell FDRE clocked by clk  {rise@0.000ns fall@5.000ns period=10.000ns})
  Destination:            u_confreg/conf_rdata_reg_reg[6]/D
                            (rising edge-triggered cell FDRE clocked by sys_clk  {rise@0.000ns fall@5.000ns period=10.000ns})
  Path Group:             sys_clk
  Path Type:              Setup (Max at Slow Process Corner)
  Requirement:            10.000ns  (sys_clk rise@10.000ns - clk rise@0.000ns)
  Data Path Delay:        4.845ns  (logic 1.131ns (23.343%)  route 3.714ns (76.657%))
  Logic Levels:           5  (LUT3=1 LUT4=1 LUT5=1 LUT6=2)
  Clock Path Skew:        -0.031ns (DCD - SCD + CPR)
    Destination Clock Delay (DCD):    5.262ns = ( 15.262 - 10.000 ) 
    Source Clock Delay      (SCD):    5.494ns
    Clock Pessimism Removal (CPR):    0.201ns
  Clock Uncertainty:      0.154ns  ((TSJ^2 + DJ^2)^1/2) / 2 + PE
    Total System Jitter     (TSJ):    0.071ns
    Discrete Jitter          (DJ):    0.114ns
    Phase Error              (PE):    0.087ns

    Location             Delay type                Incr(ns)  Path(ns)    Netlist Resource(s)
  -------------------------------------------------------------------    -------------------
                         (clock clk rise edge)        0.000     0.000 r  
    AC19                                              0.000     0.000 r  clk (IN)
                         net (fo=0)                   0.000     0.000    clk
    AC19                 IBUF (Prop_ibuf_I_O)         1.416     1.416 r  clk_IBUF_inst/O
                         net (fo=1, routed)           2.602     4.018    clk_IBUF
    BUFGCTRL_X0Y0        BUFG (Prop_bufg_I_O)         0.081     4.099 r  clk_IBUF_BUFG_inst/O
                         net (fo=2027, routed)        1.395     5.494    clk_IBUF_BUFG
    SLICE_X56Y190        FDRE                                         r  virtual_flag_reg/C
  -------------------------------------------------------------------    -------------------
    SLICE_X56Y190        FDRE (Prop_fdre_C_Q)         0.433     5.927 r  virtual_flag_reg/Q
                         net (fo=11, routed)          0.506     6.433    virtual_flag
    SLICE_X53Y190        LUT3 (Prop_lut3_I2_O)        0.108     6.541 r  u_confreg_i_3/O
                         net (fo=4, routed)           1.376     7.917    u_confreg/switch[6]
    SLICE_X45Y198        LUT4 (Prop_lut4_I0_O)        0.275     8.192 r  u_confreg/conf_rdata_reg[6]_i_11/O
                         net (fo=1, routed)           0.546     8.739    u_confreg/conf_rdata_reg[6]_i_11_n_0
    SLICE_X45Y198        LUT5 (Prop_lut5_I4_O)        0.105     8.844 r  u_confreg/conf_rdata_reg[6]_i_6/O
                         net (fo=1, routed)           0.753     9.596    u_confreg/conf_rdata_reg[6]_i_6_n_0
    SLICE_X37Y198        LUT6 (Prop_lut6_I5_O)        0.105     9.701 r  u_confreg/conf_rdata_reg[6]_i_2/O
                         net (fo=1, routed)           0.533    10.234    u_confreg/conf_rdata_reg[6]_i_2_n_0
    SLICE_X36Y196        LUT6 (Prop_lut6_I0_O)        0.105    10.339 r  u_confreg/conf_rdata_reg[6]_i_1/O
                         net (fo=1, routed)           0.000    10.339    u_confreg/conf_rdata_reg[6]_i_1_n_0
    SLICE_X36Y196        FDRE                                         r  u_confreg/conf_rdata_reg_reg[6]/D
  -------------------------------------------------------------------    -------------------

                         (clock sys_clk rise edge)   10.000    10.000 r  
    AC19                                              0.000    10.000 r  clk (IN)
                         net (fo=0)                   0.000    10.000    clk
    AC19                 IBUF (Prop_ibuf_I_O)         1.350    11.350 r  clk_IBUF_inst/O
                         net (fo=1, routed)           2.471    13.821    clk_IBUF
    BUFGCTRL_X0Y0        BUFG (Prop_bufg_I_O)         0.077    13.898 r  clk_IBUF_BUFG_inst/O
                         net (fo=2027, routed)        1.706    15.604    fpga_pll.u_clk_pll/inst/clk_in1
    PLLE2_ADV_X1Y0       PLLE2_ADV (Prop_plle2_adv_CLKIN1_CLKOUT1)
                                                     -3.960    11.644 r  fpga_pll.u_clk_pll/inst/plle2_adv_inst/CLKOUT1
                         net (fo=1, routed)           2.177    13.821    fpga_pll.u_clk_pll/inst/sys_clk_clk_pll
    BUFGCTRL_X0Y3        BUFG (Prop_bufg_I_O)         0.077    13.898 r  fpga_pll.u_clk_pll/inst/clkout2_buf/O
                         net (fo=3586, routed)        1.364    15.262    u_confreg/aclk
    SLICE_X36Y196        FDRE                                         r  u_confreg/conf_rdata_reg_reg[6]/C
                         clock pessimism              0.201    15.463    
                         clock uncertainty           -0.154    15.309    
    SLICE_X36Y196        FDRE (Setup_fdre_C_D)        0.074    15.383    u_confreg/conf_rdata_reg_reg[6]
  -------------------------------------------------------------------
                         required time                         15.383    
                         arrival time                         -10.339    
  -------------------------------------------------------------------
                         slack                                  5.043    





Min Delay Paths
--------------------------------------------------------------------------------------
Slack (MET) :             0.128ns  (arrival time - required time)
  Source:                 vio/inst/PROBE_OUT_ALL_INST/G_PROBE_OUT[1].PROBE_OUT0_INST/Probe_out_reg[2]/C
                            (rising edge-triggered cell FDRE clocked by clk  {rise@0.000ns fall@5.000ns period=10.000ns})
  Destination:            u_confreg/led_data_reg[5]/D
                            (rising edge-triggered cell FDRE clocked by sys_clk  {rise@0.000ns fall@5.000ns period=10.000ns})
  Path Group:             sys_clk
  Path Type:              Hold (Min at Fast Process Corner)
  Requirement:            0.000ns  (sys_clk rise@0.000ns - clk rise@0.000ns)
  Data Path Delay:        0.740ns  (logic 0.231ns (31.214%)  route 0.509ns (68.786%))
  Logic Levels:           2  (LUT3=2)
  Clock Path Skew:        0.365ns (DCD - SCD - CPR)
    Destination Clock Delay (DCD):    2.578ns
    Source Clock Delay      (SCD):    1.935ns
    Clock Pessimism Removal (CPR):    0.277ns
  Clock Uncertainty:      0.154ns  ((TSJ^2 + DJ^2)^1/2) / 2 + PE
    Total System Jitter     (TSJ):    0.071ns
    Discrete Jitter          (DJ):    0.114ns
    Phase Error              (PE):    0.087ns

    Location             Delay type                Incr(ns)  Path(ns)    Netlist Resource(s)
  -------------------------------------------------------------------    -------------------
                         (clock clk rise edge)        0.000     0.000 r  
    AC19                                              0.000     0.000 r  clk (IN)
                         net (fo=0)                   0.000     0.000    clk
    AC19                 IBUF (Prop_ibuf_I_O)         0.253     0.253 r  clk_IBUF_inst/O
                         net (fo=1, routed)           1.074     1.327    clk_IBUF
    BUFGCTRL_X0Y0        BUFG (Prop_bufg_I_O)         0.026     1.353 r  clk_IBUF_BUFG_inst/O
                         net (fo=2027, routed)        0.583     1.935    vio/inst/PROBE_OUT_ALL_INST/G_PROBE_OUT[1].PROBE_OUT0_INST/clk
    SLICE_X53Y190        FDRE                                         r  vio/inst/PROBE_OUT_ALL_INST/G_PROBE_OUT[1].PROBE_OUT0_INST/Probe_out_reg[2]/C
  -------------------------------------------------------------------    -------------------
    SLICE_X53Y190        FDRE (Prop_fdre_C_Q)         0.141     2.076 r  vio/inst/PROBE_OUT_ALL_INST/G_PROBE_OUT[1].PROBE_OUT0_INST/Probe_out_reg[2]/Q
                         net (fo=1, routed)           0.157     2.234    switch_vio[2]
    SLICE_X53Y190        LUT3 (Prop_lut3_I0_O)        0.045     2.279 r  u_confreg_i_7/O
                         net (fo=4, routed)           0.352     2.631    u_confreg/switch[2]
    SLICE_X45Y201        LUT3 (Prop_lut3_I2_O)        0.045     2.676 r  u_confreg/led_data[5]_i_1/O
                         net (fo=1, routed)           0.000     2.676    u_confreg/led_data[5]_i_1_n_0
    SLICE_X45Y201        FDRE                                         r  u_confreg/led_data_reg[5]/D
  -------------------------------------------------------------------    -------------------

                         (clock sys_clk rise edge)    0.000     0.000 r  
    AC19                                              0.000     0.000 r  clk (IN)
                         net (fo=0)                   0.000     0.000    clk
    AC19                 IBUF (Prop_ibuf_I_O)         0.441     0.441 r  clk_IBUF_inst/O
                         net (fo=1, routed)           1.160     1.601    clk_IBUF
    BUFGCTRL_X0Y0        BUFG (Prop_bufg_I_O)         0.029     1.630 r  clk_IBUF_BUFG_inst/O
                         net (fo=2027, routed)        1.027     2.656    fpga_pll.u_clk_pll/inst/clk_in1
    PLLE2_ADV_X1Y0       PLLE2_ADV (Prop_plle2_adv_CLKIN1_CLKOUT1)
                                                     -2.061     0.596 r  fpga_pll.u_clk_pll/inst/plle2_adv_inst/CLKOUT1
                         net (fo=1, routed)           1.005     1.601    fpga_pll.u_clk_pll/inst/sys_clk_clk_pll
    BUFGCTRL_X0Y3        BUFG (Prop_bufg_I_O)         0.029     1.630 r  fpga_pll.u_clk_pll/inst/clkout2_buf/O
                         net (fo=3586, routed)        0.948     2.578    u_confreg/aclk
    SLICE_X45Y201        FDRE                                         r  u_confreg/led_data_reg[5]/C
                         clock pessimism             -0.277     2.301    
                         clock uncertainty            0.154     2.455    
    SLICE_X45Y201        FDRE (Hold_fdre_C_D)         0.092     2.547    u_confreg/led_data_reg[5]
  -------------------------------------------------------------------
                         required time                         -2.547    
                         arrival time                           2.676    
  -------------------------------------------------------------------
                         slack                                  0.128    





---------------------------------------------------------------------------------------------------
From Clock:  clk_pll_i
  To Clock:  sys_clk

Setup :            0  Failing Endpoints,  Worst Slack        5.117ns,  Total Violation        0.000ns
Hold  :            0  Failing Endpoints,  Worst Slack        0.629ns,  Total Violation        0.000ns
---------------------------------------------------------------------------------------------------


Max Delay Paths
--------------------------------------------------------------------------------------
Slack (MET) :             5.117ns  (required time - arrival time)
  Source:                 ddr3.u_axi_wrap_ddr/u_Axi_CDC/rFifo/ram_reg_0_7_18_23/RAMB/CLK
                            (rising edge-triggered cell RAMD32 clocked by clk_pll_i  {rise@0.000ns fall@5.000ns period=10.000ns})
  Destination:            ddr3.u_axi_wrap_ddr/u_Axi_CDC/rFifo/_zz_ram_port1_reg[20]/D
                            (rising edge-triggered cell FDRE clocked by sys_clk  {rise@0.000ns fall@5.000ns period=10.000ns})
  Path Group:             sys_clk
  Path Type:              Setup (Max at Slow Process Corner)
  Requirement:            10.000ns  (sys_clk rise@10.000ns - clk_pll_i rise@0.000ns)
  Data Path Delay:        1.797ns  (logic 1.107ns (61.609%)  route 0.690ns (38.391%))
  Logic Levels:           0  
  Clock Path Skew:        -2.581ns (DCD - SCD + CPR)
    Destination Clock Delay (DCD):    5.272ns = ( 15.272 - 10.000 ) 
    Source Clock Delay      (SCD):    8.054ns
    Clock Pessimism Removal (CPR):    0.201ns
  Clock Uncertainty:      0.254ns  ((TSJ^2 + DJ^2)^1/2) / 2 + PE
    Total System Jitter     (TSJ):    0.071ns
    Discrete Jitter          (DJ):    0.210ns
    Phase Error              (PE):    0.144ns

    Location             Delay type                Incr(ns)  Path(ns)    Netlist Resource(s)
  -------------------------------------------------------------------    -------------------
                         (clock clk_pll_i rise edge)
                                                      0.000     0.000 r  
    AC19                                              0.000     0.000 r  clk (IN)
                         net (fo=0)                   0.000     0.000    clk
    AC19                 IBUF (Prop_ibuf_I_O)         1.416     1.416 r  clk_IBUF_inst/O
                         net (fo=1, routed)           2.602     4.018    clk_IBUF
    BUFGCTRL_X0Y0        BUFG (Prop_bufg_I_O)         0.081     4.099 r  clk_IBUF_BUFG_inst/O
                         net (fo=2027, routed)        1.696     5.795    ddr3.u_axi_wrap_ddr/mig_axi/u_mig_axi_32_mig/u_ddr3_infrastructure/mmcm_clk
    PLLE2_ADV_X0Y4       PLLE2_ADV (Prop_plle2_adv_CLKIN1_CLKOUT3)
                                                      0.077     5.872 r  ddr3.u_axi_wrap_ddr/mig_axi/u_mig_axi_32_mig/u_ddr3_infrastructure/plle2_i/CLKOUT3
                         net (fo=1, routed)           1.429     7.301    ddr3.u_axi_wrap_ddr/mig_axi/u_mig_axi_32_mig/u_ddr3_infrastructure/pll_clk3_out
    BUFHCE_X0Y48         BUFH (Prop_bufh_I_O)         0.106     7.407 r  ddr3.u_axi_wrap_ddr/mig_axi/u_mig_axi_32_mig/u_ddr3_infrastructure/u_bufh_pll_clk3/O
                         net (fo=1, routed)           0.841     8.248    ddr3.u_axi_wrap_ddr/mig_axi/u_mig_axi_32_mig/u_ddr3_infrastructure/pll_clk3
    MMCME2_ADV_X0Y4      MMCME2_ADV (Prop_mmcme2_adv_CLKIN1_CLKFBOUT)
                                                     -3.816     4.432 r  ddr3.u_axi_wrap_ddr/mig_axi/u_mig_axi_32_mig/u_ddr3_infrastructure/gen_mmcm.mmcm_i/CLKFBOUT
                         net (fo=1, routed)           2.061     6.493    ddr3.u_axi_wrap_ddr/mig_axi/u_mig_axi_32_mig/u_ddr3_infrastructure/clk_pll_i
    BUFGCTRL_X0Y16       BUFG (Prop_bufg_I_O)         0.081     6.574 r  ddr3.u_axi_wrap_ddr/mig_axi/u_mig_axi_32_mig/u_ddr3_infrastructure/u_bufg_clkdiv0/O
                         net (fo=7005, routed)        1.480     8.054    ddr3.u_axi_wrap_ddr/u_Axi_CDC/rFifo/ram_reg_0_7_18_23/WCLK
    SLICE_X22Y199        RAMD32                                       r  ddr3.u_axi_wrap_ddr/u_Axi_CDC/rFifo/ram_reg_0_7_18_23/RAMB/CLK
  -------------------------------------------------------------------    -------------------
    SLICE_X22Y199        RAMD32 (Prop_ramd32_CLK_O)
                                                      1.107     9.161 r  ddr3.u_axi_wrap_ddr/u_Axi_CDC/rFifo/ram_reg_0_7_18_23/RAMB/O
                         net (fo=1, routed)           0.690     9.851    ddr3.u_axi_wrap_ddr/u_Axi_CDC/rFifo/_zz_ram_port10__3[20]
    SLICE_X23Y193        FDRE                                         r  ddr3.u_axi_wrap_ddr/u_Axi_CDC/rFifo/_zz_ram_port1_reg[20]/D
  -------------------------------------------------------------------    -------------------

                         (clock sys_clk rise edge)   10.000    10.000 r  
    AC19                                              0.000    10.000 r  clk (IN)
                         net (fo=0)                   0.000    10.000    clk
    AC19                 IBUF (Prop_ibuf_I_O)         1.350    11.350 r  clk_IBUF_inst/O
                         net (fo=1, routed)           2.471    13.821    clk_IBUF
    BUFGCTRL_X0Y0        BUFG (Prop_bufg_I_O)         0.077    13.898 r  clk_IBUF_BUFG_inst/O
                         net (fo=2027, routed)        1.706    15.604    fpga_pll.u_clk_pll/inst/clk_in1
    PLLE2_ADV_X1Y0       PLLE2_ADV (Prop_plle2_adv_CLKIN1_CLKOUT1)
                                                     -3.960    11.644 r  fpga_pll.u_clk_pll/inst/plle2_adv_inst/CLKOUT1
                         net (fo=1, routed)           2.177    13.821    fpga_pll.u_clk_pll/inst/sys_clk_clk_pll
    BUFGCTRL_X0Y3        BUFG (Prop_bufg_I_O)         0.077    13.898 r  fpga_pll.u_clk_pll/inst/clkout2_buf/O
                         net (fo=3586, routed)        1.374    15.272    ddr3.u_axi_wrap_ddr/u_Axi_CDC/rFifo/sys_clk
    SLICE_X23Y193        FDRE                                         r  ddr3.u_axi_wrap_ddr/u_Axi_CDC/rFifo/_zz_ram_port1_reg[20]/C
                         clock pessimism              0.201    15.473    
                         clock uncertainty           -0.254    15.219    
    SLICE_X23Y193        FDRE (Setup_fdre_C_D)       -0.251    14.968    ddr3.u_axi_wrap_ddr/u_Axi_CDC/rFifo/_zz_ram_port1_reg[20]
  -------------------------------------------------------------------
                         required time                         14.968    
                         arrival time                          -9.851    
  -------------------------------------------------------------------
                         slack                                  5.117    





Min Delay Paths
--------------------------------------------------------------------------------------
Slack (MET) :             0.629ns  (arrival time - required time)
  Source:                 ddr3.u_axi_wrap_ddr/u_Axi_CDC/arFifo/popCC_ptrToPush_reg[1]/C
                            (rising edge-triggered cell FDCE clocked by clk_pll_i  {rise@0.000ns fall@5.000ns period=10.000ns})
  Destination:            ddr3.u_axi_wrap_ddr/u_Axi_CDC/arFifo/popToPushGray_buffercc/buffers_0_reg[1]/D
                            (rising edge-triggered cell FDCE clocked by sys_clk  {rise@0.000ns fall@5.000ns period=10.000ns})
  Path Group:             sys_clk
  Path Type:              Hold (Min at Fast Process Corner)
  Requirement:            0.000ns  (sys_clk rise@0.000ns - clk_pll_i rise@0.000ns)
  Data Path Delay:        0.281ns  (logic 0.164ns (58.360%)  route 0.117ns (41.640%))
  Logic Levels:           0  
  Clock Path Skew:        -0.648ns (DCD - SCD - CPR)
    Destination Clock Delay (DCD):    2.520ns
    Source Clock Delay      (SCD):    2.891ns
    Clock Pessimism Removal (CPR):    0.277ns
  Clock Uncertainty:      0.254ns  ((TSJ^2 + DJ^2)^1/2) / 2 + PE
    Total System Jitter     (TSJ):    0.071ns
    Discrete Jitter          (DJ):    0.210ns
    Phase Error              (PE):    0.144ns

    Location             Delay type                Incr(ns)  Path(ns)    Netlist Resource(s)
  -------------------------------------------------------------------    -------------------
                         (clock clk_pll_i rise edge)
                                                      0.000     0.000 r  
    AC19                                              0.000     0.000 r  clk (IN)
                         net (fo=0)                   0.000     0.000    clk
    AC19                 IBUF (Prop_ibuf_I_O)         0.253     0.253 r  clk_IBUF_inst/O
                         net (fo=1, routed)           1.074     1.327    clk_IBUF
    BUFGCTRL_X0Y0        BUFG (Prop_bufg_I_O)         0.026     1.353 r  clk_IBUF_BUFG_inst/O
                         net (fo=2027, routed)        0.701     2.054    ddr3.u_axi_wrap_ddr/mig_axi/u_mig_axi_32_mig/u_ddr3_infrastructure/mmcm_clk
    PLLE2_ADV_X0Y4       PLLE2_ADV (Prop_plle2_adv_CLKIN1_CLKOUT3)
                                                      0.050     2.104 r  ddr3.u_axi_wrap_ddr/mig_axi/u_mig_axi_32_mig/u_ddr3_infrastructure/plle2_i/CLKOUT3
                         net (fo=1, routed)           0.518     2.622    ddr3.u_axi_wrap_ddr/mig_axi/u_mig_axi_32_mig/u_ddr3_infrastructure/pll_clk3_out
    BUFHCE_X0Y48         BUFH (Prop_bufh_I_O)         0.020     2.642 r  ddr3.u_axi_wrap_ddr/mig_axi/u_mig_axi_32_mig/u_ddr3_infrastructure/u_bufh_pll_clk3/O
                         net (fo=1, routed)           0.326     2.968    ddr3.u_axi_wrap_ddr/mig_axi/u_mig_axi_32_mig/u_ddr3_infrastructure/pll_clk3
    MMCME2_ADV_X0Y4      MMCME2_ADV (Prop_mmcme2_adv_CLKIN1_CLKFBOUT)
                                                     -1.511     1.457 r  ddr3.u_axi_wrap_ddr/mig_axi/u_mig_axi_32_mig/u_ddr3_infrastructure/gen_mmcm.mmcm_i/CLKFBOUT
                         net (fo=1, routed)           0.790     2.248    ddr3.u_axi_wrap_ddr/mig_axi/u_mig_axi_32_mig/u_ddr3_infrastructure/clk_pll_i
    BUFGCTRL_X0Y16       BUFG (Prop_bufg_I_O)         0.026     2.274 r  ddr3.u_axi_wrap_ddr/mig_axi/u_mig_axi_32_mig/u_ddr3_infrastructure/u_bufg_clkdiv0/O
                         net (fo=7005, routed)        0.618     2.891    ddr3.u_axi_wrap_ddr/u_Axi_CDC/arFifo/ui_clk
    SLICE_X12Y166        FDCE                                         r  ddr3.u_axi_wrap_ddr/u_Axi_CDC/arFifo/popCC_ptrToPush_reg[1]/C
  -------------------------------------------------------------------    -------------------
    SLICE_X12Y166        FDCE (Prop_fdce_C_Q)         0.164     3.055 r  ddr3.u_axi_wrap_ddr/u_Axi_CDC/arFifo/popCC_ptrToPush_reg[1]/Q
                         net (fo=2, routed)           0.117     3.172    ddr3.u_axi_wrap_ddr/u_Axi_CDC/arFifo/popToPushGray_buffercc/D[1]
    SLICE_X13Y165        FDCE                                         r  ddr3.u_axi_wrap_ddr/u_Axi_CDC/arFifo/popToPushGray_buffercc/buffers_0_reg[1]/D
  -------------------------------------------------------------------    -------------------

                         (clock sys_clk rise edge)    0.000     0.000 r  
    AC19                                              0.000     0.000 r  clk (IN)
                         net (fo=0)                   0.000     0.000    clk
    AC19                 IBUF (Prop_ibuf_I_O)         0.441     0.441 r  clk_IBUF_inst/O
                         net (fo=1, routed)           1.160     1.601    clk_IBUF
    BUFGCTRL_X0Y0        BUFG (Prop_bufg_I_O)         0.029     1.630 r  clk_IBUF_BUFG_inst/O
                         net (fo=2027, routed)        1.027     2.656    fpga_pll.u_clk_pll/inst/clk_in1
    PLLE2_ADV_X1Y0       PLLE2_ADV (Prop_plle2_adv_CLKIN1_CLKOUT1)
                                                     -2.061     0.596 r  fpga_pll.u_clk_pll/inst/plle2_adv_inst/CLKOUT1
                         net (fo=1, routed)           1.005     1.601    fpga_pll.u_clk_pll/inst/sys_clk_clk_pll
    BUFGCTRL_X0Y3        BUFG (Prop_bufg_I_O)         0.029     1.630 r  fpga_pll.u_clk_pll/inst/clkout2_buf/O
                         net (fo=3586, routed)        0.891     2.520    ddr3.u_axi_wrap_ddr/u_Axi_CDC/arFifo/popToPushGray_buffercc/sys_clk
    SLICE_X13Y165        FDCE                                         r  ddr3.u_axi_wrap_ddr/u_Axi_CDC/arFifo/popToPushGray_buffercc/buffers_0_reg[1]/C
                         clock pessimism             -0.277     2.243    
                         clock uncertainty            0.254     2.498    
    SLICE_X13Y165        FDCE (Hold_fdce_C_D)         0.046     2.544    ddr3.u_axi_wrap_ddr/u_Axi_CDC/arFifo/popToPushGray_buffercc/buffers_0_reg[1]
  -------------------------------------------------------------------
                         required time                         -2.544    
                         arrival time                           3.172    
  -------------------------------------------------------------------
                         slack                                  0.629    





---------------------------------------------------------------------------------------------------
From Clock:  clk
  To Clock:  dbg_hub/inst/BSCANID.u_xsdbm_id/SWITCH_N_EXT_BSCAN.bscan_inst/SERIES7_BSCAN.bscan_inst/TCK

Setup :            0  Failing Endpoints,  Worst Slack        9.013ns,  Total Violation        0.000ns
Hold  :           NA  Failing Endpoints,  Worst Slack           NA  ,  Total Violation           NA
---------------------------------------------------------------------------------------------------


Max Delay Paths
--------------------------------------------------------------------------------------
Slack (MET) :             9.013ns  (required time - arrival time)
  Source:                 dbg_hub/inst/BSCANID.u_xsdbm_id/CORE_XSDB.UUT_MASTER/U_ICON_INTERFACE/U_CMD6_RD/U_RD_FIFO/SUBCORE_FIFO.xsdbm_v3_0_0_rdfifo_inst/inst_fifo_gen/gconvfifo.rf/grf.rf/gntv_or_sync_fifo.gcx.clkx/gnxpm_cdc.wr_pntr_gc_reg[1]/C
                            (rising edge-triggered cell FDCE clocked by clk  {rise@0.000ns fall@5.000ns period=10.000ns})
  Destination:            dbg_hub/inst/BSCANID.u_xsdbm_id/CORE_XSDB.UUT_MASTER/U_ICON_INTERFACE/U_CMD6_RD/U_RD_FIFO/SUBCORE_FIFO.xsdbm_v3_0_0_rdfifo_inst/inst_fifo_gen/gconvfifo.rf/grf.rf/gntv_or_sync_fifo.gcx.clkx/gnxpm_cdc.gsync_stage[1].rd_stg_inst/Q_reg_reg[1]/D
                            (rising edge-triggered cell FDCE clocked by dbg_hub/inst/BSCANID.u_xsdbm_id/SWITCH_N_EXT_BSCAN.bscan_inst/SERIES7_BSCAN.bscan_inst/TCK  {rise@0.000ns fall@16.500ns period=33.000ns})
  Path Group:             dbg_hub/inst/BSCANID.u_xsdbm_id/SWITCH_N_EXT_BSCAN.bscan_inst/SERIES7_BSCAN.bscan_inst/TCK
  Path Type:              Setup (Max at Slow Process Corner)
  Requirement:            10.000ns  (MaxDelay Path 10.000ns)
  Data Path Delay:        0.777ns  (logic 0.348ns (44.791%)  route 0.429ns (55.209%))
  Logic Levels:           0  
  Timing Exception:       MaxDelay Path 10.000ns -datapath_only

    Location             Delay type                Incr(ns)  Path(ns)    Netlist Resource(s)
  -------------------------------------------------------------------    -------------------
    SLICE_X61Y198                                     0.000     0.000 r  dbg_hub/inst/BSCANID.u_xsdbm_id/CORE_XSDB.UUT_MASTER/U_ICON_INTERFACE/U_CMD6_RD/U_RD_FIFO/SUBCORE_FIFO.xsdbm_v3_0_0_rdfifo_inst/inst_fifo_gen/gconvfifo.rf/grf.rf/gntv_or_sync_fifo.gcx.clkx/gnxpm_cdc.wr_pntr_gc_reg[1]/C
    SLICE_X61Y198        FDCE (Prop_fdce_C_Q)         0.348     0.348 r  dbg_hub/inst/BSCANID.u_xsdbm_id/CORE_XSDB.UUT_MASTER/U_ICON_INTERFACE/U_CMD6_RD/U_RD_FIFO/SUBCORE_FIFO.xsdbm_v3_0_0_rdfifo_inst/inst_fifo_gen/gconvfifo.rf/grf.rf/gntv_or_sync_fifo.gcx.clkx/gnxpm_cdc.wr_pntr_gc_reg[1]/Q
                         net (fo=1, routed)           0.429     0.777    dbg_hub/inst/BSCANID.u_xsdbm_id/CORE_XSDB.UUT_MASTER/U_ICON_INTERFACE/U_CMD6_RD/U_RD_FIFO/SUBCORE_FIFO.xsdbm_v3_0_0_rdfifo_inst/inst_fifo_gen/gconvfifo.rf/grf.rf/gntv_or_sync_fifo.gcx.clkx/gnxpm_cdc.gsync_stage[1].rd_stg_inst/Q[1]
    SLICE_X63Y197        FDCE                                         r  dbg_hub/inst/BSCANID.u_xsdbm_id/CORE_XSDB.UUT_MASTER/U_ICON_INTERFACE/U_CMD6_RD/U_RD_FIFO/SUBCORE_FIFO.xsdbm_v3_0_0_rdfifo_inst/inst_fifo_gen/gconvfifo.rf/grf.rf/gntv_or_sync_fifo.gcx.clkx/gnxpm_cdc.gsync_stage[1].rd_stg_inst/Q_reg_reg[1]/D
  -------------------------------------------------------------------    -------------------

                         max delay                   10.000    10.000    
    SLICE_X63Y197        FDCE (Setup_fdce_C_D)       -0.210     9.790    dbg_hub/inst/BSCANID.u_xsdbm_id/CORE_XSDB.UUT_MASTER/U_ICON_INTERFACE/U_CMD6_RD/U_RD_FIFO/SUBCORE_FIFO.xsdbm_v3_0_0_rdfifo_inst/inst_fifo_gen/gconvfifo.rf/grf.rf/gntv_or_sync_fifo.gcx.clkx/gnxpm_cdc.gsync_stage[1].rd_stg_inst/Q_reg_reg[1]
  -------------------------------------------------------------------
                         required time                          9.790    
                         arrival time                          -0.777    
  -------------------------------------------------------------------
                         slack                                  9.013    





---------------------------------------------------------------------------------------------------
Path Group:  **async_default**
From Clock:  clk
  To Clock:  clk

Setup :            0  Failing Endpoints,  Worst Slack        7.449ns,  Total Violation        0.000ns
Hold  :            0  Failing Endpoints,  Worst Slack        0.328ns,  Total Violation        0.000ns
---------------------------------------------------------------------------------------------------


Max Delay Paths
--------------------------------------------------------------------------------------
Slack (MET) :             7.449ns  (required time - arrival time)
  Source:                 vio/inst/PROBE_OUT_ALL_INST/G_PROBE_OUT[0].PROBE_OUT0_INST/Probe_out_reg[0]/C
                            (rising edge-triggered cell FDSE clocked by clk  {rise@0.000ns fall@5.000ns period=10.000ns})
  Destination:            ddr3.u_axi_wrap_ddr/mig_reset_sync_reg[1]/CLR
                            (recovery check against rising-edge clock clk  {rise@0.000ns fall@5.000ns period=10.000ns})
  Path Group:             **async_default**
  Path Type:              Recovery (Max at Slow Process Corner)
  Requirement:            10.000ns  (clk rise@10.000ns - clk rise@0.000ns)
  Data Path Delay:        2.020ns  (logic 0.552ns (27.333%)  route 1.468ns (72.667%))
  Logic Levels:           1  (LUT3=1)
  Clock Path Skew:        -0.041ns (DCD - SCD + CPR)
    Destination Clock Delay (DCD):    5.186ns = ( 15.186 - 10.000 ) 
    Source Clock Delay      (SCD):    5.494ns
    Clock Pessimism Removal (CPR):    0.267ns
  Clock Uncertainty:      0.035ns  ((TSJ^2 + TIJ^2)^1/2 + DJ) / 2 + PE
    Total System Jitter     (TSJ):    0.071ns
    Total Input Jitter      (TIJ):    0.000ns
    Discrete Jitter          (DJ):    0.000ns
    Phase Error              (PE):    0.000ns

    Location             Delay type                Incr(ns)  Path(ns)    Netlist Resource(s)
  -------------------------------------------------------------------    -------------------
                         (clock clk rise edge)        0.000     0.000 r  
    AC19                                              0.000     0.000 r  clk (IN)
                         net (fo=0)                   0.000     0.000    clk
    AC19                 IBUF (Prop_ibuf_I_O)         1.416     1.416 r  clk_IBUF_inst/O
                         net (fo=1, routed)           2.602     4.018    clk_IBUF
    BUFGCTRL_X0Y0        BUFG (Prop_bufg_I_O)         0.081     4.099 r  clk_IBUF_BUFG_inst/O
                         net (fo=2027, routed)        1.395     5.494    vio/inst/PROBE_OUT_ALL_INST/G_PROBE_OUT[0].PROBE_OUT0_INST/clk
    SLICE_X56Y191        FDSE                                         r  vio/inst/PROBE_OUT_ALL_INST/G_PROBE_OUT[0].PROBE_OUT0_INST/Probe_out_reg[0]/C
  -------------------------------------------------------------------    -------------------
    SLICE_X56Y191        FDSE (Prop_fdse_C_Q)         0.433     5.927 r  vio/inst/PROBE_OUT_ALL_INST/G_PROBE_OUT[0].PROBE_OUT0_INST/Probe_out_reg[0]/Q
                         net (fo=3, routed)           0.670     6.597    ddr3.u_axi_wrap_ddr/out
    SLICE_X56Y190        LUT3 (Prop_lut3_I1_O)        0.119     6.716 f  ddr3.u_axi_wrap_ddr/mig_reset_sync[3]_i_1/O
                         net (fo=4, routed)           0.798     7.514    ddr3.u_axi_wrap_ddr/mig_reset_sync[3]_i_1_n_0
    SLICE_X48Y195        FDCE                                         f  ddr3.u_axi_wrap_ddr/mig_reset_sync_reg[1]/CLR
  -------------------------------------------------------------------    -------------------

                         (clock clk rise edge)       10.000    10.000 r  
    AC19                                              0.000    10.000 r  clk (IN)
                         net (fo=0)                   0.000    10.000    clk
    AC19                 IBUF (Prop_ibuf_I_O)         1.350    11.350 r  clk_IBUF_inst/O
                         net (fo=1, routed)           2.471    13.821    clk_IBUF
    BUFGCTRL_X0Y0        BUFG (Prop_bufg_I_O)         0.077    13.898 r  clk_IBUF_BUFG_inst/O
                         net (fo=2027, routed)        1.288    15.186    ddr3.u_axi_wrap_ddr/CLK
    SLICE_X48Y195        FDCE                                         r  ddr3.u_axi_wrap_ddr/mig_reset_sync_reg[1]/C
                         clock pessimism              0.267    15.453    
                         clock uncertainty           -0.035    15.418    
    SLICE_X48Y195        FDCE (Recov_fdce_C_CLR)     -0.455    14.963    ddr3.u_axi_wrap_ddr/mig_reset_sync_reg[1]
  -------------------------------------------------------------------
                         required time                         14.963    
                         arrival time                          -7.514    
  -------------------------------------------------------------------
                         slack                                  7.449    





Min Delay Paths
--------------------------------------------------------------------------------------
Slack (MET) :             0.328ns  (arrival time - required time)
  Source:                 dbg_hub/inst/BSCANID.u_xsdbm_id/CORE_XSDB.UUT_MASTER/U_XSDB_BUS_CONTROLLER/clr_abort_rd_reg/C
                            (rising edge-triggered cell FDCE clocked by clk  {rise@0.000ns fall@5.000ns period=10.000ns})
  Destination:            dbg_hub/inst/BSCANID.u_xsdbm_id/CORE_XSDB.UUT_MASTER/U_XSDB_BUS_CONTROLLER/U_RD_ABORT_FLAG/G_NEG_EDGE.flag_reg/CLR
                            (removal check against rising-edge clock clk  {rise@0.000ns fall@5.000ns period=10.000ns})
  Path Group:             **async_default**
  Path Type:              Removal (Min at Fast Process Corner)
  Requirement:            0.000ns  (clk rise@0.000ns - clk rise@0.000ns)
  Data Path Delay:        0.273ns  (logic 0.141ns (51.562%)  route 0.132ns (48.438%))
  Logic Levels:           0  
  Clock Path Skew:        0.037ns (DCD - SCD - CPR)
    Destination Clock Delay (DCD):    2.574ns
    Source Clock Delay      (SCD):    2.022ns
    Clock Pessimism Removal (CPR):    0.515ns

    Location             Delay type                Incr(ns)  Path(ns)    Netlist Resource(s)
  -------------------------------------------------------------------    -------------------
                         (clock clk rise edge)        0.000     0.000 r  
    AC19                                              0.000     0.000 r  clk (IN)
                         net (fo=0)                   0.000     0.000    clk
    AC19                 IBUF (Prop_ibuf_I_O)         0.253     0.253 r  clk_IBUF_inst/O
                         net (fo=1, routed)           1.074     1.327    clk_IBUF
    BUFGCTRL_X0Y0        BUFG (Prop_bufg_I_O)         0.026     1.353 r  clk_IBUF_BUFG_inst/O
                         net (fo=2027, routed)        0.669     2.022    dbg_hub/inst/BSCANID.u_xsdbm_id/CORE_XSDB.UUT_MASTER/U_XSDB_BUS_CONTROLLER/clk
    SLICE_X51Y210        FDCE                                         r  dbg_hub/inst/BSCANID.u_xsdbm_id/CORE_XSDB.UUT_MASTER/U_XSDB_BUS_CONTROLLER/clr_abort_rd_reg/C
  -------------------------------------------------------------------    -------------------
    SLICE_X51Y210        FDCE (Prop_fdce_C_Q)         0.141     2.163 f  dbg_hub/inst/BSCANID.u_xsdbm_id/CORE_XSDB.UUT_MASTER/U_XSDB_BUS_CONTROLLER/clr_abort_rd_reg/Q
                         net (fo=2, routed)           0.132     2.295    dbg_hub/inst/BSCANID.u_xsdbm_id/CORE_XSDB.UUT_MASTER/U_XSDB_BUS_CONTROLLER/U_RD_ABORT_FLAG/clr_abort_rd
    SLICE_X49Y210        FDCE                                         f  dbg_hub/inst/BSCANID.u_xsdbm_id/CORE_XSDB.UUT_MASTER/U_XSDB_BUS_CONTROLLER/U_RD_ABORT_FLAG/G_NEG_EDGE.flag_reg/CLR
  -------------------------------------------------------------------    -------------------

                         (clock clk rise edge)        0.000     0.000 r  
    AC19                                              0.000     0.000 r  clk (IN)
                         net (fo=0)                   0.000     0.000    clk
    AC19                 IBUF (Prop_ibuf_I_O)         0.441     0.441 r  clk_IBUF_inst/O
                         net (fo=1, routed)           1.160     1.601    clk_IBUF
    BUFGCTRL_X0Y0        BUFG (Prop_bufg_I_O)         0.029     1.630 r  clk_IBUF_BUFG_inst/O
                         net (fo=2027, routed)        0.944     2.574    dbg_hub/inst/BSCANID.u_xsdbm_id/CORE_XSDB.UUT_MASTER/U_XSDB_BUS_CONTROLLER/U_RD_ABORT_FLAG/clk
    SLICE_X49Y210        FDCE                                         r  dbg_hub/inst/BSCANID.u_xsdbm_id/CORE_XSDB.UUT_MASTER/U_XSDB_BUS_CONTROLLER/U_RD_ABORT_FLAG/G_NEG_EDGE.flag_reg/C
                         clock pessimism             -0.515     2.059    
    SLICE_X49Y210        FDCE (Remov_fdce_C_CLR)     -0.092     1.967    dbg_hub/inst/BSCANID.u_xsdbm_id/CORE_XSDB.UUT_MASTER/U_XSDB_BUS_CONTROLLER/U_RD_ABORT_FLAG/G_NEG_EDGE.flag_reg
  -------------------------------------------------------------------
                         required time                         -1.967    
                         arrival time                           2.295    
  -------------------------------------------------------------------
                         slack                                  0.328    





---------------------------------------------------------------------------------------------------
Path Group:  **async_default**
From Clock:  clk_pll_i
  To Clock:  clk_pll_i

Setup :            0  Failing Endpoints,  Worst Slack        6.637ns,  Total Violation        0.000ns
Hold  :            0  Failing Endpoints,  Worst Slack        0.640ns,  Total Violation        0.000ns
---------------------------------------------------------------------------------------------------


Max Delay Paths
--------------------------------------------------------------------------------------
Slack (MET) :             6.637ns  (required time - arrival time)
  Source:                 ddr3.u_axi_wrap_ddr/u_Axi_CDC/awFifo/bufferCC_12/buffers_1_reg/C
                            (rising edge-triggered cell FDCE clocked by clk_pll_i  {rise@0.000ns fall@5.000ns period=10.000ns})
  Destination:            ddr3.u_axi_wrap_ddr/u_Axi_CDC/wFifo/pushToPopGray_buffercc/buffers_0_reg[2]/CLR
                            (recovery check against rising-edge clock clk_pll_i  {rise@0.000ns fall@5.000ns period=10.000ns})
  Path Group:             **async_default**
  Path Type:              Recovery (Max at Slow Process Corner)
  Requirement:            10.000ns  (clk_pll_i rise@10.000ns - clk_pll_i rise@0.000ns)
  Data Path Delay:        2.934ns  (logic 0.590ns (20.108%)  route 2.344ns (79.892%))
  Logic Levels:           1  (LUT1=1)
  Clock Path Skew:        -0.038ns (DCD - SCD + CPR)
    Destination Clock Delay (DCD):    7.520ns = ( 17.520 - 10.000 ) 
    Source Clock Delay      (SCD):    8.050ns
    Clock Pessimism Removal (CPR):    0.492ns
  Clock Uncertainty:      0.060ns  ((TSJ^2 + DJ^2)^1/2) / 2 + PE
    Total System Jitter     (TSJ):    0.071ns
    Discrete Jitter          (DJ):    0.098ns
    Phase Error              (PE):    0.000ns

    Location             Delay type                Incr(ns)  Path(ns)    Netlist Resource(s)
  -------------------------------------------------------------------    -------------------
                         (clock clk_pll_i rise edge)
                                                      0.000     0.000 r  
    AC19                                              0.000     0.000 r  clk (IN)
                         net (fo=0)                   0.000     0.000    clk
    AC19                 IBUF (Prop_ibuf_I_O)         1.416     1.416 r  clk_IBUF_inst/O
                         net (fo=1, routed)           2.602     4.018    clk_IBUF
    BUFGCTRL_X0Y0        BUFG (Prop_bufg_I_O)         0.081     4.099 r  clk_IBUF_BUFG_inst/O
                         net (fo=2027, routed)        1.696     5.795    ddr3.u_axi_wrap_ddr/mig_axi/u_mig_axi_32_mig/u_ddr3_infrastructure/mmcm_clk
    PLLE2_ADV_X0Y4       PLLE2_ADV (Prop_plle2_adv_CLKIN1_CLKOUT3)
                                                      0.077     5.872 r  ddr3.u_axi_wrap_ddr/mig_axi/u_mig_axi_32_mig/u_ddr3_infrastructure/plle2_i/CLKOUT3
                         net (fo=1, routed)           1.429     7.301    ddr3.u_axi_wrap_ddr/mig_axi/u_mig_axi_32_mig/u_ddr3_infrastructure/pll_clk3_out
    BUFHCE_X0Y48         BUFH (Prop_bufh_I_O)         0.106     7.407 r  ddr3.u_axi_wrap_ddr/mig_axi/u_mig_axi_32_mig/u_ddr3_infrastructure/u_bufh_pll_clk3/O
                         net (fo=1, routed)           0.841     8.248    ddr3.u_axi_wrap_ddr/mig_axi/u_mig_axi_32_mig/u_ddr3_infrastructure/pll_clk3
    MMCME2_ADV_X0Y4      MMCME2_ADV (Prop_mmcme2_adv_CLKIN1_CLKFBOUT)
                                                     -3.816     4.432 r  ddr3.u_axi_wrap_ddr/mig_axi/u_mig_axi_32_mig/u_ddr3_infrastructure/gen_mmcm.mmcm_i/CLKFBOUT
                         net (fo=1, routed)           2.061     6.493    ddr3.u_axi_wrap_ddr/mig_axi/u_mig_axi_32_mig/u_ddr3_infrastructure/clk_pll_i
    BUFGCTRL_X0Y16       BUFG (Prop_bufg_I_O)         0.081     6.574 r  ddr3.u_axi_wrap_ddr/mig_axi/u_mig_axi_32_mig/u_ddr3_infrastructure/u_bufg_clkdiv0/O
                         net (fo=7005, routed)        1.476     8.050    ddr3.u_axi_wrap_ddr/u_Axi_CDC/awFifo/bufferCC_12/ui_clk
    SLICE_X15Y165        FDCE                                         r  ddr3.u_axi_wrap_ddr/u_Axi_CDC/awFifo/bufferCC_12/buffers_1_reg/C
  -------------------------------------------------------------------    -------------------
    SLICE_X15Y165        FDCE (Prop_fdce_C_Q)         0.348     8.398 r  ddr3.u_axi_wrap_ddr/u_Axi_CDC/awFifo/bufferCC_12/buffers_1_reg/Q
                         net (fo=1, routed)           0.685     9.083    ddr3.u_axi_wrap_ddr/u_Axi_CDC/awFifo/bufferCC_12/buffers_1
    SLICE_X15Y165        LUT1 (Prop_lut1_I0_O)        0.242     9.325 f  ddr3.u_axi_wrap_ddr/u_Axi_CDC/awFifo/bufferCC_12/popCC_popPtr[2]_i_2__0/O
                         net (fo=43, routed)          1.659    10.984    ddr3.u_axi_wrap_ddr/u_Axi_CDC/wFifo/pushToPopGray_buffercc/buffers_0_reg[3]_1
    SLICE_X21Y198        FDCE                                         f  ddr3.u_axi_wrap_ddr/u_Axi_CDC/wFifo/pushToPopGray_buffercc/buffers_0_reg[2]/CLR
  -------------------------------------------------------------------    -------------------

                         (clock clk_pll_i rise edge)
                                                     10.000    10.000 r  
    AC19                                              0.000    10.000 r  clk (IN)
                         net (fo=0)                   0.000    10.000    clk
    AC19                 IBUF (Prop_ibuf_I_O)         1.350    11.350 r  clk_IBUF_inst/O
                         net (fo=1, routed)           2.471    13.821    clk_IBUF
    BUFGCTRL_X0Y0        BUFG (Prop_bufg_I_O)         0.077    13.898 r  clk_IBUF_BUFG_inst/O
                         net (fo=2027, routed)        1.586    15.484    ddr3.u_axi_wrap_ddr/mig_axi/u_mig_axi_32_mig/u_ddr3_infrastructure/mmcm_clk
    PLLE2_ADV_X0Y4       PLLE2_ADV (Prop_plle2_adv_CLKIN1_CLKOUT3)
                                                      0.073    15.557 r  ddr3.u_axi_wrap_ddr/mig_axi/u_mig_axi_32_mig/u_ddr3_infrastructure/plle2_i/CLKOUT3
                         net (fo=1, routed)           1.281    16.838    ddr3.u_axi_wrap_ddr/mig_axi/u_mig_axi_32_mig/u_ddr3_infrastructure/pll_clk3_out
    BUFHCE_X0Y48         BUFH (Prop_bufh_I_O)         0.069    16.907 r  ddr3.u_axi_wrap_ddr/mig_axi/u_mig_axi_32_mig/u_ddr3_infrastructure/u_bufh_pll_clk3/O
                         net (fo=1, routed)           0.805    17.712    ddr3.u_axi_wrap_ddr/mig_axi/u_mig_axi_32_mig/u_ddr3_infrastructure/pll_clk3
    MMCME2_ADV_X0Y4      MMCME2_ADV (Prop_mmcme2_adv_CLKIN1_CLKFBOUT)
                                                     -3.606    14.105 r  ddr3.u_axi_wrap_ddr/mig_axi/u_mig_axi_32_mig/u_ddr3_infrastructure/gen_mmcm.mmcm_i/CLKFBOUT
                         net (fo=1, routed)           1.964    16.070    ddr3.u_axi_wrap_ddr/mig_axi/u_mig_axi_32_mig/u_ddr3_infrastructure/clk_pll_i
    BUFGCTRL_X0Y16       BUFG (Prop_bufg_I_O)         0.077    16.147 r  ddr3.u_axi_wrap_ddr/mig_axi/u_mig_axi_32_mig/u_ddr3_infrastructure/u_bufg_clkdiv0/O
                         net (fo=7005, routed)        1.373    17.520    ddr3.u_axi_wrap_ddr/u_Axi_CDC/wFifo/pushToPopGray_buffercc/ui_clk
    SLICE_X21Y198        FDCE                                         r  ddr3.u_axi_wrap_ddr/u_Axi_CDC/wFifo/pushToPopGray_buffercc/buffers_0_reg[2]/C
                         clock pessimism              0.492    18.012    
                         clock uncertainty           -0.060    17.952    
    SLICE_X21Y198        FDCE (Recov_fdce_C_CLR)     -0.331    17.621    ddr3.u_axi_wrap_ddr/u_Axi_CDC/wFifo/pushToPopGray_buffercc/buffers_0_reg[2]
  -------------------------------------------------------------------
                         required time                         17.621    
                         arrival time                         -10.984    
  -------------------------------------------------------------------
                         slack                                  6.637    





Min Delay Paths
--------------------------------------------------------------------------------------
Slack (MET) :             0.640ns  (arrival time - required time)
  Source:                 ddr3.u_axi_wrap_ddr/ddr_aresetn_reg/C
                            (rising edge-triggered cell FDRE clocked by clk_pll_i  {rise@0.000ns fall@5.000ns period=10.000ns})
  Destination:            ddr3.u_axi_wrap_ddr/u_Axi_CDC/rFifo/popToPushGray_buffercc/buffers_0_reg[0]/CLR
                            (removal check against rising-edge clock clk_pll_i  {rise@0.000ns fall@5.000ns period=10.000ns})
  Path Group:             **async_default**
  Path Type:              Removal (Min at Fast Process Corner)
  Requirement:            0.000ns  (clk_pll_i rise@0.000ns - clk_pll_i rise@0.000ns)
  Data Path Delay:        0.504ns  (logic 0.212ns (42.092%)  route 0.292ns (57.908%))
  Logic Levels:           1  (LUT1=1)
  Clock Path Skew:        0.018ns (DCD - SCD - CPR)
    Destination Clock Delay (DCD):    3.756ns
    Source Clock Delay      (SCD):    2.892ns
    Clock Pessimism Removal (CPR):    0.846ns

    Location             Delay type                Incr(ns)  Path(ns)    Netlist Resource(s)
  -------------------------------------------------------------------    -------------------
                         (clock clk_pll_i rise edge)
                                                      0.000     0.000 r  
    AC19                                              0.000     0.000 r  clk (IN)
                         net (fo=0)                   0.000     0.000    clk
    AC19                 IBUF (Prop_ibuf_I_O)         0.253     0.253 r  clk_IBUF_inst/O
                         net (fo=1, routed)           1.074     1.327    clk_IBUF
    BUFGCTRL_X0Y0        BUFG (Prop_bufg_I_O)         0.026     1.353 r  clk_IBUF_BUFG_inst/O
                         net (fo=2027, routed)        0.701     2.054    ddr3.u_axi_wrap_ddr/mig_axi/u_mig_axi_32_mig/u_ddr3_infrastructure/mmcm_clk
    PLLE2_ADV_X0Y4       PLLE2_ADV (Prop_plle2_adv_CLKIN1_CLKOUT3)
                                                      0.050     2.104 r  ddr3.u_axi_wrap_ddr/mig_axi/u_mig_axi_32_mig/u_ddr3_infrastructure/plle2_i/CLKOUT3
                         net (fo=1, routed)           0.518     2.622    ddr3.u_axi_wrap_ddr/mig_axi/u_mig_axi_32_mig/u_ddr3_infrastructure/pll_clk3_out
    BUFHCE_X0Y48         BUFH (Prop_bufh_I_O)         0.020     2.642 r  ddr3.u_axi_wrap_ddr/mig_axi/u_mig_axi_32_mig/u_ddr3_infrastructure/u_bufh_pll_clk3/O
                         net (fo=1, routed)           0.326     2.968    ddr3.u_axi_wrap_ddr/mig_axi/u_mig_axi_32_mig/u_ddr3_infrastructure/pll_clk3
    MMCME2_ADV_X0Y4      MMCME2_ADV (Prop_mmcme2_adv_CLKIN1_CLKFBOUT)
                                                     -1.511     1.457 r  ddr3.u_axi_wrap_ddr/mig_axi/u_mig_axi_32_mig/u_ddr3_infrastructure/gen_mmcm.mmcm_i/CLKFBOUT
                         net (fo=1, routed)           0.790     2.248    ddr3.u_axi_wrap_ddr/mig_axi/u_mig_axi_32_mig/u_ddr3_infrastructure/clk_pll_i
    BUFGCTRL_X0Y16       BUFG (Prop_bufg_I_O)         0.026     2.274 r  ddr3.u_axi_wrap_ddr/mig_axi/u_mig_axi_32_mig/u_ddr3_infrastructure/u_bufg_clkdiv0/O
                         net (fo=7005, routed)        0.619     2.892    ddr3.u_axi_wrap_ddr/ui_clk
    SLICE_X18Y189        FDRE                                         r  ddr3.u_axi_wrap_ddr/ddr_aresetn_reg/C
  -------------------------------------------------------------------    -------------------
    SLICE_X18Y189        FDRE (Prop_fdre_C_Q)         0.164     3.056 r  ddr3.u_axi_wrap_ddr/ddr_aresetn_reg/Q
                         net (fo=3, routed)           0.092     3.148    ddr3.u_axi_wrap_ddr/u_Axi_CDC/rFifo/popToPushGray_buffercc/aresetn
    SLICE_X19Y189        LUT1 (Prop_lut1_I0_O)        0.048     3.196 f  ddr3.u_axi_wrap_ddr/u_Axi_CDC/rFifo/popToPushGray_buffercc/pushCC_pushPtr[2]_i_3__0/O
                         net (fo=30, routed)          0.200     3.396    ddr3.u_axi_wrap_ddr/u_Axi_CDC/rFifo/popToPushGray_buffercc/ddr_aresetn_reg
    SLICE_X19Y195        FDCE                                         f  ddr3.u_axi_wrap_ddr/u_Axi_CDC/rFifo/popToPushGray_buffercc/buffers_0_reg[0]/CLR
  -------------------------------------------------------------------    -------------------

                         (clock clk_pll_i rise edge)
                                                      0.000     0.000 r  
    AC19                                              0.000     0.000 r  clk (IN)
                         net (fo=0)                   0.000     0.000    clk
    AC19                 IBUF (Prop_ibuf_I_O)         0.441     0.441 r  clk_IBUF_inst/O
                         net (fo=1, routed)           1.160     1.601    clk_IBUF
    BUFGCTRL_X0Y0        BUFG (Prop_bufg_I_O)         0.029     1.630 r  clk_IBUF_BUFG_inst/O
                         net (fo=2027, routed)        0.976     2.606    ddr3.u_axi_wrap_ddr/mig_axi/u_mig_axi_32_mig/u_ddr3_infrastructure/mmcm_clk
    PLLE2_ADV_X0Y4       PLLE2_ADV (Prop_plle2_adv_CLKIN1_CLKOUT3)
                                                      0.053     2.659 r  ddr3.u_axi_wrap_ddr/mig_axi/u_mig_axi_32_mig/u_ddr3_infrastructure/plle2_i/CLKOUT3
                         net (fo=1, routed)           0.577     3.236    ddr3.u_axi_wrap_ddr/mig_axi/u_mig_axi_32_mig/u_ddr3_infrastructure/pll_clk3_out
    BUFHCE_X0Y48         BUFH (Prop_bufh_I_O)         0.043     3.279 r  ddr3.u_axi_wrap_ddr/mig_axi/u_mig_axi_32_mig/u_ddr3_infrastructure/u_bufh_pll_clk3/O
                         net (fo=1, routed)           0.553     3.832    ddr3.u_axi_wrap_ddr/mig_axi/u_mig_axi_32_mig/u_ddr3_infrastructure/pll_clk3
    MMCME2_ADV_X0Y4      MMCME2_ADV (Prop_mmcme2_adv_CLKIN1_CLKFBOUT)
                                                     -1.858     1.974 r  ddr3.u_axi_wrap_ddr/mig_axi/u_mig_axi_32_mig/u_ddr3_infrastructure/gen_mmcm.mmcm_i/CLKFBOUT
                         net (fo=1, routed)           0.860     2.834    ddr3.u_axi_wrap_ddr/mig_axi/u_mig_axi_32_mig/u_ddr3_infrastructure/clk_pll_i
    BUFGCTRL_X0Y16       BUFG (Prop_bufg_I_O)         0.029     2.863 r  ddr3.u_axi_wrap_ddr/mig_axi/u_mig_axi_32_mig/u_ddr3_infrastructure/u_bufg_clkdiv0/O
                         net (fo=7005, routed)        0.894     3.756    ddr3.u_axi_wrap_ddr/u_Axi_CDC/rFifo/popToPushGray_buffercc/ui_clk
    SLICE_X19Y195        FDCE                                         r  ddr3.u_axi_wrap_ddr/u_Axi_CDC/rFifo/popToPushGray_buffercc/buffers_0_reg[0]/C
                         clock pessimism             -0.846     2.910    
    SLICE_X19Y195        FDCE (Remov_fdce_C_CLR)     -0.154     2.756    ddr3.u_axi_wrap_ddr/u_Axi_CDC/rFifo/popToPushGray_buffercc/buffers_0_reg[0]
  -------------------------------------------------------------------
                         required time                         -2.756    
                         arrival time                           3.396    
  -------------------------------------------------------------------
                         slack                                  0.640    





---------------------------------------------------------------------------------------------------
Path Group:  **async_default**
From Clock:  sys_clk
  To Clock:  clk_pll_i

Setup :            0  Failing Endpoints,  Worst Slack        7.242ns,  Total Violation        0.000ns
Hold  :            0  Failing Endpoints,  Worst Slack        0.529ns,  Total Violation        0.000ns
---------------------------------------------------------------------------------------------------


Max Delay Paths
--------------------------------------------------------------------------------------
Slack (MET) :             7.242ns  (required time - arrival time)
  Source:                 fpga_pll.u_rst_sys/delay_reg[1]/C
                            (rising edge-triggered cell FDCE clocked by sys_clk  {rise@0.000ns fall@5.000ns period=10.000ns})
  Destination:            ddr3.u_axi_wrap_ddr/u_Axi_CDC/awFifo/bufferCC_12/buffers_0_reg/CLR
                            (recovery check against rising-edge clock clk_pll_i  {rise@0.000ns fall@5.000ns period=10.000ns})
  Path Group:             **async_default**
  Path Type:              Recovery (Max at Slow Process Corner)
  Requirement:            10.000ns  (clk_pll_i rise@10.000ns - sys_clk rise@0.000ns)
  Data Path Delay:        4.307ns  (logic 0.484ns (11.237%)  route 3.823ns (88.763%))
  Logic Levels:           1  (LUT1=1)
  Clock Path Skew:        2.135ns (DCD - SCD + CPR)
    Destination Clock Delay (DCD):    7.516ns = ( 17.516 - 10.000 ) 
    Source Clock Delay      (SCD):    5.582ns
    Clock Pessimism Removal (CPR):    0.201ns
  Clock Uncertainty:      0.254ns  ((TSJ^2 + DJ^2)^1/2) / 2 + PE
    Total System Jitter     (TSJ):    0.071ns
    Discrete Jitter          (DJ):    0.210ns
    Phase Error              (PE):    0.144ns

    Location             Delay type                Incr(ns)  Path(ns)    Netlist Resource(s)
  -------------------------------------------------------------------    -------------------
                         (clock sys_clk rise edge)    0.000     0.000 r  
    AC19                                              0.000     0.000 r  clk (IN)
                         net (fo=0)                   0.000     0.000    clk
    AC19                 IBUF (Prop_ibuf_I_O)         1.416     1.416 r  clk_IBUF_inst/O
                         net (fo=1, routed)           2.602     4.018    clk_IBUF
    BUFGCTRL_X0Y0        BUFG (Prop_bufg_I_O)         0.081     4.099 r  clk_IBUF_BUFG_inst/O
                         net (fo=2027, routed)        1.823     5.922    fpga_pll.u_clk_pll/inst/clk_in1
    PLLE2_ADV_X1Y0       PLLE2_ADV (Prop_plle2_adv_CLKIN1_CLKOUT1)
                                                     -4.192     1.730 r  fpga_pll.u_clk_pll/inst/plle2_adv_inst/CLKOUT1
                         net (fo=1, routed)           2.288     4.018    fpga_pll.u_clk_pll/inst/sys_clk_clk_pll
    BUFGCTRL_X0Y3        BUFG (Prop_bufg_I_O)         0.081     4.099 r  fpga_pll.u_clk_pll/inst/clkout2_buf/O
                         net (fo=3586, routed)        1.483     5.582    fpga_pll.u_rst_sys/sys_clk
    SLICE_X19Y189        FDCE                                         r  fpga_pll.u_rst_sys/delay_reg[1]/C
  -------------------------------------------------------------------    -------------------
    SLICE_X19Y189        FDCE (Prop_fdce_C_Q)         0.379     5.961 r  fpga_pll.u_rst_sys/delay_reg[1]/Q
                         net (fo=37, routed)          0.986     6.947    fpga_pll.u_rst_sys/Q[0]
    SLICE_X19Y189        LUT1 (Prop_lut1_I0_O)        0.105     7.052 f  fpga_pll.u_rst_sys/pushCC_pushPtr[2]_i_3__1/O
                         net (fo=718, routed)         2.838     9.889    ddr3.u_axi_wrap_ddr/u_Axi_CDC/awFifo/bufferCC_12/prst
    SLICE_X15Y165        FDCE                                         f  ddr3.u_axi_wrap_ddr/u_Axi_CDC/awFifo/bufferCC_12/buffers_0_reg/CLR
  -------------------------------------------------------------------    -------------------

                         (clock clk_pll_i rise edge)
                                                     10.000    10.000 r  
    AC19                                              0.000    10.000 r  clk (IN)
                         net (fo=0)                   0.000    10.000    clk
    AC19                 IBUF (Prop_ibuf_I_O)         1.350    11.350 r  clk_IBUF_inst/O
                         net (fo=1, routed)           2.471    13.821    clk_IBUF
    BUFGCTRL_X0Y0        BUFG (Prop_bufg_I_O)         0.077    13.898 r  clk_IBUF_BUFG_inst/O
                         net (fo=2027, routed)        1.586    15.484    ddr3.u_axi_wrap_ddr/mig_axi/u_mig_axi_32_mig/u_ddr3_infrastructure/mmcm_clk
    PLLE2_ADV_X0Y4       PLLE2_ADV (Prop_plle2_adv_CLKIN1_CLKOUT3)
                                                      0.073    15.557 r  ddr3.u_axi_wrap_ddr/mig_axi/u_mig_axi_32_mig/u_ddr3_infrastructure/plle2_i/CLKOUT3
                         net (fo=1, routed)           1.281    16.838    ddr3.u_axi_wrap_ddr/mig_axi/u_mig_axi_32_mig/u_ddr3_infrastructure/pll_clk3_out
    BUFHCE_X0Y48         BUFH (Prop_bufh_I_O)         0.069    16.907 r  ddr3.u_axi_wrap_ddr/mig_axi/u_mig_axi_32_mig/u_ddr3_infrastructure/u_bufh_pll_clk3/O
                         net (fo=1, routed)           0.805    17.712    ddr3.u_axi_wrap_ddr/mig_axi/u_mig_axi_32_mig/u_ddr3_infrastructure/pll_clk3
    MMCME2_ADV_X0Y4      MMCME2_ADV (Prop_mmcme2_adv_CLKIN1_CLKFBOUT)
                                                     -3.606    14.105 r  ddr3.u_axi_wrap_ddr/mig_axi/u_mig_axi_32_mig/u_ddr3_infrastructure/gen_mmcm.mmcm_i/CLKFBOUT
                         net (fo=1, routed)           1.964    16.070    ddr3.u_axi_wrap_ddr/mig_axi/u_mig_axi_32_mig/u_ddr3_infrastructure/clk_pll_i
    BUFGCTRL_X0Y16       BUFG (Prop_bufg_I_O)         0.077    16.147 r  ddr3.u_axi_wrap_ddr/mig_axi/u_mig_axi_32_mig/u_ddr3_infrastructure/u_bufg_clkdiv0/O
                         net (fo=7005, routed)        1.369    17.516    ddr3.u_axi_wrap_ddr/u_Axi_CDC/awFifo/bufferCC_12/ui_clk
    SLICE_X15Y165        FDCE                                         r  ddr3.u_axi_wrap_ddr/u_Axi_CDC/awFifo/bufferCC_12/buffers_0_reg/C
                         clock pessimism              0.201    17.717    
                         clock uncertainty           -0.254    17.463    
    SLICE_X15Y165        FDCE (Recov_fdce_C_CLR)     -0.331    17.132    ddr3.u_axi_wrap_ddr/u_Axi_CDC/awFifo/bufferCC_12/buffers_0_reg
  -------------------------------------------------------------------
                         required time                         17.132    
                         arrival time                          -9.889    
  -------------------------------------------------------------------
                         slack                                  7.242    





Min Delay Paths
--------------------------------------------------------------------------------------
Slack (MET) :             0.529ns  (arrival time - required time)
  Source:                 fpga_pll.u_rst_sys/delay_reg[1]/C
                            (rising edge-triggered cell FDCE clocked by sys_clk  {rise@0.000ns fall@5.000ns period=10.000ns})
  Destination:            ddr3.u_axi_wrap_ddr/u_Axi_CDC/awFifo/bufferCC_12/buffers_0_reg/CLR
                            (removal check against rising-edge clock clk_pll_i  {rise@0.000ns fall@5.000ns period=10.000ns})
  Path Group:             **async_default**
  Path Type:              Removal (Min at Fast Process Corner)
  Requirement:            0.000ns  (clk_pll_i rise@0.000ns - sys_clk rise@0.000ns)
  Data Path Delay:        2.192ns  (logic 0.186ns (8.485%)  route 2.006ns (91.515%))
  Logic Levels:           1  (LUT1=1)
  Clock Path Skew:        1.501ns (DCD - SCD - CPR)
    Destination Clock Delay (DCD):    3.751ns
    Source Clock Delay      (SCD):    1.973ns
    Clock Pessimism Removal (CPR):    0.277ns
  Clock Uncertainty:      0.254ns  ((TSJ^2 + DJ^2)^1/2) / 2 + PE
    Total System Jitter     (TSJ):    0.071ns
    Discrete Jitter          (DJ):    0.210ns
    Phase Error              (PE):    0.144ns

    Location             Delay type                Incr(ns)  Path(ns)    Netlist Resource(s)
  -------------------------------------------------------------------    -------------------
                         (clock sys_clk rise edge)    0.000     0.000 r  
    AC19                                              0.000     0.000 r  clk (IN)
                         net (fo=0)                   0.000     0.000    clk
    AC19                 IBUF (Prop_ibuf_I_O)         0.253     0.253 r  clk_IBUF_inst/O
                         net (fo=1, routed)           1.074     1.327    clk_IBUF
    BUFGCTRL_X0Y0        BUFG (Prop_bufg_I_O)         0.026     1.353 r  clk_IBUF_BUFG_inst/O
                         net (fo=2027, routed)        0.750     2.103    fpga_pll.u_clk_pll/inst/clk_in1
    PLLE2_ADV_X1Y0       PLLE2_ADV (Prop_plle2_adv_CLKIN1_CLKOUT1)
                                                     -1.703     0.400 r  fpga_pll.u_clk_pll/inst/plle2_adv_inst/CLKOUT1
                         net (fo=1, routed)           0.927     1.327    fpga_pll.u_clk_pll/inst/sys_clk_clk_pll
    BUFGCTRL_X0Y3        BUFG (Prop_bufg_I_O)         0.026     1.353 r  fpga_pll.u_clk_pll/inst/clkout2_buf/O
                         net (fo=3586, routed)        0.621     1.973    fpga_pll.u_rst_sys/sys_clk
    SLICE_X19Y189        FDCE                                         r  fpga_pll.u_rst_sys/delay_reg[1]/C
  -------------------------------------------------------------------    -------------------
    SLICE_X19Y189        FDCE (Prop_fdce_C_Q)         0.141     2.114 r  fpga_pll.u_rst_sys/delay_reg[1]/Q
                         net (fo=37, routed)          0.492     2.606    fpga_pll.u_rst_sys/Q[0]
    SLICE_X19Y189        LUT1 (Prop_lut1_I0_O)        0.045     2.651 f  fpga_pll.u_rst_sys/pushCC_pushPtr[2]_i_3__1/O
                         net (fo=718, routed)         1.515     4.166    ddr3.u_axi_wrap_ddr/u_Axi_CDC/awFifo/bufferCC_12/prst
    SLICE_X15Y165        FDCE                                         f  ddr3.u_axi_wrap_ddr/u_Axi_CDC/awFifo/bufferCC_12/buffers_0_reg/CLR
  -------------------------------------------------------------------    -------------------

                         (clock clk_pll_i rise edge)
                                                      0.000     0.000 r  
    AC19                                              0.000     0.000 r  clk (IN)
                         net (fo=0)                   0.000     0.000    clk
    AC19                 IBUF (Prop_ibuf_I_O)         0.441     0.441 r  clk_IBUF_inst/O
                         net (fo=1, routed)           1.160     1.601    clk_IBUF
    BUFGCTRL_X0Y0        BUFG (Prop_bufg_I_O)         0.029     1.630 r  clk_IBUF_BUFG_inst/O
                         net (fo=2027, routed)        0.976     2.606    ddr3.u_axi_wrap_ddr/mig_axi/u_mig_axi_32_mig/u_ddr3_infrastructure/mmcm_clk
    PLLE2_ADV_X0Y4       PLLE2_ADV (Prop_plle2_adv_CLKIN1_CLKOUT3)
                                                      0.053     2.659 r  ddr3.u_axi_wrap_ddr/mig_axi/u_mig_axi_32_mig/u_ddr3_infrastructure/plle2_i/CLKOUT3
                         net (fo=1, routed)           0.577     3.236    ddr3.u_axi_wrap_ddr/mig_axi/u_mig_axi_32_mig/u_ddr3_infrastructure/pll_clk3_out
    BUFHCE_X0Y48         BUFH (Prop_bufh_I_O)         0.043     3.279 r  ddr3.u_axi_wrap_ddr/mig_axi/u_mig_axi_32_mig/u_ddr3_infrastructure/u_bufh_pll_clk3/O
                         net (fo=1, routed)           0.553     3.832    ddr3.u_axi_wrap_ddr/mig_axi/u_mig_axi_32_mig/u_ddr3_infrastructure/pll_clk3
    MMCME2_ADV_X0Y4      MMCME2_ADV (Prop_mmcme2_adv_CLKIN1_CLKFBOUT)
                                                     -1.858     1.974 r  ddr3.u_axi_wrap_ddr/mig_axi/u_mig_axi_32_mig/u_ddr3_infrastructure/gen_mmcm.mmcm_i/CLKFBOUT
                         net (fo=1, routed)           0.860     2.834    ddr3.u_axi_wrap_ddr/mig_axi/u_mig_axi_32_mig/u_ddr3_infrastructure/clk_pll_i
    BUFGCTRL_X0Y16       BUFG (Prop_bufg_I_O)         0.029     2.863 r  ddr3.u_axi_wrap_ddr/mig_axi/u_mig_axi_32_mig/u_ddr3_infrastructure/u_bufg_clkdiv0/O
                         net (fo=7005, routed)        0.889     3.751    ddr3.u_axi_wrap_ddr/u_Axi_CDC/awFifo/bufferCC_12/ui_clk
    SLICE_X15Y165        FDCE                                         r  ddr3.u_axi_wrap_ddr/u_Axi_CDC/awFifo/bufferCC_12/buffers_0_reg/C
                         clock pessimism             -0.277     3.474    
                         clock uncertainty            0.254     3.729    
    SLICE_X15Y165        FDCE (Remov_fdce_C_CLR)     -0.092     3.637    ddr3.u_axi_wrap_ddr/u_Axi_CDC/awFifo/bufferCC_12/buffers_0_reg
  -------------------------------------------------------------------
                         required time                         -3.637    
                         arrival time                           4.166    
  -------------------------------------------------------------------
                         slack                                  0.529    





---------------------------------------------------------------------------------------------------
Path Group:  **async_default**
From Clock:  cpu_clk
  To Clock:  cpu_clk

Setup :            0  Failing Endpoints,  Worst Slack        3.498ns,  Total Violation        0.000ns
Hold  :            0  Failing Endpoints,  Worst Slack        0.837ns,  Total Violation        0.000ns
---------------------------------------------------------------------------------------------------


Max Delay Paths
--------------------------------------------------------------------------------------
Slack (MET) :             3.498ns  (required time - arrival time)
  Source:                 fpga_pll.u_rst_cpu/delay_reg[1]/C
                            (rising edge-triggered cell FDCE clocked by cpu_clk  {rise@0.000ns fall@6.667ns period=13.333ns})
  Destination:            u_axi3_to_axi4_bridge/FSM_onehot_genblk1[0].state_reg[0][4]/CLR
                            (recovery check against rising-edge clock cpu_clk  {rise@0.000ns fall@6.667ns period=13.333ns})
  Path Group:             **async_default**
  Path Type:              Recovery (Max at Slow Process Corner)
  Requirement:            13.333ns  (cpu_clk rise@13.333ns - cpu_clk rise@0.000ns)
  Data Path Delay:        9.398ns  (logic 0.538ns (5.725%)  route 8.860ns (94.275%))
  Logic Levels:           1  (LUT1=1)
  Clock Path Skew:        -0.037ns (DCD - SCD + CPR)
    Destination Clock Delay (DCD):    5.173ns = ( 18.506 - 13.333 ) 
    Source Clock Delay      (SCD):    5.477ns
    Clock Pessimism Removal (CPR):    0.267ns
  Clock Uncertainty:      0.070ns  ((TSJ^2 + DJ^2)^1/2) / 2 + PE
    Total System Jitter     (TSJ):    0.071ns
    Discrete Jitter          (DJ):    0.121ns
    Phase Error              (PE):    0.000ns

    Location             Delay type                Incr(ns)  Path(ns)    Netlist Resource(s)
  -------------------------------------------------------------------    -------------------
                         (clock cpu_clk rise edge)    0.000     0.000 r  
    AC19                                              0.000     0.000 r  clk (IN)
                         net (fo=0)                   0.000     0.000    clk
    AC19                 IBUF (Prop_ibuf_I_O)         1.416     1.416 r  clk_IBUF_inst/O
                         net (fo=1, routed)           2.602     4.018    clk_IBUF
    BUFGCTRL_X0Y0        BUFG (Prop_bufg_I_O)         0.081     4.099 r  clk_IBUF_BUFG_inst/O
                         net (fo=2027, routed)        1.823     5.922    fpga_pll.u_clk_pll/inst/clk_in1
    PLLE2_ADV_X1Y0       PLLE2_ADV (Prop_plle2_adv_CLKIN1_CLKOUT0)
                                                     -4.192     1.730 r  fpga_pll.u_clk_pll/inst/plle2_adv_inst/CLKOUT0
                         net (fo=1, routed)           2.288     4.018    fpga_pll.u_clk_pll/inst/cpu_clk_clk_pll
    BUFGCTRL_X0Y2        BUFG (Prop_bufg_I_O)         0.081     4.099 r  fpga_pll.u_clk_pll/inst/clkout1_buf/O
                         net (fo=37090, routed)       1.378     5.477    fpga_pll.u_rst_cpu/cpu_clk
    SLICE_X56Y175        FDCE                                         r  fpga_pll.u_rst_cpu/delay_reg[1]/C
  -------------------------------------------------------------------    -------------------
    SLICE_X56Y175        FDCE (Prop_fdce_C_Q)         0.433     5.910 r  fpga_pll.u_rst_cpu/delay_reg[1]/Q
                         net (fo=86, routed)          2.568     8.479    fpga_pll.u_rst_cpu/Q[0]
    SLICE_X44Y145        LUT1 (Prop_lut1_I0_O)        0.105     8.584 f  fpga_pll.u_rst_cpu/FSM_onehot_wb_state[2]_i_1/O
                         net (fo=2489, routed)        6.291    14.875    u_axi3_to_axi4_bridge/reset0
    SLICE_X67Y187        FDCE                                         f  u_axi3_to_axi4_bridge/FSM_onehot_genblk1[0].state_reg[0][4]/CLR
  -------------------------------------------------------------------    -------------------

                         (clock cpu_clk rise edge)   13.333    13.333 r  
    AC19                                              0.000    13.333 r  clk (IN)
                         net (fo=0)                   0.000    13.333    clk
    AC19                 IBUF (Prop_ibuf_I_O)         1.350    14.684 r  clk_IBUF_inst/O
                         net (fo=1, routed)           2.471    17.154    clk_IBUF
    BUFGCTRL_X0Y0        BUFG (Prop_bufg_I_O)         0.077    17.231 r  clk_IBUF_BUFG_inst/O
                         net (fo=2027, routed)        1.706    18.937    fpga_pll.u_clk_pll/inst/clk_in1
    PLLE2_ADV_X1Y0       PLLE2_ADV (Prop_plle2_adv_CLKIN1_CLKOUT0)
                                                     -3.960    14.977 r  fpga_pll.u_clk_pll/inst/plle2_adv_inst/CLKOUT0
                         net (fo=1, routed)           2.177    17.154    fpga_pll.u_clk_pll/inst/cpu_clk_clk_pll
    BUFGCTRL_X0Y2        BUFG (Prop_bufg_I_O)         0.077    17.231 r  fpga_pll.u_clk_pll/inst/clkout1_buf/O
                         net (fo=37090, routed)       1.275    18.506    u_axi3_to_axi4_bridge/cpu_clk
    SLICE_X67Y187        FDCE                                         r  u_axi3_to_axi4_bridge/FSM_onehot_genblk1[0].state_reg[0][4]/C
                         clock pessimism              0.267    18.774    
                         clock uncertainty           -0.070    18.704    
    SLICE_X67Y187        FDCE (Recov_fdce_C_CLR)     -0.331    18.373    u_axi3_to_axi4_bridge/FSM_onehot_genblk1[0].state_reg[0][4]
  -------------------------------------------------------------------
                         required time                         18.373    
                         arrival time                         -14.875    
  -------------------------------------------------------------------
                         slack                                  3.498    





Min Delay Paths
--------------------------------------------------------------------------------------
Slack (MET) :             0.837ns  (arrival time - required time)
  Source:                 u_axi_clock_sync/bFifo/bufferCC_12/buffers_1_reg/C
                            (rising edge-triggered cell FDCE clocked by cpu_clk  {rise@0.000ns fall@6.667ns period=13.333ns})
  Destination:            u_axi_clock_sync/rFifo/popCC_popPtr_reg[0]/CLR
                            (removal check against rising-edge clock cpu_clk  {rise@0.000ns fall@6.667ns period=13.333ns})
  Path Group:             **async_default**
  Path Type:              Removal (Min at Fast Process Corner)
  Requirement:            0.000ns  (cpu_clk rise@0.000ns - cpu_clk rise@0.000ns)
  Data Path Delay:        0.759ns  (logic 0.246ns (32.399%)  route 0.513ns (67.601%))
  Logic Levels:           1  (LUT1=1)
  Clock Path Skew:        0.014ns (DCD - SCD - CPR)
    Destination Clock Delay (DCD):    2.520ns
    Source Clock Delay      (SCD):    1.972ns
    Clock Pessimism Removal (CPR):    0.534ns

    Location             Delay type                Incr(ns)  Path(ns)    Netlist Resource(s)
  -------------------------------------------------------------------    -------------------
                         (clock cpu_clk rise edge)    0.000     0.000 r  
    AC19                                              0.000     0.000 r  clk (IN)
                         net (fo=0)                   0.000     0.000    clk
    AC19                 IBUF (Prop_ibuf_I_O)         0.253     0.253 r  clk_IBUF_inst/O
                         net (fo=1, routed)           1.074     1.327    clk_IBUF
    BUFGCTRL_X0Y0        BUFG (Prop_bufg_I_O)         0.026     1.353 r  clk_IBUF_BUFG_inst/O
                         net (fo=2027, routed)        0.750     2.103    fpga_pll.u_clk_pll/inst/clk_in1
    PLLE2_ADV_X1Y0       PLLE2_ADV (Prop_plle2_adv_CLKIN1_CLKOUT0)
                                                     -1.703     0.400 r  fpga_pll.u_clk_pll/inst/plle2_adv_inst/CLKOUT0
                         net (fo=1, routed)           0.927     1.327    fpga_pll.u_clk_pll/inst/cpu_clk_clk_pll
    BUFGCTRL_X0Y2        BUFG (Prop_bufg_I_O)         0.026     1.353 r  fpga_pll.u_clk_pll/inst/clkout1_buf/O
                         net (fo=37090, routed)       0.620     1.972    u_axi_clock_sync/bFifo/bufferCC_12/cpu_clk
    SLICE_X16Y162        FDCE                                         r  u_axi_clock_sync/bFifo/bufferCC_12/buffers_1_reg/C
  -------------------------------------------------------------------    -------------------
    SLICE_X16Y162        FDCE (Prop_fdce_C_Q)         0.148     2.120 r  u_axi_clock_sync/bFifo/bufferCC_12/buffers_1_reg/Q
                         net (fo=1, routed)           0.283     2.403    u_axi_clock_sync/bFifo/bufferCC_12/buffers_1
    SLICE_X16Y162        LUT1 (Prop_lut1_I0_O)        0.098     2.501 f  u_axi_clock_sync/bFifo/bufferCC_12/popCC_popPtr[2]_i_2__3/O
                         net (fo=30, routed)          0.231     2.732    u_axi_clock_sync/rFifo/buffers_0_reg[3]
    SLICE_X19Y163        FDCE                                         f  u_axi_clock_sync/rFifo/popCC_popPtr_reg[0]/CLR
  -------------------------------------------------------------------    -------------------

                         (clock cpu_clk rise edge)    0.000     0.000 r  
    AC19                                              0.000     0.000 r  clk (IN)
                         net (fo=0)                   0.000     0.000    clk
    AC19                 IBUF (Prop_ibuf_I_O)         0.441     0.441 r  clk_IBUF_inst/O
                         net (fo=1, routed)           1.160     1.601    clk_IBUF
    BUFGCTRL_X0Y0        BUFG (Prop_bufg_I_O)         0.029     1.630 r  clk_IBUF_BUFG_inst/O
                         net (fo=2027, routed)        1.027     2.656    fpga_pll.u_clk_pll/inst/clk_in1
    PLLE2_ADV_X1Y0       PLLE2_ADV (Prop_plle2_adv_CLKIN1_CLKOUT0)
                                                     -2.061     0.596 r  fpga_pll.u_clk_pll/inst/plle2_adv_inst/CLKOUT0
                         net (fo=1, routed)           1.005     1.601    fpga_pll.u_clk_pll/inst/cpu_clk_clk_pll
    BUFGCTRL_X0Y2        BUFG (Prop_bufg_I_O)         0.029     1.630 r  fpga_pll.u_clk_pll/inst/clkout1_buf/O
                         net (fo=37090, routed)       0.891     2.520    u_axi_clock_sync/rFifo/cpu_clk
    SLICE_X19Y163        FDCE                                         r  u_axi_clock_sync/rFifo/popCC_popPtr_reg[0]/C
                         clock pessimism             -0.534     1.986    
    SLICE_X19Y163        FDCE (Remov_fdce_C_CLR)     -0.092     1.894    u_axi_clock_sync/rFifo/popCC_popPtr_reg[0]
  -------------------------------------------------------------------
                         required time                         -1.894    
                         arrival time                           2.732    
  -------------------------------------------------------------------
                         slack                                  0.837    





---------------------------------------------------------------------------------------------------
Path Group:  **async_default**
From Clock:  dbg_hub/inst/BSCANID.u_xsdbm_id/SWITCH_N_EXT_BSCAN.bscan_inst/SERIES7_BSCAN.bscan_inst/TCK
  To Clock:  dbg_hub/inst/BSCANID.u_xsdbm_id/SWITCH_N_EXT_BSCAN.bscan_inst/SERIES7_BSCAN.bscan_inst/TCK

Setup :            0  Failing Endpoints,  Worst Slack       29.528ns,  Total Violation        0.000ns
Hold  :            0  Failing Endpoints,  Worst Slack        0.314ns,  Total Violation        0.000ns
---------------------------------------------------------------------------------------------------


Max Delay Paths
--------------------------------------------------------------------------------------
Slack (MET) :             29.528ns  (required time - arrival time)
  Source:                 dbg_hub/inst/BSCANID.u_xsdbm_id/SWITCH_N_EXT_BSCAN.bscan_switch/portno_reg[1]/C
                            (rising edge-triggered cell FDRE clocked by dbg_hub/inst/BSCANID.u_xsdbm_id/SWITCH_N_EXT_BSCAN.bscan_inst/SERIES7_BSCAN.bscan_inst/TCK  {rise@0.000ns fall@16.500ns period=33.000ns})
  Destination:            dbg_hub/inst/BSCANID.u_xsdbm_id/CORE_XSDB.U_ICON/U_CMD/iTARGET_reg[12]/CLR
                            (recovery check against rising-edge clock dbg_hub/inst/BSCANID.u_xsdbm_id/SWITCH_N_EXT_BSCAN.bscan_inst/SERIES7_BSCAN.bscan_inst/TCK  {rise@0.000ns fall@16.500ns period=33.000ns})
  Path Group:             **async_default**
  Path Type:              Recovery (Max at Slow Process Corner)
  Requirement:            33.000ns  (dbg_hub/inst/BSCANID.u_xsdbm_id/SWITCH_N_EXT_BSCAN.bscan_inst/SERIES7_BSCAN.bscan_inst/TCK rise@33.000ns - dbg_hub/inst/BSCANID.u_xsdbm_id/SWITCH_N_EXT_BSCAN.bscan_inst/SERIES7_BSCAN.bscan_inst/TCK rise@0.000ns)
  Data Path Delay:        3.059ns  (logic 0.893ns (29.189%)  route 2.166ns (70.811%))
  Logic Levels:           3  (LUT1=1 LUT4=1 LUT6=1)
  Clock Path Skew:        -0.046ns (DCD - SCD + CPR)
    Destination Clock Delay (DCD):    3.834ns = ( 36.834 - 33.000 ) 
    Source Clock Delay      (SCD):    4.316ns
    Clock Pessimism Removal (CPR):    0.435ns
  Clock Uncertainty:      0.035ns  ((TSJ^2 + TIJ^2)^1/2 + DJ) / 2 + PE
    Total System Jitter     (TSJ):    0.071ns
    Total Input Jitter      (TIJ):    0.000ns
    Discrete Jitter          (DJ):    0.000ns
    Phase Error              (PE):    0.000ns

    Location             Delay type                Incr(ns)  Path(ns)    Netlist Resource(s)
  -------------------------------------------------------------------    -------------------
                         (clock dbg_hub/inst/BSCANID.u_xsdbm_id/SWITCH_N_EXT_BSCAN.bscan_inst/SERIES7_BSCAN.bscan_inst/TCK rise edge)
                                                      0.000     0.000 r  
    BSCAN_X0Y0           BSCANE2                      0.000     0.000 r  dbg_hub/inst/BSCANID.u_xsdbm_id/SWITCH_N_EXT_BSCAN.bscan_inst/SERIES7_BSCAN.bscan_inst/TCK
                         net (fo=1, routed)           2.673     2.673    dbg_hub/inst/BSCANID.u_xsdbm_id/tck_bs
    BUFGCTRL_X0Y4        BUFG (Prop_bufg_I_O)         0.081     2.754 r  dbg_hub/inst/BSCANID.u_xsdbm_id/SWITCH_N_EXT_BSCAN.u_bufg_icon_tck/O
                         net (fo=486, routed)         1.562     4.316    dbg_hub/inst/BSCANID.u_xsdbm_id/SWITCH_N_EXT_BSCAN.bscan_switch/s_bscan_tck
    SLICE_X43Y233        FDRE                                         r  dbg_hub/inst/BSCANID.u_xsdbm_id/SWITCH_N_EXT_BSCAN.bscan_switch/portno_reg[1]/C
  -------------------------------------------------------------------    -------------------
    SLICE_X43Y233        FDRE (Prop_fdre_C_Q)         0.379     4.695 f  dbg_hub/inst/BSCANID.u_xsdbm_id/SWITCH_N_EXT_BSCAN.bscan_switch/portno_reg[1]/Q
                         net (fo=1, routed)           0.691     5.386    dbg_hub/inst/BSCANID.u_xsdbm_id/SWITCH_N_EXT_BSCAN.bscan_switch/portno[1]
    SLICE_X43Y233        LUT6 (Prop_lut6_I3_O)        0.105     5.491 f  dbg_hub/inst/BSCANID.u_xsdbm_id/SWITCH_N_EXT_BSCAN.bscan_switch/m_bscan_drck[0]_INST_0_i_1/O
                         net (fo=5, routed)           0.623     6.114    dbg_hub/inst/BSCANID.u_xsdbm_id/SWITCH_N_EXT_BSCAN.bscan_switch/m_bscan_drck[0]_INST_0_i_1_n_0
    SLICE_X44Y231        LUT4 (Prop_lut4_I3_O)        0.126     6.240 r  dbg_hub/inst/BSCANID.u_xsdbm_id/SWITCH_N_EXT_BSCAN.bscan_switch/m_bscan_sel[0]_INST_0/O
                         net (fo=2, routed)           0.239     6.479    dbg_hub/inst/BSCANID.u_xsdbm_id/CORE_XSDB.U_ICON/U_CMD/iTARGET_reg[6]_0
    SLICE_X44Y231        LUT1 (Prop_lut1_I0_O)        0.283     6.762 f  dbg_hub/inst/BSCANID.u_xsdbm_id/CORE_XSDB.U_ICON/U_CMD/iTARGET[15]_i_2/O
                         net (fo=10, routed)          0.613     7.375    dbg_hub/inst/BSCANID.u_xsdbm_id/CORE_XSDB.U_ICON/U_CMD/iSEL_n
    SLICE_X45Y228        FDCE                                         f  dbg_hub/inst/BSCANID.u_xsdbm_id/CORE_XSDB.U_ICON/U_CMD/iTARGET_reg[12]/CLR
  -------------------------------------------------------------------    -------------------

                         (clock dbg_hub/inst/BSCANID.u_xsdbm_id/SWITCH_N_EXT_BSCAN.bscan_inst/SERIES7_BSCAN.bscan_inst/TCK rise edge)
                                                     33.000    33.000 r  
    BSCAN_X0Y0           BSCANE2                      0.000    33.000 r  dbg_hub/inst/BSCANID.u_xsdbm_id/SWITCH_N_EXT_BSCAN.bscan_inst/SERIES7_BSCAN.bscan_inst/TCK
                         net (fo=1, routed)           2.316    35.316    dbg_hub/inst/BSCANID.u_xsdbm_id/tck_bs
    BUFGCTRL_X0Y4        BUFG (Prop_bufg_I_O)         0.077    35.393 r  dbg_hub/inst/BSCANID.u_xsdbm_id/SWITCH_N_EXT_BSCAN.u_bufg_icon_tck/O
                         net (fo=486, routed)         1.442    36.834    dbg_hub/inst/BSCANID.u_xsdbm_id/CORE_XSDB.U_ICON/U_CMD/m_bscan_tck[0]
    SLICE_X45Y228        FDCE                                         r  dbg_hub/inst/BSCANID.u_xsdbm_id/CORE_XSDB.U_ICON/U_CMD/iTARGET_reg[12]/C
                         clock pessimism              0.435    37.270    
                         clock uncertainty           -0.035    37.234    
    SLICE_X45Y228        FDCE (Recov_fdce_C_CLR)     -0.331    36.903    dbg_hub/inst/BSCANID.u_xsdbm_id/CORE_XSDB.U_ICON/U_CMD/iTARGET_reg[12]
  -------------------------------------------------------------------
                         required time                         36.903    
                         arrival time                          -7.375    
  -------------------------------------------------------------------
                         slack                                 29.528    





Min Delay Paths
--------------------------------------------------------------------------------------
Slack (MET) :             0.314ns  (arrival time - required time)
  Source:                 dbg_hub/inst/BSCANID.u_xsdbm_id/CORE_XSDB.UUT_MASTER/U_ICON_INTERFACE/U_CMD6_WR/U_WR_FIFO/SUBCORE_FIFO.xsdbm_v3_0_0_wrfifo_inst/inst_fifo_gen/gconvfifo.rf/grf.rf/rstblk/ngwrdrst.grst.g7serrst.wr_rst_reg_reg[1]/C
                            (rising edge-triggered cell FDPE clocked by dbg_hub/inst/BSCANID.u_xsdbm_id/SWITCH_N_EXT_BSCAN.bscan_inst/SERIES7_BSCAN.bscan_inst/TCK  {rise@0.000ns fall@16.500ns period=33.000ns})
  Destination:            dbg_hub/inst/BSCANID.u_xsdbm_id/CORE_XSDB.UUT_MASTER/U_ICON_INTERFACE/U_CMD6_WR/U_WR_FIFO/SUBCORE_FIFO.xsdbm_v3_0_0_wrfifo_inst/inst_fifo_gen/gconvfifo.rf/grf.rf/gntv_or_sync_fifo.gl0.wr/wpntr/gic0.gc0.count_d1_reg[1]/CLR
                            (removal check against rising-edge clock dbg_hub/inst/BSCANID.u_xsdbm_id/SWITCH_N_EXT_BSCAN.bscan_inst/SERIES7_BSCAN.bscan_inst/TCK  {rise@0.000ns fall@16.500ns period=33.000ns})
  Path Group:             **async_default**
  Path Type:              Removal (Min at Fast Process Corner)
  Requirement:            0.000ns  (dbg_hub/inst/BSCANID.u_xsdbm_id/SWITCH_N_EXT_BSCAN.bscan_inst/SERIES7_BSCAN.bscan_inst/TCK rise@0.000ns - dbg_hub/inst/BSCANID.u_xsdbm_id/SWITCH_N_EXT_BSCAN.bscan_inst/SERIES7_BSCAN.bscan_inst/TCK rise@0.000ns)
  Data Path Delay:        0.262ns  (logic 0.141ns (53.731%)  route 0.121ns (46.269%))
  Logic Levels:           0  
  Clock Path Skew:        0.015ns (DCD - SCD - CPR)
    Destination Clock Delay (DCD):    2.473ns
    Source Clock Delay      (SCD):    2.011ns
    Clock Pessimism Removal (CPR):    0.447ns

    Location             Delay type                Incr(ns)  Path(ns)    Netlist Resource(s)
  -------------------------------------------------------------------    -------------------
                         (clock dbg_hub/inst/BSCANID.u_xsdbm_id/SWITCH_N_EXT_BSCAN.bscan_inst/SERIES7_BSCAN.bscan_inst/TCK rise edge)
                                                      0.000     0.000 r  
    BSCAN_X0Y0           BSCANE2                      0.000     0.000 r  dbg_hub/inst/BSCANID.u_xsdbm_id/SWITCH_N_EXT_BSCAN.bscan_inst/SERIES7_BSCAN.bscan_inst/TCK
                         net (fo=1, routed)           1.410     1.410    dbg_hub/inst/BSCANID.u_xsdbm_id/tck_bs
    BUFGCTRL_X0Y4        BUFG (Prop_bufg_I_O)         0.026     1.436 r  dbg_hub/inst/BSCANID.u_xsdbm_id/SWITCH_N_EXT_BSCAN.u_bufg_icon_tck/O
                         net (fo=486, routed)         0.576     2.011    dbg_hub/inst/BSCANID.u_xsdbm_id/CORE_XSDB.UUT_MASTER/U_ICON_INTERFACE/U_CMD6_WR/U_WR_FIFO/SUBCORE_FIFO.xsdbm_v3_0_0_wrfifo_inst/inst_fifo_gen/gconvfifo.rf/grf.rf/rstblk/wr_clk
    SLICE_X69Y193        FDPE                                         r  dbg_hub/inst/BSCANID.u_xsdbm_id/CORE_XSDB.UUT_MASTER/U_ICON_INTERFACE/U_CMD6_WR/U_WR_FIFO/SUBCORE_FIFO.xsdbm_v3_0_0_wrfifo_inst/inst_fifo_gen/gconvfifo.rf/grf.rf/rstblk/ngwrdrst.grst.g7serrst.wr_rst_reg_reg[1]/C
  -------------------------------------------------------------------    -------------------
    SLICE_X69Y193        FDPE (Prop_fdpe_C_Q)         0.141     2.152 f  dbg_hub/inst/BSCANID.u_xsdbm_id/CORE_XSDB.UUT_MASTER/U_ICON_INTERFACE/U_CMD6_WR/U_WR_FIFO/SUBCORE_FIFO.xsdbm_v3_0_0_wrfifo_inst/inst_fifo_gen/gconvfifo.rf/grf.rf/rstblk/ngwrdrst.grst.g7serrst.wr_rst_reg_reg[1]/Q
                         net (fo=12, routed)          0.121     2.274    dbg_hub/inst/BSCANID.u_xsdbm_id/CORE_XSDB.UUT_MASTER/U_ICON_INTERFACE/U_CMD6_WR/U_WR_FIFO/SUBCORE_FIFO.xsdbm_v3_0_0_wrfifo_inst/inst_fifo_gen/gconvfifo.rf/grf.rf/gntv_or_sync_fifo.gl0.wr/wpntr/gic0.gc0.count_reg[0]_0[0]
    SLICE_X68Y192        FDCE                                         f  dbg_hub/inst/BSCANID.u_xsdbm_id/CORE_XSDB.UUT_MASTER/U_ICON_INTERFACE/U_CMD6_WR/U_WR_FIFO/SUBCORE_FIFO.xsdbm_v3_0_0_wrfifo_inst/inst_fifo_gen/gconvfifo.rf/grf.rf/gntv_or_sync_fifo.gl0.wr/wpntr/gic0.gc0.count_d1_reg[1]/CLR
  -------------------------------------------------------------------    -------------------

                         (clock dbg_hub/inst/BSCANID.u_xsdbm_id/SWITCH_N_EXT_BSCAN.bscan_inst/SERIES7_BSCAN.bscan_inst/TCK rise edge)
                                                      0.000     0.000 r  
    BSCAN_X0Y0           BSCANE2                      0.000     0.000 r  dbg_hub/inst/BSCANID.u_xsdbm_id/SWITCH_N_EXT_BSCAN.bscan_inst/SERIES7_BSCAN.bscan_inst/TCK
                         net (fo=1, routed)           1.599     1.599    dbg_hub/inst/BSCANID.u_xsdbm_id/tck_bs
    BUFGCTRL_X0Y4        BUFG (Prop_bufg_I_O)         0.029     1.628 r  dbg_hub/inst/BSCANID.u_xsdbm_id/SWITCH_N_EXT_BSCAN.u_bufg_icon_tck/O
                         net (fo=486, routed)         0.845     2.473    dbg_hub/inst/BSCANID.u_xsdbm_id/CORE_XSDB.UUT_MASTER/U_ICON_INTERFACE/U_CMD6_WR/U_WR_FIFO/SUBCORE_FIFO.xsdbm_v3_0_0_wrfifo_inst/inst_fifo_gen/gconvfifo.rf/grf.rf/gntv_or_sync_fifo.gl0.wr/wpntr/wr_clk
    SLICE_X68Y192        FDCE                                         r  dbg_hub/inst/BSCANID.u_xsdbm_id/CORE_XSDB.UUT_MASTER/U_ICON_INTERFACE/U_CMD6_WR/U_WR_FIFO/SUBCORE_FIFO.xsdbm_v3_0_0_wrfifo_inst/inst_fifo_gen/gconvfifo.rf/grf.rf/gntv_or_sync_fifo.gl0.wr/wpntr/gic0.gc0.count_d1_reg[1]/C
                         clock pessimism             -0.447     2.026    
    SLICE_X68Y192        FDCE (Remov_fdce_C_CLR)     -0.067     1.959    dbg_hub/inst/BSCANID.u_xsdbm_id/CORE_XSDB.UUT_MASTER/U_ICON_INTERFACE/U_CMD6_WR/U_WR_FIFO/SUBCORE_FIFO.xsdbm_v3_0_0_wrfifo_inst/inst_fifo_gen/gconvfifo.rf/grf.rf/gntv_or_sync_fifo.gl0.wr/wpntr/gic0.gc0.count_d1_reg[1]
  -------------------------------------------------------------------
                         required time                         -1.959    
                         arrival time                           2.274    
  -------------------------------------------------------------------
                         slack                                  0.314    





---------------------------------------------------------------------------------------------------
Path Group:  **async_default**
From Clock:  clk_pll_i
  To Clock:  sys_clk

Setup :            0  Failing Endpoints,  Worst Slack        5.084ns,  Total Violation        0.000ns
Hold  :            0  Failing Endpoints,  Worst Slack        0.954ns,  Total Violation        0.000ns
---------------------------------------------------------------------------------------------------


Max Delay Paths
--------------------------------------------------------------------------------------
Slack (MET) :             5.084ns  (required time - arrival time)
  Source:                 ddr3.u_axi_wrap_ddr/ddr_aresetn_reg/C
                            (rising edge-triggered cell FDRE clocked by clk_pll_i  {rise@0.000ns fall@5.000ns period=10.000ns})
  Destination:            ddr3.u_axi_wrap_ddr/u_Axi_CDC/bFifo/bufferCC_12/buffers_0_reg/CLR
                            (recovery check against rising-edge clock sys_clk  {rise@0.000ns fall@5.000ns period=10.000ns})
  Path Group:             **async_default**
  Path Type:              Recovery (Max at Slow Process Corner)
  Requirement:            10.000ns  (sys_clk rise@10.000ns - clk_pll_i rise@0.000ns)
  Data Path Delay:        1.751ns  (logic 0.541ns (30.905%)  route 1.210ns (69.095%))
  Logic Levels:           1  (LUT1=1)
  Clock Path Skew:        -2.418ns (DCD - SCD + CPR)
    Destination Clock Delay (DCD):    5.435ns = ( 15.435 - 10.000 ) 
    Source Clock Delay      (SCD):    8.054ns
    Clock Pessimism Removal (CPR):    0.201ns
  Clock Uncertainty:      0.254ns  ((TSJ^2 + DJ^2)^1/2) / 2 + PE
    Total System Jitter     (TSJ):    0.071ns
    Discrete Jitter          (DJ):    0.210ns
    Phase Error              (PE):    0.144ns

    Location             Delay type                Incr(ns)  Path(ns)    Netlist Resource(s)
  -------------------------------------------------------------------    -------------------
                         (clock clk_pll_i rise edge)
                                                      0.000     0.000 r  
    AC19                                              0.000     0.000 r  clk (IN)
                         net (fo=0)                   0.000     0.000    clk
    AC19                 IBUF (Prop_ibuf_I_O)         1.416     1.416 r  clk_IBUF_inst/O
                         net (fo=1, routed)           2.602     4.018    clk_IBUF
    BUFGCTRL_X0Y0        BUFG (Prop_bufg_I_O)         0.081     4.099 r  clk_IBUF_BUFG_inst/O
                         net (fo=2027, routed)        1.696     5.795    ddr3.u_axi_wrap_ddr/mig_axi/u_mig_axi_32_mig/u_ddr3_infrastructure/mmcm_clk
    PLLE2_ADV_X0Y4       PLLE2_ADV (Prop_plle2_adv_CLKIN1_CLKOUT3)
                                                      0.077     5.872 r  ddr3.u_axi_wrap_ddr/mig_axi/u_mig_axi_32_mig/u_ddr3_infrastructure/plle2_i/CLKOUT3
                         net (fo=1, routed)           1.429     7.301    ddr3.u_axi_wrap_ddr/mig_axi/u_mig_axi_32_mig/u_ddr3_infrastructure/pll_clk3_out
    BUFHCE_X0Y48         BUFH (Prop_bufh_I_O)         0.106     7.407 r  ddr3.u_axi_wrap_ddr/mig_axi/u_mig_axi_32_mig/u_ddr3_infrastructure/u_bufh_pll_clk3/O
                         net (fo=1, routed)           0.841     8.248    ddr3.u_axi_wrap_ddr/mig_axi/u_mig_axi_32_mig/u_ddr3_infrastructure/pll_clk3
    MMCME2_ADV_X0Y4      MMCME2_ADV (Prop_mmcme2_adv_CLKIN1_CLKFBOUT)
                                                     -3.816     4.432 r  ddr3.u_axi_wrap_ddr/mig_axi/u_mig_axi_32_mig/u_ddr3_infrastructure/gen_mmcm.mmcm_i/CLKFBOUT
                         net (fo=1, routed)           2.061     6.493    ddr3.u_axi_wrap_ddr/mig_axi/u_mig_axi_32_mig/u_ddr3_infrastructure/clk_pll_i
    BUFGCTRL_X0Y16       BUFG (Prop_bufg_I_O)         0.081     6.574 r  ddr3.u_axi_wrap_ddr/mig_axi/u_mig_axi_32_mig/u_ddr3_infrastructure/u_bufg_clkdiv0/O
                         net (fo=7005, routed)        1.480     8.054    ddr3.u_axi_wrap_ddr/ui_clk
    SLICE_X18Y189        FDRE                                         r  ddr3.u_axi_wrap_ddr/ddr_aresetn_reg/C
  -------------------------------------------------------------------    -------------------
    SLICE_X18Y189        FDRE (Prop_fdre_C_Q)         0.433     8.487 r  ddr3.u_axi_wrap_ddr/ddr_aresetn_reg/Q
                         net (fo=3, routed)           0.213     8.700    ddr3.u_axi_wrap_ddr/u_Axi_CDC/rFifo/popToPushGray_buffercc/aresetn
    SLICE_X19Y189        LUT1 (Prop_lut1_I0_O)        0.108     8.808 f  ddr3.u_axi_wrap_ddr/u_Axi_CDC/rFifo/popToPushGray_buffercc/pushCC_pushPtr[2]_i_3__0/O
                         net (fo=30, routed)          0.997     9.805    ddr3.u_axi_wrap_ddr/u_Axi_CDC/bFifo/bufferCC_12/buffers_0_reg_0
    SLICE_X24Y200        FDCE                                         f  ddr3.u_axi_wrap_ddr/u_Axi_CDC/bFifo/bufferCC_12/buffers_0_reg/CLR
  -------------------------------------------------------------------    -------------------

                         (clock sys_clk rise edge)   10.000    10.000 r  
    AC19                                              0.000    10.000 r  clk (IN)
                         net (fo=0)                   0.000    10.000    clk
    AC19                 IBUF (Prop_ibuf_I_O)         1.350    11.350 r  clk_IBUF_inst/O
                         net (fo=1, routed)           2.471    13.821    clk_IBUF
    BUFGCTRL_X0Y0        BUFG (Prop_bufg_I_O)         0.077    13.898 r  clk_IBUF_BUFG_inst/O
                         net (fo=2027, routed)        1.706    15.604    fpga_pll.u_clk_pll/inst/clk_in1
    PLLE2_ADV_X1Y0       PLLE2_ADV (Prop_plle2_adv_CLKIN1_CLKOUT1)
                                                     -3.960    11.644 r  fpga_pll.u_clk_pll/inst/plle2_adv_inst/CLKOUT1
                         net (fo=1, routed)           2.177    13.821    fpga_pll.u_clk_pll/inst/sys_clk_clk_pll
    BUFGCTRL_X0Y3        BUFG (Prop_bufg_I_O)         0.077    13.898 r  fpga_pll.u_clk_pll/inst/clkout2_buf/O
                         net (fo=3586, routed)        1.537    15.435    ddr3.u_axi_wrap_ddr/u_Axi_CDC/bFifo/bufferCC_12/sys_clk
    SLICE_X24Y200        FDCE                                         r  ddr3.u_axi_wrap_ddr/u_Axi_CDC/bFifo/bufferCC_12/buffers_0_reg/C
                         clock pessimism              0.201    15.636    
                         clock uncertainty           -0.254    15.381    
    SLICE_X24Y200        FDCE (Recov_fdce_C_CLR)     -0.493    14.888    ddr3.u_axi_wrap_ddr/u_Axi_CDC/bFifo/bufferCC_12/buffers_0_reg
  -------------------------------------------------------------------
                         required time                         14.888    
                         arrival time                          -9.805    
  -------------------------------------------------------------------
                         slack                                  5.084    





Min Delay Paths
--------------------------------------------------------------------------------------
Slack (MET) :             0.954ns  (arrival time - required time)
  Source:                 ddr3.u_axi_wrap_ddr/ddr_aresetn_reg/C
                            (rising edge-triggered cell FDRE clocked by clk_pll_i  {rise@0.000ns fall@5.000ns period=10.000ns})
  Destination:            fpga_pll.u_rst_sys/delay_reg[0]/CLR
                            (removal check against rising-edge clock sys_clk  {rise@0.000ns fall@5.000ns period=10.000ns})
  Path Group:             **async_default**
  Path Type:              Removal (Min at Fast Process Corner)
  Requirement:            0.000ns  (sys_clk rise@0.000ns - clk_pll_i rise@0.000ns)
  Data Path Delay:        0.470ns  (logic 0.209ns (44.494%)  route 0.261ns (55.506%))
  Logic Levels:           1  (LUT2=1)
  Clock Path Skew:        -0.646ns (DCD - SCD - CPR)
    Destination Clock Delay (DCD):    2.523ns
    Source Clock Delay      (SCD):    2.892ns
    Clock Pessimism Removal (CPR):    0.277ns
  Clock Uncertainty:      0.254ns  ((TSJ^2 + DJ^2)^1/2) / 2 + PE
    Total System Jitter     (TSJ):    0.071ns
    Discrete Jitter          (DJ):    0.210ns
    Phase Error              (PE):    0.144ns

    Location             Delay type                Incr(ns)  Path(ns)    Netlist Resource(s)
  -------------------------------------------------------------------    -------------------
                         (clock clk_pll_i rise edge)
                                                      0.000     0.000 r  
    AC19                                              0.000     0.000 r  clk (IN)
                         net (fo=0)                   0.000     0.000    clk
    AC19                 IBUF (Prop_ibuf_I_O)         0.253     0.253 r  clk_IBUF_inst/O
                         net (fo=1, routed)           1.074     1.327    clk_IBUF
    BUFGCTRL_X0Y0        BUFG (Prop_bufg_I_O)         0.026     1.353 r  clk_IBUF_BUFG_inst/O
                         net (fo=2027, routed)        0.701     2.054    ddr3.u_axi_wrap_ddr/mig_axi/u_mig_axi_32_mig/u_ddr3_infrastructure/mmcm_clk
    PLLE2_ADV_X0Y4       PLLE2_ADV (Prop_plle2_adv_CLKIN1_CLKOUT3)
                                                      0.050     2.104 r  ddr3.u_axi_wrap_ddr/mig_axi/u_mig_axi_32_mig/u_ddr3_infrastructure/plle2_i/CLKOUT3
                         net (fo=1, routed)           0.518     2.622    ddr3.u_axi_wrap_ddr/mig_axi/u_mig_axi_32_mig/u_ddr3_infrastructure/pll_clk3_out
    BUFHCE_X0Y48         BUFH (Prop_bufh_I_O)         0.020     2.642 r  ddr3.u_axi_wrap_ddr/mig_axi/u_mig_axi_32_mig/u_ddr3_infrastructure/u_bufh_pll_clk3/O
                         net (fo=1, routed)           0.326     2.968    ddr3.u_axi_wrap_ddr/mig_axi/u_mig_axi_32_mig/u_ddr3_infrastructure/pll_clk3
    MMCME2_ADV_X0Y4      MMCME2_ADV (Prop_mmcme2_adv_CLKIN1_CLKFBOUT)
                                                     -1.511     1.457 r  ddr3.u_axi_wrap_ddr/mig_axi/u_mig_axi_32_mig/u_ddr3_infrastructure/gen_mmcm.mmcm_i/CLKFBOUT
                         net (fo=1, routed)           0.790     2.248    ddr3.u_axi_wrap_ddr/mig_axi/u_mig_axi_32_mig/u_ddr3_infrastructure/clk_pll_i
    BUFGCTRL_X0Y16       BUFG (Prop_bufg_I_O)         0.026     2.274 r  ddr3.u_axi_wrap_ddr/mig_axi/u_mig_axi_32_mig/u_ddr3_infrastructure/u_bufg_clkdiv0/O
                         net (fo=7005, routed)        0.619     2.892    ddr3.u_axi_wrap_ddr/ui_clk
    SLICE_X18Y189        FDRE                                         r  ddr3.u_axi_wrap_ddr/ddr_aresetn_reg/C
  -------------------------------------------------------------------    -------------------
    SLICE_X18Y189        FDRE (Prop_fdre_C_Q)         0.164     3.056 r  ddr3.u_axi_wrap_ddr/ddr_aresetn_reg/Q
                         net (fo=3, routed)           0.092     3.148    ddr3.u_axi_wrap_ddr/ddr_aresetn
    SLICE_X19Y189        LUT2 (Prop_lut2_I1_O)        0.045     3.193 f  ddr3.u_axi_wrap_ddr/delay[1]_i_1/O
                         net (fo=2, routed)           0.169     3.362    fpga_pll.u_rst_sys/delay_reg[0]_0
    SLICE_X19Y189        FDCE                                         f  fpga_pll.u_rst_sys/delay_reg[0]/CLR
  -------------------------------------------------------------------    -------------------

                         (clock sys_clk rise edge)    0.000     0.000 r  
    AC19                                              0.000     0.000 r  clk (IN)
                         net (fo=0)                   0.000     0.000    clk
    AC19                 IBUF (Prop_ibuf_I_O)         0.441     0.441 r  clk_IBUF_inst/O
                         net (fo=1, routed)           1.160     1.601    clk_IBUF
    BUFGCTRL_X0Y0        BUFG (Prop_bufg_I_O)         0.029     1.630 r  clk_IBUF_BUFG_inst/O
                         net (fo=2027, routed)        1.027     2.656    fpga_pll.u_clk_pll/inst/clk_in1
    PLLE2_ADV_X1Y0       PLLE2_ADV (Prop_plle2_adv_CLKIN1_CLKOUT1)
                                                     -2.061     0.596 r  fpga_pll.u_clk_pll/inst/plle2_adv_inst/CLKOUT1
                         net (fo=1, routed)           1.005     1.601    fpga_pll.u_clk_pll/inst/sys_clk_clk_pll
    BUFGCTRL_X0Y3        BUFG (Prop_bufg_I_O)         0.029     1.630 r  fpga_pll.u_clk_pll/inst/clkout2_buf/O
                         net (fo=3586, routed)        0.894     2.523    fpga_pll.u_rst_sys/sys_clk
    SLICE_X19Y189        FDCE                                         r  fpga_pll.u_rst_sys/delay_reg[0]/C
                         clock pessimism             -0.277     2.246    
                         clock uncertainty            0.254     2.501    
    SLICE_X19Y189        FDCE (Remov_fdce_C_CLR)     -0.092     2.409    fpga_pll.u_rst_sys/delay_reg[0]
  -------------------------------------------------------------------
                         required time                         -2.409    
                         arrival time                           3.362    
  -------------------------------------------------------------------
                         slack                                  0.954    





---------------------------------------------------------------------------------------------------
Path Group:  **async_default**
From Clock:  sys_clk
  To Clock:  sys_clk

Setup :            0  Failing Endpoints,  Worst Slack        3.311ns,  Total Violation        0.000ns
Hold  :            0  Failing Endpoints,  Worst Slack        0.774ns,  Total Violation        0.000ns
---------------------------------------------------------------------------------------------------


Max Delay Paths
--------------------------------------------------------------------------------------
Slack (MET) :             3.311ns  (required time - arrival time)
  Source:                 fpga_pll.u_rst_sys/delay_reg[1]/C
                            (rising edge-triggered cell FDCE clocked by sys_clk  {rise@0.000ns fall@5.000ns period=10.000ns})
  Destination:            ddr3.u_axi_wrap_ddr/genblk1[0].r_count_reg[0][0]/CLR
                            (recovery check against rising-edge clock sys_clk  {rise@0.000ns fall@5.000ns period=10.000ns})
  Path Group:             **async_default**
  Path Type:              Recovery (Max at Slow Process Corner)
  Requirement:            10.000ns  (sys_clk rise@10.000ns - sys_clk rise@0.000ns)
  Data Path Delay:        6.261ns  (logic 0.484ns (7.730%)  route 5.777ns (92.270%))
  Logic Levels:           1  (LUT1=1)
  Clock Path Skew:        -0.029ns (DCD - SCD + CPR)
    Destination Clock Delay (DCD):    5.345ns = ( 15.345 - 10.000 ) 
    Source Clock Delay      (SCD):    5.582ns
    Clock Pessimism Removal (CPR):    0.208ns
  Clock Uncertainty:      0.067ns  ((TSJ^2 + DJ^2)^1/2) / 2 + PE
    Total System Jitter     (TSJ):    0.071ns
    Discrete Jitter          (DJ):    0.114ns
    Phase Error              (PE):    0.000ns

    Location             Delay type                Incr(ns)  Path(ns)    Netlist Resource(s)
  -------------------------------------------------------------------    -------------------
                         (clock sys_clk rise edge)    0.000     0.000 r  
    AC19                                              0.000     0.000 r  clk (IN)
                         net (fo=0)                   0.000     0.000    clk
    AC19                 IBUF (Prop_ibuf_I_O)         1.416     1.416 r  clk_IBUF_inst/O
                         net (fo=1, routed)           2.602     4.018    clk_IBUF
    BUFGCTRL_X0Y0        BUFG (Prop_bufg_I_O)         0.081     4.099 r  clk_IBUF_BUFG_inst/O
                         net (fo=2027, routed)        1.823     5.922    fpga_pll.u_clk_pll/inst/clk_in1
    PLLE2_ADV_X1Y0       PLLE2_ADV (Prop_plle2_adv_CLKIN1_CLKOUT1)
                                                     -4.192     1.730 r  fpga_pll.u_clk_pll/inst/plle2_adv_inst/CLKOUT1
                         net (fo=1, routed)           2.288     4.018    fpga_pll.u_clk_pll/inst/sys_clk_clk_pll
    BUFGCTRL_X0Y3        BUFG (Prop_bufg_I_O)         0.081     4.099 r  fpga_pll.u_clk_pll/inst/clkout2_buf/O
                         net (fo=3586, routed)        1.483     5.582    fpga_pll.u_rst_sys/sys_clk
    SLICE_X19Y189        FDCE                                         r  fpga_pll.u_rst_sys/delay_reg[1]/C
  -------------------------------------------------------------------    -------------------
    SLICE_X19Y189        FDCE (Prop_fdce_C_Q)         0.379     5.961 r  fpga_pll.u_rst_sys/delay_reg[1]/Q
                         net (fo=37, routed)          0.986     6.947    fpga_pll.u_rst_sys/Q[0]
    SLICE_X19Y189        LUT1 (Prop_lut1_I0_O)        0.105     7.052 f  fpga_pll.u_rst_sys/pushCC_pushPtr[2]_i_3__1/O
                         net (fo=718, routed)         4.792    11.844    ddr3.u_axi_wrap_ddr/prst
    SLICE_X47Y215        FDCE                                         f  ddr3.u_axi_wrap_ddr/genblk1[0].r_count_reg[0][0]/CLR
  -------------------------------------------------------------------    -------------------

                         (clock sys_clk rise edge)   10.000    10.000 r  
    AC19                                              0.000    10.000 r  clk (IN)
                         net (fo=0)                   0.000    10.000    clk
    AC19                 IBUF (Prop_ibuf_I_O)         1.350    11.350 r  clk_IBUF_inst/O
                         net (fo=1, routed)           2.471    13.821    clk_IBUF
    BUFGCTRL_X0Y0        BUFG (Prop_bufg_I_O)         0.077    13.898 r  clk_IBUF_BUFG_inst/O
                         net (fo=2027, routed)        1.706    15.604    fpga_pll.u_clk_pll/inst/clk_in1
    PLLE2_ADV_X1Y0       PLLE2_ADV (Prop_plle2_adv_CLKIN1_CLKOUT1)
                                                     -3.960    11.644 r  fpga_pll.u_clk_pll/inst/plle2_adv_inst/CLKOUT1
                         net (fo=1, routed)           2.177    13.821    fpga_pll.u_clk_pll/inst/sys_clk_clk_pll
    BUFGCTRL_X0Y3        BUFG (Prop_bufg_I_O)         0.077    13.898 r  fpga_pll.u_clk_pll/inst/clkout2_buf/O
                         net (fo=3586, routed)        1.447    15.345    ddr3.u_axi_wrap_ddr/sys_clk
    SLICE_X47Y215        FDCE                                         r  ddr3.u_axi_wrap_ddr/genblk1[0].r_count_reg[0][0]/C
                         clock pessimism              0.208    15.553    
                         clock uncertainty           -0.067    15.486    
    SLICE_X47Y215        FDCE (Recov_fdce_C_CLR)     -0.331    15.155    ddr3.u_axi_wrap_ddr/genblk1[0].r_count_reg[0][0]
  -------------------------------------------------------------------
                         required time                         15.155    
                         arrival time                         -11.844    
  -------------------------------------------------------------------
                         slack                                  3.311    





Min Delay Paths
--------------------------------------------------------------------------------------
Slack (MET) :             0.774ns  (arrival time - required time)
  Source:                 ddr3.u_axi_wrap_ddr/u_Axi_CDC/bFifo/bufferCC_12/buffers_1_reg/C
                            (rising edge-triggered cell FDCE clocked by sys_clk  {rise@0.000ns fall@5.000ns period=10.000ns})
  Destination:            ddr3.u_axi_wrap_ddr/u_Axi_CDC/rFifo/popCC_popPtr_reg[0]/CLR
                            (removal check against rising-edge clock sys_clk  {rise@0.000ns fall@5.000ns period=10.000ns})
  Path Group:             **async_default**
  Path Type:              Removal (Min at Fast Process Corner)
  Requirement:            0.000ns  (sys_clk rise@0.000ns - sys_clk rise@0.000ns)
  Data Path Delay:        0.888ns  (logic 0.227ns (25.576%)  route 0.661ns (74.424%))
  Logic Levels:           1  (LUT1=1)
  Clock Path Skew:        0.180ns (DCD - SCD - CPR)
    Destination Clock Delay (DCD):    2.523ns
    Source Clock Delay      (SCD):    2.061ns
    Clock Pessimism Removal (CPR):    0.282ns

    Location             Delay type                Incr(ns)  Path(ns)    Netlist Resource(s)
  -------------------------------------------------------------------    -------------------
                         (clock sys_clk rise edge)    0.000     0.000 r  
    AC19                                              0.000     0.000 r  clk (IN)
                         net (fo=0)                   0.000     0.000    clk
    AC19                 IBUF (Prop_ibuf_I_O)         0.253     0.253 r  clk_IBUF_inst/O
                         net (fo=1, routed)           1.074     1.327    clk_IBUF
    BUFGCTRL_X0Y0        BUFG (Prop_bufg_I_O)         0.026     1.353 r  clk_IBUF_BUFG_inst/O
                         net (fo=2027, routed)        0.750     2.103    fpga_pll.u_clk_pll/inst/clk_in1
    PLLE2_ADV_X1Y0       PLLE2_ADV (Prop_plle2_adv_CLKIN1_CLKOUT1)
                                                     -1.703     0.400 r  fpga_pll.u_clk_pll/inst/plle2_adv_inst/CLKOUT1
                         net (fo=1, routed)           0.927     1.327    fpga_pll.u_clk_pll/inst/sys_clk_clk_pll
    BUFGCTRL_X0Y3        BUFG (Prop_bufg_I_O)         0.026     1.353 r  fpga_pll.u_clk_pll/inst/clkout2_buf/O
                         net (fo=3586, routed)        0.708     2.061    ddr3.u_axi_wrap_ddr/u_Axi_CDC/bFifo/bufferCC_12/sys_clk
    SLICE_X24Y200        FDCE                                         r  ddr3.u_axi_wrap_ddr/u_Axi_CDC/bFifo/bufferCC_12/buffers_1_reg/C
  -------------------------------------------------------------------    -------------------
    SLICE_X24Y200        FDCE (Prop_fdce_C_Q)         0.128     2.189 r  ddr3.u_axi_wrap_ddr/u_Axi_CDC/bFifo/bufferCC_12/buffers_1_reg/Q
                         net (fo=1, routed)           0.279     2.468    ddr3.u_axi_wrap_ddr/u_Axi_CDC/bFifo/bufferCC_12/buffers_1
    SLICE_X24Y200        LUT1 (Prop_lut1_I0_O)        0.099     2.567 f  ddr3.u_axi_wrap_ddr/u_Axi_CDC/bFifo/bufferCC_12/popCC_popPtr[2]_i_2__1/O
                         net (fo=30, routed)          0.382     2.948    ddr3.u_axi_wrap_ddr/u_Axi_CDC/rFifo/buffers_0_reg[3]
    SLICE_X20Y196        FDCE                                         f  ddr3.u_axi_wrap_ddr/u_Axi_CDC/rFifo/popCC_popPtr_reg[0]/CLR
  -------------------------------------------------------------------    -------------------

                         (clock sys_clk rise edge)    0.000     0.000 r  
    AC19                                              0.000     0.000 r  clk (IN)
                         net (fo=0)                   0.000     0.000    clk
    AC19                 IBUF (Prop_ibuf_I_O)         0.441     0.441 r  clk_IBUF_inst/O
                         net (fo=1, routed)           1.160     1.601    clk_IBUF
    BUFGCTRL_X0Y0        BUFG (Prop_bufg_I_O)         0.029     1.630 r  clk_IBUF_BUFG_inst/O
                         net (fo=2027, routed)        1.027     2.656    fpga_pll.u_clk_pll/inst/clk_in1
    PLLE2_ADV_X1Y0       PLLE2_ADV (Prop_plle2_adv_CLKIN1_CLKOUT1)
                                                     -2.061     0.596 r  fpga_pll.u_clk_pll/inst/plle2_adv_inst/CLKOUT1
                         net (fo=1, routed)           1.005     1.601    fpga_pll.u_clk_pll/inst/sys_clk_clk_pll
    BUFGCTRL_X0Y3        BUFG (Prop_bufg_I_O)         0.029     1.630 r  fpga_pll.u_clk_pll/inst/clkout2_buf/O
                         net (fo=3586, routed)        0.893     2.523    ddr3.u_axi_wrap_ddr/u_Axi_CDC/rFifo/sys_clk
    SLICE_X20Y196        FDCE                                         r  ddr3.u_axi_wrap_ddr/u_Axi_CDC/rFifo/popCC_popPtr_reg[0]/C
                         clock pessimism             -0.282     2.241    
    SLICE_X20Y196        FDCE (Remov_fdce_C_CLR)     -0.067     2.174    ddr3.u_axi_wrap_ddr/u_Axi_CDC/rFifo/popCC_popPtr_reg[0]
  -------------------------------------------------------------------
                         required time                         -2.174    
                         arrival time                           2.948    
  -------------------------------------------------------------------
                         slack                                  0.774    





---------------------------------------------------------------------------------------------------
Path Group:  **default**
From Clock:  clk_pll_i
  To Clock:  

Setup :            0  Failing Endpoints,  Worst Slack        2.207ns,  Total Violation        0.000ns
Hold  :           NA  Failing Endpoints,  Worst Slack           NA  ,  Total Violation           NA
---------------------------------------------------------------------------------------------------


Max Delay Paths
--------------------------------------------------------------------------------------
Slack (MET) :             2.207ns  (required time - arrival time)
  Source:                 ddr3.u_axi_wrap_ddr/mig_axi/u_mig_axi_32_mig/u_ddr3_infrastructure/rstdiv0_sync_r1_reg_rep/C
                            (rising edge-triggered cell FDPE clocked by clk_pll_i  {rise@0.000ns fall@5.000ns period=10.000ns})
  Destination:            ddr3.u_axi_wrap_ddr/mig_axi/u_mig_axi_32_mig/u_memc_ui_top_axi/mem_intfc0/ddr_phy_top0/u_ddr_mc_phy_wrapper/u_ddr_mc_phy/ddr_phy_4lanes_0.u_ddr_phy_4lanes/phy_control_i/RESET
  Path Group:             **default**
  Path Type:              Max at Slow Process Corner
  Requirement:            5.000ns  (MaxDelay Path 5.000ns)
  Data Path Delay:        2.793ns  (logic 0.379ns (13.571%)  route 2.414ns (86.429%))
  Logic Levels:           0  
  Output Delay:           0.000ns
  Timing Exception:       MaxDelay Path 5.000ns -datapath_only

    Location             Delay type                Incr(ns)  Path(ns)    Netlist Resource(s)
  -------------------------------------------------------------------    -------------------
    SLICE_X23Y245                                     0.000     0.000 r  ddr3.u_axi_wrap_ddr/mig_axi/u_mig_axi_32_mig/u_ddr3_infrastructure/rstdiv0_sync_r1_reg_rep/C
    SLICE_X23Y245        FDPE (Prop_fdpe_C_Q)         0.379     0.379 r  ddr3.u_axi_wrap_ddr/mig_axi/u_mig_axi_32_mig/u_ddr3_infrastructure/rstdiv0_sync_r1_reg_rep/Q
                         net (fo=32, routed)          2.414     2.793    ddr3.u_axi_wrap_ddr/mig_axi/u_mig_axi_32_mig/u_memc_ui_top_axi/mem_intfc0/ddr_phy_top0/u_ddr_mc_phy_wrapper/u_ddr_mc_phy/ddr_phy_4lanes_0.u_ddr_phy_4lanes/in0
    PHY_CONTROL_X0Y4     PHY_CONTROL                                  r  ddr3.u_axi_wrap_ddr/mig_axi/u_mig_axi_32_mig/u_memc_ui_top_axi/mem_intfc0/ddr_phy_top0/u_ddr_mc_phy_wrapper/u_ddr_mc_phy/ddr_phy_4lanes_0.u_ddr_phy_4lanes/phy_control_i/RESET
  -------------------------------------------------------------------    -------------------

                         max delay                    5.000     5.000    
    PHY_CONTROL_X0Y4     PHY_CONTROL                  0.000     5.000    ddr3.u_axi_wrap_ddr/mig_axi/u_mig_axi_32_mig/u_memc_ui_top_axi/mem_intfc0/ddr_phy_top0/u_ddr_mc_phy_wrapper/u_ddr_mc_phy/ddr_phy_4lanes_0.u_ddr_phy_4lanes/phy_control_i
                         output delay                -0.000     5.000    
  -------------------------------------------------------------------
                         required time                          5.000    
                         arrival time                          -2.793    
  -------------------------------------------------------------------
                         slack                                  2.207    





--------------------------------------------------------------------------------------
Path Group:  (none)
From Clock:  clk_pll_i
  To Clock:  

Max Delay             0 Endpoints
Min Delay             1 Endpoint
--------------------------------------------------------------------------------------


Min Delay Paths
--------------------------------------------------------------------------------------
Slack:                    inf
  Source:                 ddr3.u_axi_wrap_ddr/mig_axi/u_mig_axi_32_mig/u_ddr3_infrastructure/rstdiv0_sync_r1_reg_rep/C
                            (rising edge-triggered cell FDPE clocked by clk_pll_i  {rise@0.000ns fall@5.000ns period=10.000ns})
  Destination:            ddr3.u_axi_wrap_ddr/mig_axi/u_mig_axi_32_mig/u_memc_ui_top_axi/mem_intfc0/ddr_phy_top0/u_ddr_mc_phy_wrapper/u_ddr_mc_phy/ddr_phy_4lanes_0.u_ddr_phy_4lanes/phy_control_i/RESET
  Path Group:             (none)
  Path Type:              Min at Fast Process Corner
  Data Path Delay:        1.464ns  (logic 0.141ns (9.633%)  route 1.323ns (90.367%))
  Logic Levels:           0  
  Clock Uncertainty:      0.168ns  ((TSJ^2 + DJ^2)^1/2) / 2 + PE
    Total System Jitter     (TSJ):    0.050ns
    Discrete Jitter          (DJ):    0.096ns
    Phase Error              (PE):    0.114ns
  Timing Exception:       False Path

    Location             Delay type                Incr(ns)  Path(ns)    Netlist Resource(s)
  -------------------------------------------------------------------    -------------------
                         (clock clk_pll_i rise edge)
                                                      0.000     0.000 r  
    AC19                                              0.000     0.000 r  clk (IN)
                         net (fo=0)                   0.000     0.000    clk
    AC19                 IBUF (Prop_ibuf_I_O)         0.253     0.253 r  clk_IBUF_inst/O
                         net (fo=1, routed)           1.074     1.327    clk_IBUF
    BUFGCTRL_X0Y0        BUFG (Prop_bufg_I_O)         0.026     1.353 r  clk_IBUF_BUFG_inst/O
                         net (fo=2027, routed)        0.701     2.054    ddr3.u_axi_wrap_ddr/mig_axi/u_mig_axi_32_mig/u_ddr3_infrastructure/mmcm_clk
    PLLE2_ADV_X0Y4       PLLE2_ADV (Prop_plle2_adv_CLKIN1_CLKOUT3)
                                                      0.050     2.104 r  ddr3.u_axi_wrap_ddr/mig_axi/u_mig_axi_32_mig/u_ddr3_infrastructure/plle2_i/CLKOUT3
                         net (fo=1, routed)           0.518     2.622    ddr3.u_axi_wrap_ddr/mig_axi/u_mig_axi_32_mig/u_ddr3_infrastructure/pll_clk3_out
    BUFHCE_X0Y48         BUFH (Prop_bufh_I_O)         0.020     2.642 r  ddr3.u_axi_wrap_ddr/mig_axi/u_mig_axi_32_mig/u_ddr3_infrastructure/u_bufh_pll_clk3/O
                         net (fo=1, routed)           0.326     2.968    ddr3.u_axi_wrap_ddr/mig_axi/u_mig_axi_32_mig/u_ddr3_infrastructure/pll_clk3
    MMCME2_ADV_X0Y4      MMCME2_ADV (Prop_mmcme2_adv_CLKIN1_CLKFBOUT)
                                                     -1.511     1.457 r  ddr3.u_axi_wrap_ddr/mig_axi/u_mig_axi_32_mig/u_ddr3_infrastructure/gen_mmcm.mmcm_i/CLKFBOUT
                         net (fo=1, routed)           0.790     2.248    ddr3.u_axi_wrap_ddr/mig_axi/u_mig_axi_32_mig/u_ddr3_infrastructure/clk_pll_i
    BUFGCTRL_X0Y16       BUFG (Prop_bufg_I_O)         0.026     2.274 r  ddr3.u_axi_wrap_ddr/mig_axi/u_mig_axi_32_mig/u_ddr3_infrastructure/u_bufg_clkdiv0/O
                         net (fo=7005, routed)        0.708     2.982    ddr3.u_axi_wrap_ddr/mig_axi/u_mig_axi_32_mig/u_ddr3_infrastructure/CLK
    SLICE_X23Y245        FDPE                                         r  ddr3.u_axi_wrap_ddr/mig_axi/u_mig_axi_32_mig/u_ddr3_infrastructure/rstdiv0_sync_r1_reg_rep/C
  -------------------------------------------------------------------    -------------------
    SLICE_X23Y245        FDPE (Prop_fdpe_C_Q)         0.141     3.123 r  ddr3.u_axi_wrap_ddr/mig_axi/u_mig_axi_32_mig/u_ddr3_infrastructure/rstdiv0_sync_r1_reg_rep/Q
                         net (fo=32, routed)          1.323     4.446    ddr3.u_axi_wrap_ddr/mig_axi/u_mig_axi_32_mig/u_memc_ui_top_axi/mem_intfc0/ddr_phy_top0/u_ddr_mc_phy_wrapper/u_ddr_mc_phy/ddr_phy_4lanes_0.u_ddr_phy_4lanes/in0
    PHY_CONTROL_X0Y4     PHY_CONTROL                                  r  ddr3.u_axi_wrap_ddr/mig_axi/u_mig_axi_32_mig/u_memc_ui_top_axi/mem_intfc0/ddr_phy_top0/u_ddr_mc_phy_wrapper/u_ddr_mc_phy/ddr_phy_4lanes_0.u_ddr_phy_4lanes/phy_control_i/RESET
  -------------------------------------------------------------------    -------------------





--------------------------------------------------------------------------------------
Path Group:  (none)
From Clock:  clk
  To Clock:  clk

Max Delay           152 Endpoints
Min Delay           152 Endpoints
--------------------------------------------------------------------------------------


Max Delay Paths
--------------------------------------------------------------------------------------
Slack:                    inf
  Source:                 vio/inst/DECODER_INST/Hold_probe_in_reg/C
                            (rising edge-triggered cell FDRE clocked by clk  {rise@0.000ns fall@5.000ns period=10.000ns})
  Destination:            vio/inst/PROBE_IN_INST/probe_in_reg_reg[12]/CE
                            (rising edge-triggered cell FDRE clocked by clk  {rise@0.000ns fall@5.000ns period=10.000ns})
  Path Group:             (none)
  Path Type:              Setup (Max at Slow Process Corner)
  Data Path Delay:        2.507ns  (logic 0.538ns (21.460%)  route 1.969ns (78.540%))
  Logic Levels:           1  (LUT1=1)
  Clock Path Skew:        -0.145ns (DCD - SCD + CPR)
    Destination Clock Delay (DCD):    5.351ns
    Source Clock Delay      (SCD):    5.495ns
    Clock Pessimism Removal (CPR):    0.000ns
  Clock Uncertainty:      0.035ns  ((TSJ^2 + TIJ^2)^1/2 + DJ) / 2 + PE
    Total System Jitter     (TSJ):    0.071ns
    Total Input Jitter      (TIJ):    0.000ns
    Discrete Jitter          (DJ):    0.000ns
    Phase Error              (PE):    0.000ns
  Timing Exception:       False Path

    Location             Delay type                Incr(ns)  Path(ns)    Netlist Resource(s)
  -------------------------------------------------------------------    -------------------
                         (clock clk rise edge)        0.000     0.000 r  
    AC19                                              0.000     0.000 r  clk (IN)
                         net (fo=0)                   0.000     0.000    clk
    AC19                 IBUF (Prop_ibuf_I_O)         1.416     1.416 r  clk_IBUF_inst/O
                         net (fo=1, routed)           2.602     4.018    clk_IBUF
    BUFGCTRL_X0Y0        BUFG (Prop_bufg_I_O)         0.081     4.099 r  clk_IBUF_BUFG_inst/O
                         net (fo=2027, routed)        1.396     5.495    vio/inst/DECODER_INST/out
    SLICE_X56Y193        FDRE                                         r  vio/inst/DECODER_INST/Hold_probe_in_reg/C
  -------------------------------------------------------------------    -------------------
    SLICE_X56Y193        FDRE (Prop_fdre_C_Q)         0.433     5.928 f  vio/inst/DECODER_INST/Hold_probe_in_reg/Q
                         net (fo=1, routed)           0.415     6.344    vio/inst/DECODER_INST/Hold_probe_in
    SLICE_X56Y193        LUT1 (Prop_lut1_I0_O)        0.105     6.449 r  vio/inst/DECODER_INST/probe_in_reg[54]_i_1/O
                         net (fo=55, routed)          1.553     8.002    vio/inst/PROBE_IN_INST/E[0]
    SLICE_X49Y200        FDRE                                         r  vio/inst/PROBE_IN_INST/probe_in_reg_reg[12]/CE
  -------------------------------------------------------------------    -------------------

                         (clock clk rise edge)        0.000     0.000 r  
    AC19                                              0.000     0.000 r  clk (IN)
                         net (fo=0)                   0.000     0.000    clk
    AC19                 IBUF (Prop_ibuf_I_O)         1.350     1.350 r  clk_IBUF_inst/O
                         net (fo=1, routed)           2.471     3.821    clk_IBUF
    BUFGCTRL_X0Y0        BUFG (Prop_bufg_I_O)         0.077     3.898 r  clk_IBUF_BUFG_inst/O
                         net (fo=2027, routed)        1.453     5.351    vio/inst/PROBE_IN_INST/clk
    SLICE_X49Y200        FDRE                                         r  vio/inst/PROBE_IN_INST/probe_in_reg_reg[12]/C





Min Delay Paths
--------------------------------------------------------------------------------------
Slack:                    inf
  Source:                 vio/inst/PROBE_OUT_ALL_INST/G_PROBE_OUT[1].PROBE_OUT0_INST/data_int_reg[7]/C
                            (rising edge-triggered cell FDRE clocked by clk  {rise@0.000ns fall@5.000ns period=10.000ns})
  Destination:            vio/inst/PROBE_OUT_ALL_INST/Probe_out_reg_int_reg[7]/D
                            (rising edge-triggered cell FDRE clocked by clk  {rise@0.000ns fall@5.000ns period=10.000ns})
  Path Group:             (none)
  Path Type:              Hold (Min at Fast Process Corner)
  Data Path Delay:        0.198ns  (logic 0.128ns (64.498%)  route 0.070ns (35.502%))
  Logic Levels:           0  
  Clock Path Skew:        0.548ns (DCD - SCD - CPR)
    Destination Clock Delay (DCD):    2.482ns
    Source Clock Delay      (SCD):    1.934ns
    Clock Pessimism Removal (CPR):    -0.000ns
  Clock Uncertainty:      0.035ns  ((TSJ^2 + TIJ^2)^1/2 + DJ) / 2 + PE
    Total System Jitter     (TSJ):    0.071ns
    Total Input Jitter      (TIJ):    0.000ns
    Discrete Jitter          (DJ):    0.000ns
    Phase Error              (PE):    0.000ns
  Timing Exception:       False Path

    Location             Delay type                Incr(ns)  Path(ns)    Netlist Resource(s)
  -------------------------------------------------------------------    -------------------
                         (clock clk rise edge)        0.000     0.000 r  
    AC19                                              0.000     0.000 r  clk (IN)
                         net (fo=0)                   0.000     0.000    clk
    AC19                 IBUF (Prop_ibuf_I_O)         0.253     0.253 r  clk_IBUF_inst/O
                         net (fo=1, routed)           1.074     1.327    clk_IBUF
    BUFGCTRL_X0Y0        BUFG (Prop_bufg_I_O)         0.026     1.353 r  clk_IBUF_BUFG_inst/O
                         net (fo=2027, routed)        0.582     1.934    vio/inst/PROBE_OUT_ALL_INST/G_PROBE_OUT[1].PROBE_OUT0_INST/out
    SLICE_X55Y191        FDRE                                         r  vio/inst/PROBE_OUT_ALL_INST/G_PROBE_OUT[1].PROBE_OUT0_INST/data_int_reg[7]/C
  -------------------------------------------------------------------    -------------------
    SLICE_X55Y191        FDRE (Prop_fdre_C_Q)         0.128     2.062 r  vio/inst/PROBE_OUT_ALL_INST/G_PROBE_OUT[1].PROBE_OUT0_INST/data_int_reg[7]/Q
                         net (fo=2, routed)           0.070     2.133    vio/inst/PROBE_OUT_ALL_INST/G_PROBE_OUT[1].PROBE_OUT0_INST_n_8
    SLICE_X54Y191        FDRE                                         r  vio/inst/PROBE_OUT_ALL_INST/Probe_out_reg_int_reg[7]/D
  -------------------------------------------------------------------    -------------------

                         (clock clk rise edge)        0.000     0.000 r  
    AC19                                              0.000     0.000 r  clk (IN)
                         net (fo=0)                   0.000     0.000    clk
    AC19                 IBUF (Prop_ibuf_I_O)         0.441     0.441 r  clk_IBUF_inst/O
                         net (fo=1, routed)           1.160     1.601    clk_IBUF
    BUFGCTRL_X0Y0        BUFG (Prop_bufg_I_O)         0.029     1.630 r  clk_IBUF_BUFG_inst/O
                         net (fo=2027, routed)        0.852     2.482    vio/inst/PROBE_OUT_ALL_INST/out
    SLICE_X54Y191        FDRE                                         r  vio/inst/PROBE_OUT_ALL_INST/Probe_out_reg_int_reg[7]/C





--------------------------------------------------------------------------------------
Path Group:  (none)
From Clock:  dbg_hub/inst/BSCANID.u_xsdbm_id/SWITCH_N_EXT_BSCAN.bscan_inst/SERIES7_BSCAN.bscan_inst/TCK
  To Clock:  clk

Max Delay            79 Endpoints
Min Delay            87 Endpoints
--------------------------------------------------------------------------------------


Max Delay Paths
--------------------------------------------------------------------------------------
Slack:                    inf
  Source:                 dbg_hub/inst/BSCANID.u_xsdbm_id/CORE_XSDB.UUT_MASTER/U_ICON_INTERFACE/wrdata_rst_reg/C
                            (rising edge-triggered cell FDRE clocked by dbg_hub/inst/BSCANID.u_xsdbm_id/SWITCH_N_EXT_BSCAN.bscan_inst/SERIES7_BSCAN.bscan_inst/TCK  {rise@0.000ns fall@16.500ns period=33.000ns})
  Destination:            dbg_hub/inst/BSCANID.u_xsdbm_id/CORE_XSDB.UUT_MASTER/U_ICON_INTERFACE/U_CMD6_WR/U_WR_FIFO/SUBCORE_FIFO.xsdbm_v3_0_0_wrfifo_inst/inst_fifo_gen/gconvfifo.rf/grf.rf/rstblk/ngwrdrst.grst.g7serrst.rst_rd_reg1_reg/PRE
                            (recovery check against rising-edge clock clk  {rise@0.000ns fall@5.000ns period=10.000ns})
  Path Group:             (none)
  Path Type:              Recovery (Max at Slow Process Corner)
  Data Path Delay:        1.671ns  (logic 0.379ns (22.681%)  route 1.292ns (77.319%))
  Logic Levels:           0  
  Clock Path Skew:        0.851ns (DCD - SCD + CPR)
    Destination Clock Delay (DCD):    5.176ns
    Source Clock Delay      (SCD):    4.325ns
    Clock Pessimism Removal (CPR):    0.000ns
  Clock Uncertainty:      0.035ns  ((TSJ^2 + TIJ^2)^1/2 + DJ) / 2 + PE
    Total System Jitter     (TSJ):    0.071ns
    Total Input Jitter      (TIJ):    0.000ns
    Discrete Jitter          (DJ):    0.000ns
    Phase Error              (PE):    0.000ns
  Timing Exception:       False Path

    Location             Delay type                Incr(ns)  Path(ns)    Netlist Resource(s)
  -------------------------------------------------------------------    -------------------
                         (clock dbg_hub/inst/BSCANID.u_xsdbm_id/SWITCH_N_EXT_BSCAN.bscan_inst/SERIES7_BSCAN.bscan_inst/TCK rise edge)
                                                      0.000     0.000 r  
    BSCAN_X0Y0           BSCANE2                      0.000     0.000 r  dbg_hub/inst/BSCANID.u_xsdbm_id/SWITCH_N_EXT_BSCAN.bscan_inst/SERIES7_BSCAN.bscan_inst/TCK
                         net (fo=1, routed)           2.673     2.673    dbg_hub/inst/BSCANID.u_xsdbm_id/tck_bs
    BUFGCTRL_X0Y4        BUFG (Prop_bufg_I_O)         0.081     2.754 r  dbg_hub/inst/BSCANID.u_xsdbm_id/SWITCH_N_EXT_BSCAN.u_bufg_icon_tck/O
                         net (fo=486, routed)         1.571     4.325    dbg_hub/inst/BSCANID.u_xsdbm_id/CORE_XSDB.UUT_MASTER/U_ICON_INTERFACE/m_bscan_tck[0]
    SLICE_X51Y202        FDRE                                         r  dbg_hub/inst/BSCANID.u_xsdbm_id/CORE_XSDB.UUT_MASTER/U_ICON_INTERFACE/wrdata_rst_reg/C
  -------------------------------------------------------------------    -------------------
    SLICE_X51Y202        FDRE (Prop_fdre_C_Q)         0.379     4.704 f  dbg_hub/inst/BSCANID.u_xsdbm_id/CORE_XSDB.UUT_MASTER/U_ICON_INTERFACE/wrdata_rst_reg/Q
                         net (fo=20, routed)          1.292     5.996    dbg_hub/inst/BSCANID.u_xsdbm_id/CORE_XSDB.UUT_MASTER/U_ICON_INTERFACE/U_CMD6_WR/U_WR_FIFO/SUBCORE_FIFO.xsdbm_v3_0_0_wrfifo_inst/inst_fifo_gen/gconvfifo.rf/grf.rf/rstblk/rst
    SLICE_X66Y198        FDPE                                         f  dbg_hub/inst/BSCANID.u_xsdbm_id/CORE_XSDB.UUT_MASTER/U_ICON_INTERFACE/U_CMD6_WR/U_WR_FIFO/SUBCORE_FIFO.xsdbm_v3_0_0_wrfifo_inst/inst_fifo_gen/gconvfifo.rf/grf.rf/rstblk/ngwrdrst.grst.g7serrst.rst_rd_reg1_reg/PRE
  -------------------------------------------------------------------    -------------------

                         (clock clk rise edge)        0.000     0.000 r  
    AC19                                              0.000     0.000 r  clk (IN)
                         net (fo=0)                   0.000     0.000    clk
    AC19                 IBUF (Prop_ibuf_I_O)         1.350     1.350 r  clk_IBUF_inst/O
                         net (fo=1, routed)           2.471     3.821    clk_IBUF
    BUFGCTRL_X0Y0        BUFG (Prop_bufg_I_O)         0.077     3.898 r  clk_IBUF_BUFG_inst/O
                         net (fo=2027, routed)        1.278     5.176    dbg_hub/inst/BSCANID.u_xsdbm_id/CORE_XSDB.UUT_MASTER/U_ICON_INTERFACE/U_CMD6_WR/U_WR_FIFO/SUBCORE_FIFO.xsdbm_v3_0_0_wrfifo_inst/inst_fifo_gen/gconvfifo.rf/grf.rf/rstblk/rd_clk
    SLICE_X66Y198        FDPE                                         r  dbg_hub/inst/BSCANID.u_xsdbm_id/CORE_XSDB.UUT_MASTER/U_ICON_INTERFACE/U_CMD6_WR/U_WR_FIFO/SUBCORE_FIFO.xsdbm_v3_0_0_wrfifo_inst/inst_fifo_gen/gconvfifo.rf/grf.rf/rstblk/ngwrdrst.grst.g7serrst.rst_rd_reg1_reg/C





Min Delay Paths
--------------------------------------------------------------------------------------
Slack:                    inf
  Source:                 dbg_hub/inst/BSCANID.u_xsdbm_id/CORE_XSDB.UUT_MASTER/U_ICON_INTERFACE/U_CMD6_WR/U_WR_FIFO/SUBCORE_FIFO.xsdbm_v3_0_0_wrfifo_inst/inst_fifo_gen/gconvfifo.rf/grf.rf/gntv_or_sync_fifo.gcx.clkx/gnxpm_cdc.wr_pntr_gc_reg[0]/C
                            (rising edge-triggered cell FDCE clocked by dbg_hub/inst/BSCANID.u_xsdbm_id/SWITCH_N_EXT_BSCAN.bscan_inst/SERIES7_BSCAN.bscan_inst/TCK  {rise@0.000ns fall@16.500ns period=33.000ns})
  Destination:            dbg_hub/inst/BSCANID.u_xsdbm_id/CORE_XSDB.UUT_MASTER/U_ICON_INTERFACE/U_CMD6_WR/U_WR_FIFO/SUBCORE_FIFO.xsdbm_v3_0_0_wrfifo_inst/inst_fifo_gen/gconvfifo.rf/grf.rf/gntv_or_sync_fifo.gcx.clkx/gnxpm_cdc.gsync_stage[1].rd_stg_inst/Q_reg_reg[0]/D
                            (rising edge-triggered cell FDCE clocked by clk  {rise@0.000ns fall@5.000ns period=10.000ns})
  Path Group:             (none)
  Path Type:              Hold (Min at Fast Process Corner)
  Data Path Delay:        0.251ns  (logic 0.141ns (56.205%)  route 0.110ns (43.795%))
  Logic Levels:           0  
  Clock Path Skew:        0.465ns (DCD - SCD - CPR)
    Destination Clock Delay (DCD):    2.476ns
    Source Clock Delay      (SCD):    2.011ns
    Clock Pessimism Removal (CPR):    -0.000ns
  Clock Uncertainty:      0.035ns  ((TSJ^2 + TIJ^2)^1/2 + DJ) / 2 + PE
    Total System Jitter     (TSJ):    0.071ns
    Total Input Jitter      (TIJ):    0.000ns
    Discrete Jitter          (DJ):    0.000ns
    Phase Error              (PE):    0.000ns
  Timing Exception:       False Path

    Location             Delay type                Incr(ns)  Path(ns)    Netlist Resource(s)
  -------------------------------------------------------------------    -------------------
                         (clock dbg_hub/inst/BSCANID.u_xsdbm_id/SWITCH_N_EXT_BSCAN.bscan_inst/SERIES7_BSCAN.bscan_inst/TCK rise edge)
                                                      0.000     0.000 r  
    BSCAN_X0Y0           BSCANE2                      0.000     0.000 r  dbg_hub/inst/BSCANID.u_xsdbm_id/SWITCH_N_EXT_BSCAN.bscan_inst/SERIES7_BSCAN.bscan_inst/TCK
                         net (fo=1, routed)           1.410     1.410    dbg_hub/inst/BSCANID.u_xsdbm_id/tck_bs
    BUFGCTRL_X0Y4        BUFG (Prop_bufg_I_O)         0.026     1.436 r  dbg_hub/inst/BSCANID.u_xsdbm_id/SWITCH_N_EXT_BSCAN.u_bufg_icon_tck/O
                         net (fo=486, routed)         0.576     2.011    dbg_hub/inst/BSCANID.u_xsdbm_id/CORE_XSDB.UUT_MASTER/U_ICON_INTERFACE/U_CMD6_WR/U_WR_FIFO/SUBCORE_FIFO.xsdbm_v3_0_0_wrfifo_inst/inst_fifo_gen/gconvfifo.rf/grf.rf/gntv_or_sync_fifo.gcx.clkx/wr_clk
    SLICE_X67Y193        FDCE                                         r  dbg_hub/inst/BSCANID.u_xsdbm_id/CORE_XSDB.UUT_MASTER/U_ICON_INTERFACE/U_CMD6_WR/U_WR_FIFO/SUBCORE_FIFO.xsdbm_v3_0_0_wrfifo_inst/inst_fifo_gen/gconvfifo.rf/grf.rf/gntv_or_sync_fifo.gcx.clkx/gnxpm_cdc.wr_pntr_gc_reg[0]/C
  -------------------------------------------------------------------    -------------------
    SLICE_X67Y193        FDCE (Prop_fdce_C_Q)         0.141     2.152 r  dbg_hub/inst/BSCANID.u_xsdbm_id/CORE_XSDB.UUT_MASTER/U_ICON_INTERFACE/U_CMD6_WR/U_WR_FIFO/SUBCORE_FIFO.xsdbm_v3_0_0_wrfifo_inst/inst_fifo_gen/gconvfifo.rf/grf.rf/gntv_or_sync_fifo.gcx.clkx/gnxpm_cdc.wr_pntr_gc_reg[0]/Q
                         net (fo=1, routed)           0.110     2.262    dbg_hub/inst/BSCANID.u_xsdbm_id/CORE_XSDB.UUT_MASTER/U_ICON_INTERFACE/U_CMD6_WR/U_WR_FIFO/SUBCORE_FIFO.xsdbm_v3_0_0_wrfifo_inst/inst_fifo_gen/gconvfifo.rf/grf.rf/gntv_or_sync_fifo.gcx.clkx/gnxpm_cdc.gsync_stage[1].rd_stg_inst/Q[0]
    SLICE_X67Y195        FDCE                                         r  dbg_hub/inst/BSCANID.u_xsdbm_id/CORE_XSDB.UUT_MASTER/U_ICON_INTERFACE/U_CMD6_WR/U_WR_FIFO/SUBCORE_FIFO.xsdbm_v3_0_0_wrfifo_inst/inst_fifo_gen/gconvfifo.rf/grf.rf/gntv_or_sync_fifo.gcx.clkx/gnxpm_cdc.gsync_stage[1].rd_stg_inst/Q_reg_reg[0]/D
  -------------------------------------------------------------------    -------------------

                         (clock clk rise edge)        0.000     0.000 r  
    AC19                                              0.000     0.000 r  clk (IN)
                         net (fo=0)                   0.000     0.000    clk
    AC19                 IBUF (Prop_ibuf_I_O)         0.441     0.441 r  clk_IBUF_inst/O
                         net (fo=1, routed)           1.160     1.601    clk_IBUF
    BUFGCTRL_X0Y0        BUFG (Prop_bufg_I_O)         0.029     1.630 r  clk_IBUF_BUFG_inst/O
                         net (fo=2027, routed)        0.846     2.476    dbg_hub/inst/BSCANID.u_xsdbm_id/CORE_XSDB.UUT_MASTER/U_ICON_INTERFACE/U_CMD6_WR/U_WR_FIFO/SUBCORE_FIFO.xsdbm_v3_0_0_wrfifo_inst/inst_fifo_gen/gconvfifo.rf/grf.rf/gntv_or_sync_fifo.gcx.clkx/gnxpm_cdc.gsync_stage[1].rd_stg_inst/rd_clk
    SLICE_X67Y195        FDCE                                         r  dbg_hub/inst/BSCANID.u_xsdbm_id/CORE_XSDB.UUT_MASTER/U_ICON_INTERFACE/U_CMD6_WR/U_WR_FIFO/SUBCORE_FIFO.xsdbm_v3_0_0_wrfifo_inst/inst_fifo_gen/gconvfifo.rf/grf.rf/gntv_or_sync_fifo.gcx.clkx/gnxpm_cdc.gsync_stage[1].rd_stg_inst/Q_reg_reg[0]/C





--------------------------------------------------------------------------------------
Path Group:  (none)
From Clock:  sys_clk
  To Clock:  clk

Max Delay            17 Endpoints
Min Delay            41 Endpoints
--------------------------------------------------------------------------------------


Max Delay Paths
--------------------------------------------------------------------------------------
Slack:                    inf
  Source:                 u_jtag_axi_wrap/u_jtag_axi/inst/jtag_axi_engine_u/status_reg_datain_reg[8]/C
                            (rising edge-triggered cell FDRE clocked by sys_clk  {rise@0.000ns fall@5.000ns period=10.000ns})
  Destination:            u_jtag_axi_wrap/u_jtag_axi/inst/jtag_axi_engine_u/status_reg_datain_ff_reg[8]/D
                            (rising edge-triggered cell FDRE clocked by clk  {rise@0.000ns fall@5.000ns period=10.000ns})
  Path Group:             (none)
  Path Type:              Setup (Max at Slow Process Corner)
  Data Path Delay:        1.264ns  (logic 0.348ns (27.538%)  route 0.916ns (72.462%))
  Logic Levels:           0  
  Clock Path Skew:        -0.301ns (DCD - SCD + CPR)
    Destination Clock Delay (DCD):    5.177ns
    Source Clock Delay      (SCD):    5.478ns
    Clock Pessimism Removal (CPR):    0.000ns
  Clock Uncertainty:      0.154ns  ((TSJ^2 + DJ^2)^1/2) / 2 + PE
    Total System Jitter     (TSJ):    0.071ns
    Discrete Jitter          (DJ):    0.114ns
    Phase Error              (PE):    0.087ns
  Timing Exception:       False Path

    Location             Delay type                Incr(ns)  Path(ns)    Netlist Resource(s)
  -------------------------------------------------------------------    -------------------
                         (clock sys_clk rise edge)    0.000     0.000 r  
    AC19                                              0.000     0.000 r  clk (IN)
                         net (fo=0)                   0.000     0.000    clk
    AC19                 IBUF (Prop_ibuf_I_O)         1.416     1.416 r  clk_IBUF_inst/O
                         net (fo=1, routed)           2.602     4.018    clk_IBUF
    BUFGCTRL_X0Y0        BUFG (Prop_bufg_I_O)         0.081     4.099 r  clk_IBUF_BUFG_inst/O
                         net (fo=2027, routed)        1.823     5.922    fpga_pll.u_clk_pll/inst/clk_in1
    PLLE2_ADV_X1Y0       PLLE2_ADV (Prop_plle2_adv_CLKIN1_CLKOUT1)
                                                     -4.192     1.730 r  fpga_pll.u_clk_pll/inst/plle2_adv_inst/CLKOUT1
                         net (fo=1, routed)           2.288     4.018    fpga_pll.u_clk_pll/inst/sys_clk_clk_pll
    BUFGCTRL_X0Y3        BUFG (Prop_bufg_I_O)         0.081     4.099 r  fpga_pll.u_clk_pll/inst/clkout2_buf/O
                         net (fo=3586, routed)        1.379     5.478    u_jtag_axi_wrap/u_jtag_axi/inst/jtag_axi_engine_u/DEVICE_7SERIES.NO_BMM_INFO.SDP.WIDE_PRIM36_NO_ECC.ram
    SLICE_X63Y179        FDRE                                         r  u_jtag_axi_wrap/u_jtag_axi/inst/jtag_axi_engine_u/status_reg_datain_reg[8]/C
  -------------------------------------------------------------------    -------------------
    SLICE_X63Y179        FDRE (Prop_fdre_C_Q)         0.348     5.826 r  u_jtag_axi_wrap/u_jtag_axi/inst/jtag_axi_engine_u/status_reg_datain_reg[8]/Q
                         net (fo=1, routed)           0.916     6.742    u_jtag_axi_wrap/u_jtag_axi/inst/jtag_axi_engine_u/status_reg_datain[8]
    SLICE_X61Y184        FDRE                                         r  u_jtag_axi_wrap/u_jtag_axi/inst/jtag_axi_engine_u/status_reg_datain_ff_reg[8]/D
  -------------------------------------------------------------------    -------------------

                         (clock clk rise edge)        0.000     0.000 r  
    AC19                                              0.000     0.000 r  clk (IN)
                         net (fo=0)                   0.000     0.000    clk
    AC19                 IBUF (Prop_ibuf_I_O)         1.350     1.350 r  clk_IBUF_inst/O
                         net (fo=1, routed)           2.471     3.821    clk_IBUF
    BUFGCTRL_X0Y0        BUFG (Prop_bufg_I_O)         0.077     3.898 r  clk_IBUF_BUFG_inst/O
                         net (fo=2027, routed)        1.279     5.177    u_jtag_axi_wrap/u_jtag_axi/inst/jtag_axi_engine_u/xsdb_clk
    SLICE_X61Y184        FDRE                                         r  u_jtag_axi_wrap/u_jtag_axi/inst/jtag_axi_engine_u/status_reg_datain_ff_reg[8]/C





Min Delay Paths
--------------------------------------------------------------------------------------
Slack:                    inf
  Source:                 u_jtag_axi_wrap/u_jtag_axi/inst/jtag_axi_engine_u/rx_fifo_i/inst_fifo_gen/gconvfifo.rf/grf.rf/gntv_or_sync_fifo.gcx.clkx/wr_pntr_cdc_inst/src_gray_ff_reg[3]/C
                            (rising edge-triggered cell FDRE clocked by sys_clk  {rise@0.000ns fall@5.000ns period=10.000ns})
  Destination:            u_jtag_axi_wrap/u_jtag_axi/inst/jtag_axi_engine_u/rx_fifo_i/inst_fifo_gen/gconvfifo.rf/grf.rf/gntv_or_sync_fifo.gcx.clkx/wr_pntr_cdc_inst/dest_graysync_ff_reg[0][3]/D
                            (rising edge-triggered cell FDRE clocked by clk  {rise@0.000ns fall@5.000ns period=10.000ns})
  Path Group:             (none)
  Path Type:              Hold (Min at Fast Process Corner)
  Data Path Delay:        0.235ns  (logic 0.128ns (54.358%)  route 0.107ns (45.642%))
  Logic Levels:           0  
  Clock Path Skew:        0.544ns (DCD - SCD - CPR)
    Destination Clock Delay (DCD):    2.468ns
    Source Clock Delay      (SCD):    1.924ns
    Clock Pessimism Removal (CPR):    -0.000ns
  Clock Uncertainty:      0.154ns  ((TSJ^2 + DJ^2)^1/2) / 2 + PE
    Total System Jitter     (TSJ):    0.071ns
    Discrete Jitter          (DJ):    0.114ns
    Phase Error              (PE):    0.087ns
  Timing Exception:       False Path

    Location             Delay type                Incr(ns)  Path(ns)    Netlist Resource(s)
  -------------------------------------------------------------------    -------------------
                         (clock sys_clk rise edge)    0.000     0.000 r  
    AC19                                              0.000     0.000 r  clk (IN)
                         net (fo=0)                   0.000     0.000    clk
    AC19                 IBUF (Prop_ibuf_I_O)         0.253     0.253 r  clk_IBUF_inst/O
                         net (fo=1, routed)           1.074     1.327    clk_IBUF
    BUFGCTRL_X0Y0        BUFG (Prop_bufg_I_O)         0.026     1.353 r  clk_IBUF_BUFG_inst/O
                         net (fo=2027, routed)        0.750     2.103    fpga_pll.u_clk_pll/inst/clk_in1
    PLLE2_ADV_X1Y0       PLLE2_ADV (Prop_plle2_adv_CLKIN1_CLKOUT1)
                                                     -1.703     0.400 r  fpga_pll.u_clk_pll/inst/plle2_adv_inst/CLKOUT1
                         net (fo=1, routed)           0.927     1.327    fpga_pll.u_clk_pll/inst/sys_clk_clk_pll
    BUFGCTRL_X0Y3        BUFG (Prop_bufg_I_O)         0.026     1.353 r  fpga_pll.u_clk_pll/inst/clkout2_buf/O
                         net (fo=3586, routed)        0.572     1.924    u_jtag_axi_wrap/u_jtag_axi/inst/jtag_axi_engine_u/rx_fifo_i/inst_fifo_gen/gconvfifo.rf/grf.rf/gntv_or_sync_fifo.gcx.clkx/wr_pntr_cdc_inst/src_clk
    SLICE_X43Y176        FDRE                                         r  u_jtag_axi_wrap/u_jtag_axi/inst/jtag_axi_engine_u/rx_fifo_i/inst_fifo_gen/gconvfifo.rf/grf.rf/gntv_or_sync_fifo.gcx.clkx/wr_pntr_cdc_inst/src_gray_ff_reg[3]/C
  -------------------------------------------------------------------    -------------------
    SLICE_X43Y176        FDRE (Prop_fdre_C_Q)         0.128     2.052 r  u_jtag_axi_wrap/u_jtag_axi/inst/jtag_axi_engine_u/rx_fifo_i/inst_fifo_gen/gconvfifo.rf/grf.rf/gntv_or_sync_fifo.gcx.clkx/wr_pntr_cdc_inst/src_gray_ff_reg[3]/Q
                         net (fo=1, routed)           0.107     2.160    u_jtag_axi_wrap/u_jtag_axi/inst/jtag_axi_engine_u/rx_fifo_i/inst_fifo_gen/gconvfifo.rf/grf.rf/gntv_or_sync_fifo.gcx.clkx/wr_pntr_cdc_inst/async_path[3]
    SLICE_X43Y175        FDRE                                         r  u_jtag_axi_wrap/u_jtag_axi/inst/jtag_axi_engine_u/rx_fifo_i/inst_fifo_gen/gconvfifo.rf/grf.rf/gntv_or_sync_fifo.gcx.clkx/wr_pntr_cdc_inst/dest_graysync_ff_reg[0][3]/D
  -------------------------------------------------------------------    -------------------

                         (clock clk rise edge)        0.000     0.000 r  
    AC19                                              0.000     0.000 r  clk (IN)
                         net (fo=0)                   0.000     0.000    clk
    AC19                 IBUF (Prop_ibuf_I_O)         0.441     0.441 r  clk_IBUF_inst/O
                         net (fo=1, routed)           1.160     1.601    clk_IBUF
    BUFGCTRL_X0Y0        BUFG (Prop_bufg_I_O)         0.029     1.630 r  clk_IBUF_BUFG_inst/O
                         net (fo=2027, routed)        0.838     2.468    u_jtag_axi_wrap/u_jtag_axi/inst/jtag_axi_engine_u/rx_fifo_i/inst_fifo_gen/gconvfifo.rf/grf.rf/gntv_or_sync_fifo.gcx.clkx/wr_pntr_cdc_inst/dest_clk
    SLICE_X43Y175        FDRE                                         r  u_jtag_axi_wrap/u_jtag_axi/inst/jtag_axi_engine_u/rx_fifo_i/inst_fifo_gen/gconvfifo.rf/grf.rf/gntv_or_sync_fifo.gcx.clkx/wr_pntr_cdc_inst/dest_graysync_ff_reg[0][3]/C





--------------------------------------------------------------------------------------
Path Group:  (none)
From Clock:  clk
  To Clock:  clk_pll_i

Max Delay            33 Endpoints
Min Delay            33 Endpoints
--------------------------------------------------------------------------------------


Max Delay Paths
--------------------------------------------------------------------------------------
Slack:                    inf
  Source:                 ddr3.u_axi_wrap_ddr/mig_reset_sync_reg[3]/C
                            (rising edge-triggered cell FDCE clocked by clk  {rise@0.000ns fall@5.000ns period=10.000ns})
  Destination:            ddr3.u_axi_wrap_ddr/mig_axi/u_mig_axi_32_mig/u_ddr3_infrastructure/rstdiv0_sync_r1_reg_rep__0/PRE
                            (recovery check against rising-edge clock clk_pll_i  {rise@0.000ns fall@5.000ns period=10.000ns})
  Path Group:             (none)
  Path Type:              Recovery (Max at Slow Process Corner)
  Data Path Delay:        5.439ns  (logic 0.541ns (9.946%)  route 4.898ns (90.054%))
  Logic Levels:           1  (LUT4=1)
  Clock Path Skew:        2.187ns (DCD - SCD + CPR)
    Destination Clock Delay (DCD):    7.685ns
    Source Clock Delay      (SCD):    5.497ns
    Clock Pessimism Removal (CPR):    0.000ns
  Clock Uncertainty:      0.174ns  ((TSJ^2 + DJ^2)^1/2) / 2 + PE
    Total System Jitter     (TSJ):    0.071ns
    Discrete Jitter          (DJ):    0.096ns
    Phase Error              (PE):    0.114ns
  Timing Exception:       False Path

    Location             Delay type                Incr(ns)  Path(ns)    Netlist Resource(s)
  -------------------------------------------------------------------    -------------------
                         (clock clk rise edge)        0.000     0.000 r  
    AC19                                              0.000     0.000 r  clk (IN)
                         net (fo=0)                   0.000     0.000    clk
    AC19                 IBUF (Prop_ibuf_I_O)         1.416     1.416 r  clk_IBUF_inst/O
                         net (fo=1, routed)           2.602     4.018    clk_IBUF
    BUFGCTRL_X0Y0        BUFG (Prop_bufg_I_O)         0.081     4.099 r  clk_IBUF_BUFG_inst/O
                         net (fo=2027, routed)        1.398     5.497    ddr3.u_axi_wrap_ddr/CLK
    SLICE_X48Y195        FDCE                                         r  ddr3.u_axi_wrap_ddr/mig_reset_sync_reg[3]/C
  -------------------------------------------------------------------    -------------------
    SLICE_X48Y195        FDCE (Prop_fdce_C_Q)         0.433     5.930 r  ddr3.u_axi_wrap_ddr/mig_reset_sync_reg[3]/Q
                         net (fo=2, routed)           2.367     8.297    ddr3.u_axi_wrap_ddr/mig_axi/u_mig_axi_32_mig/u_iodelay_ctrl/sys_rst_i
    SLICE_X3Y225         LUT4 (Prop_lut4_I2_O)        0.108     8.405 f  ddr3.u_axi_wrap_ddr/mig_axi/u_mig_axi_32_mig/u_iodelay_ctrl/rstdiv2_sync_r[11]_i_1/O
                         net (fo=33, routed)          2.531    10.937    ddr3.u_axi_wrap_ddr/mig_axi/u_mig_axi_32_mig/u_ddr3_infrastructure/rst_tmp
    SLICE_X22Y244        FDPE                                         f  ddr3.u_axi_wrap_ddr/mig_axi/u_mig_axi_32_mig/u_ddr3_infrastructure/rstdiv0_sync_r1_reg_rep__0/PRE
  -------------------------------------------------------------------    -------------------

                         (clock clk_pll_i rise edge)
                                                      0.000     0.000 r  
    AC19                                              0.000     0.000 r  clk (IN)
                         net (fo=0)                   0.000     0.000    clk
    AC19                 IBUF (Prop_ibuf_I_O)         1.350     1.350 r  clk_IBUF_inst/O
                         net (fo=1, routed)           2.471     3.821    clk_IBUF
    BUFGCTRL_X0Y0        BUFG (Prop_bufg_I_O)         0.077     3.898 r  clk_IBUF_BUFG_inst/O
                         net (fo=2027, routed)        1.586     5.484    ddr3.u_axi_wrap_ddr/mig_axi/u_mig_axi_32_mig/u_ddr3_infrastructure/mmcm_clk
    PLLE2_ADV_X0Y4       PLLE2_ADV (Prop_plle2_adv_CLKIN1_CLKOUT3)
                                                      0.073     5.557 r  ddr3.u_axi_wrap_ddr/mig_axi/u_mig_axi_32_mig/u_ddr3_infrastructure/plle2_i/CLKOUT3
                         net (fo=1, routed)           1.281     6.838    ddr3.u_axi_wrap_ddr/mig_axi/u_mig_axi_32_mig/u_ddr3_infrastructure/pll_clk3_out
    BUFHCE_X0Y48         BUFH (Prop_bufh_I_O)         0.069     6.907 r  ddr3.u_axi_wrap_ddr/mig_axi/u_mig_axi_32_mig/u_ddr3_infrastructure/u_bufh_pll_clk3/O
                         net (fo=1, routed)           0.805     7.712    ddr3.u_axi_wrap_ddr/mig_axi/u_mig_axi_32_mig/u_ddr3_infrastructure/pll_clk3
    MMCME2_ADV_X0Y4      MMCME2_ADV (Prop_mmcme2_adv_CLKIN1_CLKFBOUT)
                                                     -3.606     4.105 r  ddr3.u_axi_wrap_ddr/mig_axi/u_mig_axi_32_mig/u_ddr3_infrastructure/gen_mmcm.mmcm_i/CLKFBOUT
                         net (fo=1, routed)           1.964     6.070    ddr3.u_axi_wrap_ddr/mig_axi/u_mig_axi_32_mig/u_ddr3_infrastructure/clk_pll_i
    BUFGCTRL_X0Y16       BUFG (Prop_bufg_I_O)         0.077     6.147 r  ddr3.u_axi_wrap_ddr/mig_axi/u_mig_axi_32_mig/u_ddr3_infrastructure/u_bufg_clkdiv0/O
                         net (fo=7005, routed)        1.538     7.685    ddr3.u_axi_wrap_ddr/mig_axi/u_mig_axi_32_mig/u_ddr3_infrastructure/CLK
    SLICE_X22Y244        FDPE                                         r  ddr3.u_axi_wrap_ddr/mig_axi/u_mig_axi_32_mig/u_ddr3_infrastructure/rstdiv0_sync_r1_reg_rep__0/C





Min Delay Paths
--------------------------------------------------------------------------------------
Slack:                    inf
  Source:                 ddr3.u_axi_wrap_ddr/mig_reset_sync_reg[3]/C
                            (rising edge-triggered cell FDCE clocked by clk  {rise@0.000ns fall@5.000ns period=10.000ns})
  Destination:            ddr3.u_axi_wrap_ddr/mig_axi/u_mig_axi_32_mig/u_ddr3_infrastructure/rstdiv0_sync_r1_reg_rep__2/PRE
                            (removal check against rising-edge clock clk_pll_i  {rise@0.000ns fall@5.000ns period=10.000ns})
  Path Group:             (none)
  Path Type:              Removal (Min at Fast Process Corner)
  Data Path Delay:        2.087ns  (logic 0.212ns (10.157%)  route 1.875ns (89.843%))
  Logic Levels:           1  (LUT4=1)
  Clock Path Skew:        1.906ns (DCD - SCD - CPR)
    Destination Clock Delay (DCD):    3.842ns
    Source Clock Delay      (SCD):    1.936ns
    Clock Pessimism Removal (CPR):    -0.000ns
  Clock Uncertainty:      0.174ns  ((TSJ^2 + DJ^2)^1/2) / 2 + PE
    Total System Jitter     (TSJ):    0.071ns
    Discrete Jitter          (DJ):    0.096ns
    Phase Error              (PE):    0.114ns
  Timing Exception:       False Path

    Location             Delay type                Incr(ns)  Path(ns)    Netlist Resource(s)
  -------------------------------------------------------------------    -------------------
                         (clock clk rise edge)        0.000     0.000 r  
    AC19                                              0.000     0.000 r  clk (IN)
                         net (fo=0)                   0.000     0.000    clk
    AC19                 IBUF (Prop_ibuf_I_O)         0.253     0.253 r  clk_IBUF_inst/O
                         net (fo=1, routed)           1.074     1.327    clk_IBUF
    BUFGCTRL_X0Y0        BUFG (Prop_bufg_I_O)         0.026     1.353 r  clk_IBUF_BUFG_inst/O
                         net (fo=2027, routed)        0.584     1.936    ddr3.u_axi_wrap_ddr/CLK
    SLICE_X48Y195        FDCE                                         r  ddr3.u_axi_wrap_ddr/mig_reset_sync_reg[3]/C
  -------------------------------------------------------------------    -------------------
    SLICE_X48Y195        FDCE (Prop_fdce_C_Q)         0.164     2.100 r  ddr3.u_axi_wrap_ddr/mig_reset_sync_reg[3]/Q
                         net (fo=2, routed)           1.343     3.444    ddr3.u_axi_wrap_ddr/mig_axi/u_mig_axi_32_mig/u_iodelay_ctrl/sys_rst_i
    SLICE_X3Y225         LUT4 (Prop_lut4_I2_O)        0.048     3.492 f  ddr3.u_axi_wrap_ddr/mig_axi/u_mig_axi_32_mig/u_iodelay_ctrl/rstdiv2_sync_r[11]_i_1/O
                         net (fo=33, routed)          0.532     4.024    ddr3.u_axi_wrap_ddr/mig_axi/u_mig_axi_32_mig/u_ddr3_infrastructure/rst_tmp
    SLICE_X20Y234        FDPE                                         f  ddr3.u_axi_wrap_ddr/mig_axi/u_mig_axi_32_mig/u_ddr3_infrastructure/rstdiv0_sync_r1_reg_rep__2/PRE
  -------------------------------------------------------------------    -------------------

                         (clock clk_pll_i rise edge)
                                                      0.000     0.000 r  
    AC19                                              0.000     0.000 r  clk (IN)
                         net (fo=0)                   0.000     0.000    clk
    AC19                 IBUF (Prop_ibuf_I_O)         0.441     0.441 r  clk_IBUF_inst/O
                         net (fo=1, routed)           1.160     1.601    clk_IBUF
    BUFGCTRL_X0Y0        BUFG (Prop_bufg_I_O)         0.029     1.630 r  clk_IBUF_BUFG_inst/O
                         net (fo=2027, routed)        0.976     2.606    ddr3.u_axi_wrap_ddr/mig_axi/u_mig_axi_32_mig/u_ddr3_infrastructure/mmcm_clk
    PLLE2_ADV_X0Y4       PLLE2_ADV (Prop_plle2_adv_CLKIN1_CLKOUT3)
                                                      0.053     2.659 r  ddr3.u_axi_wrap_ddr/mig_axi/u_mig_axi_32_mig/u_ddr3_infrastructure/plle2_i/CLKOUT3
                         net (fo=1, routed)           0.577     3.236    ddr3.u_axi_wrap_ddr/mig_axi/u_mig_axi_32_mig/u_ddr3_infrastructure/pll_clk3_out
    BUFHCE_X0Y48         BUFH (Prop_bufh_I_O)         0.043     3.279 r  ddr3.u_axi_wrap_ddr/mig_axi/u_mig_axi_32_mig/u_ddr3_infrastructure/u_bufh_pll_clk3/O
                         net (fo=1, routed)           0.553     3.832    ddr3.u_axi_wrap_ddr/mig_axi/u_mig_axi_32_mig/u_ddr3_infrastructure/pll_clk3
    MMCME2_ADV_X0Y4      MMCME2_ADV (Prop_mmcme2_adv_CLKIN1_CLKFBOUT)
                                                     -1.858     1.974 r  ddr3.u_axi_wrap_ddr/mig_axi/u_mig_axi_32_mig/u_ddr3_infrastructure/gen_mmcm.mmcm_i/CLKFBOUT
                         net (fo=1, routed)           0.860     2.834    ddr3.u_axi_wrap_ddr/mig_axi/u_mig_axi_32_mig/u_ddr3_infrastructure/clk_pll_i
    BUFGCTRL_X0Y16       BUFG (Prop_bufg_I_O)         0.029     2.863 r  ddr3.u_axi_wrap_ddr/mig_axi/u_mig_axi_32_mig/u_ddr3_infrastructure/u_bufg_clkdiv0/O
                         net (fo=7005, routed)        0.979     3.842    ddr3.u_axi_wrap_ddr/mig_axi/u_mig_axi_32_mig/u_ddr3_infrastructure/CLK
    SLICE_X20Y234        FDPE                                         r  ddr3.u_axi_wrap_ddr/mig_axi/u_mig_axi_32_mig/u_ddr3_infrastructure/rstdiv0_sync_r1_reg_rep__2/C





--------------------------------------------------------------------------------------
Path Group:  (none)
From Clock:  mem_refclk
  To Clock:  clk_pll_i

Max Delay             2 Endpoints
Min Delay             2 Endpoints
--------------------------------------------------------------------------------------


Max Delay Paths
--------------------------------------------------------------------------------------
Slack:                    inf
  Source:                 ddr3.u_axi_wrap_ddr/mig_axi/u_mig_axi_32_mig/u_memc_ui_top_axi/mem_intfc0/ddr_phy_top0/u_ddr_mc_phy_wrapper/u_ddr_mc_phy/ddr_phy_4lanes_0.u_ddr_phy_4lanes/ddr_byte_lane_A.ddr_byte_lane_A/phaser_in_gen.phaser_in/MEMREFCLK
                            (rising edge-triggered cell PHASER_IN_PHY clocked by mem_refclk  {rise@0.000ns fall@1.250ns period=2.500ns})
  Destination:            ddr3.u_axi_wrap_ddr/mig_axi/u_mig_axi_32_mig/u_memc_ui_top_axi/mem_intfc0/ddr_phy_top0/u_ddr_calib_top/dqsfind_calib_left.u_ddr_phy_dqs_found_cal_hr/pi_dqs_found_lanes_r1_reg[0]/D
                            (rising edge-triggered cell FDRE clocked by clk_pll_i  {rise@0.000ns fall@5.000ns period=10.000ns})
  Path Group:             (none)
  Path Type:              Setup (Max at Slow Process Corner)
  Data Path Delay:        1.548ns  (logic 0.365ns (23.586%)  route 1.183ns (76.414%))
  Logic Levels:           0  
  Clock Path Skew:        1.278ns (DCD - SCD + CPR)
    Destination Clock Delay (DCD):    7.679ns
    Source Clock Delay      (SCD):    6.401ns
    Clock Pessimism Removal (CPR):    0.000ns
  Clock Uncertainty:      0.226ns  ((TSJ^2 + DJ^2)^1/2) / 2 + PE
    Total System Jitter     (TSJ):    0.071ns
    Discrete Jitter          (DJ):    0.098ns
    Phase Error              (PE):    0.166ns
  Timing Exception:       False Path

    Location             Delay type                Incr(ns)  Path(ns)    Netlist Resource(s)
  -------------------------------------------------------------------    -------------------
                         (clock mem_refclk rise edge)
                                                      0.000     0.000 r  
    AC19                                              0.000     0.000 r  clk (IN)
                         net (fo=0)                   0.000     0.000    clk
    AC19                 IBUF (Prop_ibuf_I_O)         1.416     1.416 r  clk_IBUF_inst/O
                         net (fo=1, routed)           2.602     4.018    clk_IBUF
    BUFGCTRL_X0Y0        BUFG (Prop_bufg_I_O)         0.081     4.099 r  clk_IBUF_BUFG_inst/O
                         net (fo=2027, routed)        1.696     5.795    ddr3.u_axi_wrap_ddr/mig_axi/u_mig_axi_32_mig/u_ddr3_infrastructure/mmcm_clk
    PLLE2_ADV_X0Y4       PLLE2_ADV (Prop_plle2_adv_CLKIN1_CLKOUT1)
                                                      0.077     5.872 r  ddr3.u_axi_wrap_ddr/mig_axi/u_mig_axi_32_mig/u_ddr3_infrastructure/plle2_i/CLKOUT1
                         net (fo=7, routed)           0.529     6.401    ddr3.u_axi_wrap_ddr/mig_axi/u_mig_axi_32_mig/u_memc_ui_top_axi/mem_intfc0/ddr_phy_top0/u_ddr_mc_phy_wrapper/u_ddr_mc_phy/ddr_phy_4lanes_0.u_ddr_phy_4lanes/ddr_byte_lane_A.ddr_byte_lane_A/mem_refclk
    PHASER_IN_PHY_X0Y16  PHASER_IN_PHY                                r  ddr3.u_axi_wrap_ddr/mig_axi/u_mig_axi_32_mig/u_memc_ui_top_axi/mem_intfc0/ddr_phy_top0/u_ddr_mc_phy_wrapper/u_ddr_mc_phy/ddr_phy_4lanes_0.u_ddr_phy_4lanes/ddr_byte_lane_A.ddr_byte_lane_A/phaser_in_gen.phaser_in/MEMREFCLK
  -------------------------------------------------------------------    -------------------
    PHASER_IN_PHY_X0Y16  PHASER_IN_PHY (Prop_phaser_in_phy_MEMREFCLK_DQSFOUND)
                                                      0.365     6.766 r  ddr3.u_axi_wrap_ddr/mig_axi/u_mig_axi_32_mig/u_memc_ui_top_axi/mem_intfc0/ddr_phy_top0/u_ddr_mc_phy_wrapper/u_ddr_mc_phy/ddr_phy_4lanes_0.u_ddr_phy_4lanes/ddr_byte_lane_A.ddr_byte_lane_A/phaser_in_gen.phaser_in/DQSFOUND
                         net (fo=1, routed)           1.183     7.949    ddr3.u_axi_wrap_ddr/mig_axi/u_mig_axi_32_mig/u_memc_ui_top_axi/mem_intfc0/ddr_phy_top0/u_ddr_calib_top/dqsfind_calib_left.u_ddr_phy_dqs_found_cal_hr/pi_dqs_found_lanes[0]
    SLICE_X13Y230        FDRE                                         r  ddr3.u_axi_wrap_ddr/mig_axi/u_mig_axi_32_mig/u_memc_ui_top_axi/mem_intfc0/ddr_phy_top0/u_ddr_calib_top/dqsfind_calib_left.u_ddr_phy_dqs_found_cal_hr/pi_dqs_found_lanes_r1_reg[0]/D
  -------------------------------------------------------------------    -------------------

                         (clock clk_pll_i rise edge)
                                                      0.000     0.000 r  
    AC19                                              0.000     0.000 r  clk (IN)
                         net (fo=0)                   0.000     0.000    clk
    AC19                 IBUF (Prop_ibuf_I_O)         1.350     1.350 r  clk_IBUF_inst/O
                         net (fo=1, routed)           2.471     3.821    clk_IBUF
    BUFGCTRL_X0Y0        BUFG (Prop_bufg_I_O)         0.077     3.898 r  clk_IBUF_BUFG_inst/O
                         net (fo=2027, routed)        1.586     5.484    ddr3.u_axi_wrap_ddr/mig_axi/u_mig_axi_32_mig/u_ddr3_infrastructure/mmcm_clk
    PLLE2_ADV_X0Y4       PLLE2_ADV (Prop_plle2_adv_CLKIN1_CLKOUT3)
                                                      0.073     5.557 r  ddr3.u_axi_wrap_ddr/mig_axi/u_mig_axi_32_mig/u_ddr3_infrastructure/plle2_i/CLKOUT3
                         net (fo=1, routed)           1.281     6.838    ddr3.u_axi_wrap_ddr/mig_axi/u_mig_axi_32_mig/u_ddr3_infrastructure/pll_clk3_out
    BUFHCE_X0Y48         BUFH (Prop_bufh_I_O)         0.069     6.907 r  ddr3.u_axi_wrap_ddr/mig_axi/u_mig_axi_32_mig/u_ddr3_infrastructure/u_bufh_pll_clk3/O
                         net (fo=1, routed)           0.805     7.712    ddr3.u_axi_wrap_ddr/mig_axi/u_mig_axi_32_mig/u_ddr3_infrastructure/pll_clk3
    MMCME2_ADV_X0Y4      MMCME2_ADV (Prop_mmcme2_adv_CLKIN1_CLKFBOUT)
                                                     -3.606     4.105 r  ddr3.u_axi_wrap_ddr/mig_axi/u_mig_axi_32_mig/u_ddr3_infrastructure/gen_mmcm.mmcm_i/CLKFBOUT
                         net (fo=1, routed)           1.964     6.070    ddr3.u_axi_wrap_ddr/mig_axi/u_mig_axi_32_mig/u_ddr3_infrastructure/clk_pll_i
    BUFGCTRL_X0Y16       BUFG (Prop_bufg_I_O)         0.077     6.147 r  ddr3.u_axi_wrap_ddr/mig_axi/u_mig_axi_32_mig/u_ddr3_infrastructure/u_bufg_clkdiv0/O
                         net (fo=7005, routed)        1.532     7.679    ddr3.u_axi_wrap_ddr/mig_axi/u_mig_axi_32_mig/u_memc_ui_top_axi/mem_intfc0/ddr_phy_top0/u_ddr_calib_top/dqsfind_calib_left.u_ddr_phy_dqs_found_cal_hr/CLK
    SLICE_X13Y230        FDRE                                         r  ddr3.u_axi_wrap_ddr/mig_axi/u_mig_axi_32_mig/u_memc_ui_top_axi/mem_intfc0/ddr_phy_top0/u_ddr_calib_top/dqsfind_calib_left.u_ddr_phy_dqs_found_cal_hr/pi_dqs_found_lanes_r1_reg[0]/C





Min Delay Paths
--------------------------------------------------------------------------------------
Slack:                    inf
  Source:                 ddr3.u_axi_wrap_ddr/mig_axi/u_mig_axi_32_mig/u_memc_ui_top_axi/mem_intfc0/ddr_phy_top0/u_ddr_mc_phy_wrapper/u_ddr_mc_phy/ddr_phy_4lanes_0.u_ddr_phy_4lanes/ddr_byte_lane_B.ddr_byte_lane_B/phaser_in_gen.phaser_in/MEMREFCLK
                            (rising edge-triggered cell PHASER_IN_PHY clocked by mem_refclk  {rise@0.000ns fall@1.250ns period=2.500ns})
  Destination:            ddr3.u_axi_wrap_ddr/mig_axi/u_mig_axi_32_mig/u_memc_ui_top_axi/mem_intfc0/ddr_phy_top0/u_ddr_calib_top/dqsfind_calib_left.u_ddr_phy_dqs_found_cal_hr/pi_dqs_found_lanes_r1_reg[1]/D
                            (rising edge-triggered cell FDRE clocked by clk_pll_i  {rise@0.000ns fall@5.000ns period=10.000ns})
  Path Group:             (none)
  Path Type:              Hold (Min at Fast Process Corner)
  Data Path Delay:        0.814ns  (logic 0.204ns (25.070%)  route 0.610ns (74.930%))
  Logic Levels:           0  
  Clock Path Skew:        1.532ns (DCD - SCD - CPR)
    Destination Clock Delay (DCD):    3.840ns
    Source Clock Delay      (SCD):    2.308ns
    Clock Pessimism Removal (CPR):    -0.000ns
  Clock Uncertainty:      0.226ns  ((TSJ^2 + DJ^2)^1/2) / 2 + PE
    Total System Jitter     (TSJ):    0.071ns
    Discrete Jitter          (DJ):    0.098ns
    Phase Error              (PE):    0.166ns
  Timing Exception:       False Path

    Location             Delay type                Incr(ns)  Path(ns)    Netlist Resource(s)
  -------------------------------------------------------------------    -------------------
                         (clock mem_refclk rise edge)
                                                      0.000     0.000 r  
    AC19                                              0.000     0.000 r  clk (IN)
                         net (fo=0)                   0.000     0.000    clk
    AC19                 IBUF (Prop_ibuf_I_O)         0.253     0.253 r  clk_IBUF_inst/O
                         net (fo=1, routed)           1.074     1.327    clk_IBUF
    BUFGCTRL_X0Y0        BUFG (Prop_bufg_I_O)         0.026     1.353 r  clk_IBUF_BUFG_inst/O
                         net (fo=2027, routed)        0.701     2.054    ddr3.u_axi_wrap_ddr/mig_axi/u_mig_axi_32_mig/u_ddr3_infrastructure/mmcm_clk
    PLLE2_ADV_X0Y4       PLLE2_ADV (Prop_plle2_adv_CLKIN1_CLKOUT1)
                                                      0.050     2.104 r  ddr3.u_axi_wrap_ddr/mig_axi/u_mig_axi_32_mig/u_ddr3_infrastructure/plle2_i/CLKOUT1
                         net (fo=7, routed)           0.204     2.308    ddr3.u_axi_wrap_ddr/mig_axi/u_mig_axi_32_mig/u_memc_ui_top_axi/mem_intfc0/ddr_phy_top0/u_ddr_mc_phy_wrapper/u_ddr_mc_phy/ddr_phy_4lanes_0.u_ddr_phy_4lanes/ddr_byte_lane_B.ddr_byte_lane_B/mem_refclk
    PHASER_IN_PHY_X0Y17  PHASER_IN_PHY                                r  ddr3.u_axi_wrap_ddr/mig_axi/u_mig_axi_32_mig/u_memc_ui_top_axi/mem_intfc0/ddr_phy_top0/u_ddr_mc_phy_wrapper/u_ddr_mc_phy/ddr_phy_4lanes_0.u_ddr_phy_4lanes/ddr_byte_lane_B.ddr_byte_lane_B/phaser_in_gen.phaser_in/MEMREFCLK
  -------------------------------------------------------------------    -------------------
    PHASER_IN_PHY_X0Y17  PHASER_IN_PHY (Prop_phaser_in_phy_MEMREFCLK_DQSFOUND)
                                                      0.204     2.512 r  ddr3.u_axi_wrap_ddr/mig_axi/u_mig_axi_32_mig/u_memc_ui_top_axi/mem_intfc0/ddr_phy_top0/u_ddr_mc_phy_wrapper/u_ddr_mc_phy/ddr_phy_4lanes_0.u_ddr_phy_4lanes/ddr_byte_lane_B.ddr_byte_lane_B/phaser_in_gen.phaser_in/DQSFOUND
                         net (fo=1, routed)           0.610     3.122    ddr3.u_axi_wrap_ddr/mig_axi/u_mig_axi_32_mig/u_memc_ui_top_axi/mem_intfc0/ddr_phy_top0/u_ddr_calib_top/dqsfind_calib_left.u_ddr_phy_dqs_found_cal_hr/pi_dqs_found_lanes[1]
    SLICE_X13Y230        FDRE                                         r  ddr3.u_axi_wrap_ddr/mig_axi/u_mig_axi_32_mig/u_memc_ui_top_axi/mem_intfc0/ddr_phy_top0/u_ddr_calib_top/dqsfind_calib_left.u_ddr_phy_dqs_found_cal_hr/pi_dqs_found_lanes_r1_reg[1]/D
  -------------------------------------------------------------------    -------------------

                         (clock clk_pll_i rise edge)
                                                      0.000     0.000 r  
    AC19                                              0.000     0.000 r  clk (IN)
                         net (fo=0)                   0.000     0.000    clk
    AC19                 IBUF (Prop_ibuf_I_O)         0.441     0.441 r  clk_IBUF_inst/O
                         net (fo=1, routed)           1.160     1.601    clk_IBUF
    BUFGCTRL_X0Y0        BUFG (Prop_bufg_I_O)         0.029     1.630 r  clk_IBUF_BUFG_inst/O
                         net (fo=2027, routed)        0.976     2.606    ddr3.u_axi_wrap_ddr/mig_axi/u_mig_axi_32_mig/u_ddr3_infrastructure/mmcm_clk
    PLLE2_ADV_X0Y4       PLLE2_ADV (Prop_plle2_adv_CLKIN1_CLKOUT3)
                                                      0.053     2.659 r  ddr3.u_axi_wrap_ddr/mig_axi/u_mig_axi_32_mig/u_ddr3_infrastructure/plle2_i/CLKOUT3
                         net (fo=1, routed)           0.577     3.236    ddr3.u_axi_wrap_ddr/mig_axi/u_mig_axi_32_mig/u_ddr3_infrastructure/pll_clk3_out
    BUFHCE_X0Y48         BUFH (Prop_bufh_I_O)         0.043     3.279 r  ddr3.u_axi_wrap_ddr/mig_axi/u_mig_axi_32_mig/u_ddr3_infrastructure/u_bufh_pll_clk3/O
                         net (fo=1, routed)           0.553     3.832    ddr3.u_axi_wrap_ddr/mig_axi/u_mig_axi_32_mig/u_ddr3_infrastructure/pll_clk3
    MMCME2_ADV_X0Y4      MMCME2_ADV (Prop_mmcme2_adv_CLKIN1_CLKFBOUT)
                                                     -1.858     1.974 r  ddr3.u_axi_wrap_ddr/mig_axi/u_mig_axi_32_mig/u_ddr3_infrastructure/gen_mmcm.mmcm_i/CLKFBOUT
                         net (fo=1, routed)           0.860     2.834    ddr3.u_axi_wrap_ddr/mig_axi/u_mig_axi_32_mig/u_ddr3_infrastructure/clk_pll_i
    BUFGCTRL_X0Y16       BUFG (Prop_bufg_I_O)         0.029     2.863 r  ddr3.u_axi_wrap_ddr/mig_axi/u_mig_axi_32_mig/u_ddr3_infrastructure/u_bufg_clkdiv0/O
                         net (fo=7005, routed)        0.977     3.840    ddr3.u_axi_wrap_ddr/mig_axi/u_mig_axi_32_mig/u_memc_ui_top_axi/mem_intfc0/ddr_phy_top0/u_ddr_calib_top/dqsfind_calib_left.u_ddr_phy_dqs_found_cal_hr/CLK
    SLICE_X13Y230        FDRE                                         r  ddr3.u_axi_wrap_ddr/mig_axi/u_mig_axi_32_mig/u_memc_ui_top_axi/mem_intfc0/ddr_phy_top0/u_ddr_calib_top/dqsfind_calib_left.u_ddr_phy_dqs_found_cal_hr/pi_dqs_found_lanes_r1_reg[1]/C





--------------------------------------------------------------------------------------
Path Group:  (none)
From Clock:  sys_clk
  To Clock:  cpu_clk

Max Delay            58 Endpoints
Min Delay            58 Endpoints
--------------------------------------------------------------------------------------


Max Delay Paths
--------------------------------------------------------------------------------------
Slack:                    inf
  Source:                 fpga_pll.u_rst_sys/delay_reg[1]/C
                            (rising edge-triggered cell FDCE clocked by sys_clk  {rise@0.000ns fall@5.000ns period=10.000ns})
  Destination:            u_axi_clock_sync/bFifo/bufferCC_12/buffers_0_reg/CLR
                            (recovery check against rising-edge clock cpu_clk  {rise@0.000ns fall@6.667ns period=13.333ns})
  Path Group:             (none)
  Path Type:              Recovery (Max at Slow Process Corner)
  Data Path Delay:        4.714ns  (logic 0.484ns (10.267%)  route 4.230ns (89.733%))
  Logic Levels:           1  (LUT1=1)
  Clock Path Skew:        -0.311ns (DCD - SCD + CPR)
    Destination Clock Delay (DCD):    5.271ns
    Source Clock Delay      (SCD):    5.582ns
    Clock Pessimism Removal (CPR):    0.000ns
  Clock Uncertainty:      0.190ns  ((TSJ^2 + DJ^2)^1/2) / 2 + PE
    Total System Jitter     (TSJ):    0.071ns
    Discrete Jitter          (DJ):    0.121ns
    Phase Error              (PE):    0.120ns
  Timing Exception:       Asynchronous Clock Groups

    Location             Delay type                Incr(ns)  Path(ns)    Netlist Resource(s)
  -------------------------------------------------------------------    -------------------
                         (clock sys_clk rise edge)    0.000     0.000 r  
    AC19                                              0.000     0.000 r  clk (IN)
                         net (fo=0)                   0.000     0.000    clk
    AC19                 IBUF (Prop_ibuf_I_O)         1.416     1.416 r  clk_IBUF_inst/O
                         net (fo=1, routed)           2.602     4.018    clk_IBUF
    BUFGCTRL_X0Y0        BUFG (Prop_bufg_I_O)         0.081     4.099 r  clk_IBUF_BUFG_inst/O
                         net (fo=2027, routed)        1.823     5.922    fpga_pll.u_clk_pll/inst/clk_in1
    PLLE2_ADV_X1Y0       PLLE2_ADV (Prop_plle2_adv_CLKIN1_CLKOUT1)
                                                     -4.192     1.730 r  fpga_pll.u_clk_pll/inst/plle2_adv_inst/CLKOUT1
                         net (fo=1, routed)           2.288     4.018    fpga_pll.u_clk_pll/inst/sys_clk_clk_pll
    BUFGCTRL_X0Y3        BUFG (Prop_bufg_I_O)         0.081     4.099 r  fpga_pll.u_clk_pll/inst/clkout2_buf/O
                         net (fo=3586, routed)        1.483     5.582    fpga_pll.u_rst_sys/sys_clk
    SLICE_X19Y189        FDCE                                         r  fpga_pll.u_rst_sys/delay_reg[1]/C
  -------------------------------------------------------------------    -------------------
    SLICE_X19Y189        FDCE (Prop_fdce_C_Q)         0.379     5.961 r  fpga_pll.u_rst_sys/delay_reg[1]/Q
                         net (fo=37, routed)          0.986     6.947    fpga_pll.u_rst_sys/Q[0]
    SLICE_X19Y189        LUT1 (Prop_lut1_I0_O)        0.105     7.052 f  fpga_pll.u_rst_sys/pushCC_pushPtr[2]_i_3__1/O
                         net (fo=718, routed)         3.244    10.296    u_axi_clock_sync/bFifo/bufferCC_12/prst
    SLICE_X16Y162        FDCE                                         f  u_axi_clock_sync/bFifo/bufferCC_12/buffers_0_reg/CLR
  -------------------------------------------------------------------    -------------------

                         (clock cpu_clk rise edge)    0.000     0.000 r  
    AC19                                              0.000     0.000 r  clk (IN)
                         net (fo=0)                   0.000     0.000    clk
    AC19                 IBUF (Prop_ibuf_I_O)         1.350     1.350 r  clk_IBUF_inst/O
                         net (fo=1, routed)           2.471     3.821    clk_IBUF
    BUFGCTRL_X0Y0        BUFG (Prop_bufg_I_O)         0.077     3.898 r  clk_IBUF_BUFG_inst/O
                         net (fo=2027, routed)        1.706     5.604    fpga_pll.u_clk_pll/inst/clk_in1
    PLLE2_ADV_X1Y0       PLLE2_ADV (Prop_plle2_adv_CLKIN1_CLKOUT0)
                                                     -3.960     1.644 r  fpga_pll.u_clk_pll/inst/plle2_adv_inst/CLKOUT0
                         net (fo=1, routed)           2.177     3.821    fpga_pll.u_clk_pll/inst/cpu_clk_clk_pll
    BUFGCTRL_X0Y2        BUFG (Prop_bufg_I_O)         0.077     3.898 r  fpga_pll.u_clk_pll/inst/clkout1_buf/O
                         net (fo=37090, routed)       1.373     5.271    u_axi_clock_sync/bFifo/bufferCC_12/cpu_clk
    SLICE_X16Y162        FDCE                                         r  u_axi_clock_sync/bFifo/bufferCC_12/buffers_0_reg/C





Min Delay Paths
--------------------------------------------------------------------------------------
Slack:                    inf
  Source:                 u_axi_clock_sync/arFifo/popCC_ptrToPush_reg[1]/C
                            (rising edge-triggered cell FDCE clocked by sys_clk  {rise@0.000ns fall@5.000ns period=10.000ns})
  Destination:            u_axi_clock_sync/arFifo/popToPushGray_buffercc/buffers_0_reg[1]/D
                            (rising edge-triggered cell FDCE clocked by cpu_clk  {rise@0.000ns fall@6.667ns period=13.333ns})
  Path Group:             (none)
  Path Type:              Hold (Min at Fast Process Corner)
  Data Path Delay:        0.261ns  (logic 0.141ns (53.975%)  route 0.120ns (46.025%))
  Logic Levels:           0  
  Clock Path Skew:        0.548ns (DCD - SCD - CPR)
    Destination Clock Delay (DCD):    2.504ns
    Source Clock Delay      (SCD):    1.956ns
    Clock Pessimism Removal (CPR):    -0.000ns
  Clock Uncertainty:      0.190ns  ((TSJ^2 + DJ^2)^1/2) / 2 + PE
    Total System Jitter     (TSJ):    0.071ns
    Discrete Jitter          (DJ):    0.121ns
    Phase Error              (PE):    0.120ns
  Timing Exception:       Asynchronous Clock Groups

    Location             Delay type                Incr(ns)  Path(ns)    Netlist Resource(s)
  -------------------------------------------------------------------    -------------------
                         (clock sys_clk rise edge)    0.000     0.000 r  
    AC19                                              0.000     0.000 r  clk (IN)
                         net (fo=0)                   0.000     0.000    clk
    AC19                 IBUF (Prop_ibuf_I_O)         0.253     0.253 r  clk_IBUF_inst/O
                         net (fo=1, routed)           1.074     1.327    clk_IBUF
    BUFGCTRL_X0Y0        BUFG (Prop_bufg_I_O)         0.026     1.353 r  clk_IBUF_BUFG_inst/O
                         net (fo=2027, routed)        0.750     2.103    fpga_pll.u_clk_pll/inst/clk_in1
    PLLE2_ADV_X1Y0       PLLE2_ADV (Prop_plle2_adv_CLKIN1_CLKOUT1)
                                                     -1.703     0.400 r  fpga_pll.u_clk_pll/inst/plle2_adv_inst/CLKOUT1
                         net (fo=1, routed)           0.927     1.327    fpga_pll.u_clk_pll/inst/sys_clk_clk_pll
    BUFGCTRL_X0Y3        BUFG (Prop_bufg_I_O)         0.026     1.353 r  fpga_pll.u_clk_pll/inst/clkout2_buf/O
                         net (fo=3586, routed)        0.604     1.956    u_axi_clock_sync/arFifo/sys_clk
    SLICE_X39Y171        FDCE                                         r  u_axi_clock_sync/arFifo/popCC_ptrToPush_reg[1]/C
  -------------------------------------------------------------------    -------------------
    SLICE_X39Y171        FDCE (Prop_fdce_C_Q)         0.141     2.097 r  u_axi_clock_sync/arFifo/popCC_ptrToPush_reg[1]/Q
                         net (fo=2, routed)           0.120     2.218    u_axi_clock_sync/arFifo/popToPushGray_buffercc/D[1]
    SLICE_X38Y170        FDCE                                         r  u_axi_clock_sync/arFifo/popToPushGray_buffercc/buffers_0_reg[1]/D
  -------------------------------------------------------------------    -------------------

                         (clock cpu_clk rise edge)    0.000     0.000 r  
    AC19                                              0.000     0.000 r  clk (IN)
                         net (fo=0)                   0.000     0.000    clk
    AC19                 IBUF (Prop_ibuf_I_O)         0.441     0.441 r  clk_IBUF_inst/O
                         net (fo=1, routed)           1.160     1.601    clk_IBUF
    BUFGCTRL_X0Y0        BUFG (Prop_bufg_I_O)         0.029     1.630 r  clk_IBUF_BUFG_inst/O
                         net (fo=2027, routed)        1.027     2.656    fpga_pll.u_clk_pll/inst/clk_in1
    PLLE2_ADV_X1Y0       PLLE2_ADV (Prop_plle2_adv_CLKIN1_CLKOUT0)
                                                     -2.061     0.596 r  fpga_pll.u_clk_pll/inst/plle2_adv_inst/CLKOUT0
                         net (fo=1, routed)           1.005     1.601    fpga_pll.u_clk_pll/inst/cpu_clk_clk_pll
    BUFGCTRL_X0Y2        BUFG (Prop_bufg_I_O)         0.029     1.630 r  fpga_pll.u_clk_pll/inst/clkout1_buf/O
                         net (fo=37090, routed)       0.875     2.504    u_axi_clock_sync/arFifo/popToPushGray_buffercc/cpu_clk
    SLICE_X38Y170        FDCE                                         r  u_axi_clock_sync/arFifo/popToPushGray_buffercc/buffers_0_reg[1]/C





--------------------------------------------------------------------------------------
Path Group:  (none)
From Clock:  clk
  To Clock:  dbg_hub/inst/BSCANID.u_xsdbm_id/SWITCH_N_EXT_BSCAN.bscan_inst/SERIES7_BSCAN.bscan_inst/TCK

Max Delay            95 Endpoints
Min Delay           103 Endpoints
--------------------------------------------------------------------------------------


Max Delay Paths
--------------------------------------------------------------------------------------
Slack:                    inf
  Source:                 dbg_hub/inst/BSCANID.u_xsdbm_id/CORE_XSDB.UUT_MASTER/U_ICON_INTERFACE/U_CMD1/ctl_reg_reg[0]/C
                            (rising edge-triggered cell FDRE clocked by clk  {rise@0.000ns fall@5.000ns period=10.000ns})
  Destination:            dbg_hub/inst/BSCANID.u_xsdbm_id/CORE_XSDB.UUT_MASTER/U_ICON_INTERFACE/U_CMD5/shift_reg_in_reg[10]/R
                            (rising edge-triggered cell FDRE clocked by dbg_hub/inst/BSCANID.u_xsdbm_id/SWITCH_N_EXT_BSCAN.bscan_inst/SERIES7_BSCAN.bscan_inst/TCK  {rise@0.000ns fall@16.500ns period=33.000ns})
  Path Group:             (none)
  Path Type:              Setup (Max at Slow Process Corner)
  Data Path Delay:        2.479ns  (logic 0.433ns (17.466%)  route 2.046ns (82.534%))
  Logic Levels:           0  
  Clock Path Skew:        -1.985ns (DCD - SCD + CPR)
    Destination Clock Delay (DCD):    3.680ns
    Source Clock Delay      (SCD):    5.665ns
    Clock Pessimism Removal (CPR):    0.000ns
  Clock Uncertainty:      0.035ns  ((TSJ^2 + TIJ^2)^1/2 + DJ) / 2 + PE
    Total System Jitter     (TSJ):    0.071ns
    Total Input Jitter      (TIJ):    0.000ns
    Discrete Jitter          (DJ):    0.000ns
    Phase Error              (PE):    0.000ns
  Timing Exception:       False Path

    Location             Delay type                Incr(ns)  Path(ns)    Netlist Resource(s)
  -------------------------------------------------------------------    -------------------
                         (clock clk rise edge)        0.000     0.000 r  
    AC19                                              0.000     0.000 r  clk (IN)
                         net (fo=0)                   0.000     0.000    clk
    AC19                 IBUF (Prop_ibuf_I_O)         1.416     1.416 r  clk_IBUF_inst/O
                         net (fo=1, routed)           2.602     4.018    clk_IBUF
    BUFGCTRL_X0Y0        BUFG (Prop_bufg_I_O)         0.081     4.099 r  clk_IBUF_BUFG_inst/O
                         net (fo=2027, routed)        1.566     5.665    dbg_hub/inst/BSCANID.u_xsdbm_id/CORE_XSDB.UUT_MASTER/U_ICON_INTERFACE/U_CMD1/clk
    SLICE_X48Y213        FDRE                                         r  dbg_hub/inst/BSCANID.u_xsdbm_id/CORE_XSDB.UUT_MASTER/U_ICON_INTERFACE/U_CMD1/ctl_reg_reg[0]/C
  -------------------------------------------------------------------    -------------------
    SLICE_X48Y213        FDRE (Prop_fdre_C_Q)         0.433     6.098 r  dbg_hub/inst/BSCANID.u_xsdbm_id/CORE_XSDB.UUT_MASTER/U_ICON_INTERFACE/U_CMD1/ctl_reg_reg[0]/Q
                         net (fo=182, routed)         2.046     8.144    dbg_hub/inst/BSCANID.u_xsdbm_id/CORE_XSDB.UUT_MASTER/U_ICON_INTERFACE/U_CMD5/ctl_reg_reg[0]_0
    SLICE_X56Y197        FDRE                                         r  dbg_hub/inst/BSCANID.u_xsdbm_id/CORE_XSDB.UUT_MASTER/U_ICON_INTERFACE/U_CMD5/shift_reg_in_reg[10]/R
  -------------------------------------------------------------------    -------------------

                         (clock dbg_hub/inst/BSCANID.u_xsdbm_id/SWITCH_N_EXT_BSCAN.bscan_inst/SERIES7_BSCAN.bscan_inst/TCK rise edge)
                                                      0.000     0.000 r  
    BSCAN_X0Y0           BSCANE2                      0.000     0.000 r  dbg_hub/inst/BSCANID.u_xsdbm_id/SWITCH_N_EXT_BSCAN.bscan_inst/SERIES7_BSCAN.bscan_inst/TCK
                         net (fo=1, routed)           2.316     2.316    dbg_hub/inst/BSCANID.u_xsdbm_id/tck_bs
    BUFGCTRL_X0Y4        BUFG (Prop_bufg_I_O)         0.077     2.393 r  dbg_hub/inst/BSCANID.u_xsdbm_id/SWITCH_N_EXT_BSCAN.u_bufg_icon_tck/O
                         net (fo=486, routed)         1.287     3.680    dbg_hub/inst/BSCANID.u_xsdbm_id/CORE_XSDB.UUT_MASTER/U_ICON_INTERFACE/U_CMD5/m_bscan_tck[0]
    SLICE_X56Y197        FDRE                                         r  dbg_hub/inst/BSCANID.u_xsdbm_id/CORE_XSDB.UUT_MASTER/U_ICON_INTERFACE/U_CMD5/shift_reg_in_reg[10]/C





Min Delay Paths
--------------------------------------------------------------------------------------
Slack:                    inf
  Source:                 dbg_hub/inst/BSCANID.u_xsdbm_id/CORE_XSDB.UUT_MASTER/U_ICON_INTERFACE/U_CMD6_WR/U_WR_FIFO/SUBCORE_FIFO.xsdbm_v3_0_0_wrfifo_inst/inst_fifo_gen/gconvfifo.rf/grf.rf/gntv_or_sync_fifo.gcx.clkx/gnxpm_cdc.rd_pntr_gc_reg[3]/C
                            (rising edge-triggered cell FDCE clocked by clk  {rise@0.000ns fall@5.000ns period=10.000ns})
  Destination:            dbg_hub/inst/BSCANID.u_xsdbm_id/CORE_XSDB.UUT_MASTER/U_ICON_INTERFACE/U_CMD6_WR/U_WR_FIFO/SUBCORE_FIFO.xsdbm_v3_0_0_wrfifo_inst/inst_fifo_gen/gconvfifo.rf/grf.rf/gntv_or_sync_fifo.gcx.clkx/gnxpm_cdc.gsync_stage[1].wr_stg_inst/Q_reg_reg[3]/D
                            (rising edge-triggered cell FDCE clocked by dbg_hub/inst/BSCANID.u_xsdbm_id/SWITCH_N_EXT_BSCAN.bscan_inst/SERIES7_BSCAN.bscan_inst/TCK  {rise@0.000ns fall@16.500ns period=33.000ns})
  Path Group:             (none)
  Path Type:              Hold (Min at Fast Process Corner)
  Data Path Delay:        0.239ns  (logic 0.141ns (59.103%)  route 0.098ns (40.897%))
  Logic Levels:           0  
  Clock Path Skew:        0.546ns (DCD - SCD - CPR)
    Destination Clock Delay (DCD):    2.474ns
    Source Clock Delay      (SCD):    1.928ns
    Clock Pessimism Removal (CPR):    -0.000ns
  Clock Uncertainty:      0.035ns  ((TSJ^2 + TIJ^2)^1/2 + DJ) / 2 + PE
    Total System Jitter     (TSJ):    0.071ns
    Total Input Jitter      (TIJ):    0.000ns
    Discrete Jitter          (DJ):    0.000ns
    Phase Error              (PE):    0.000ns
  Timing Exception:       False Path

    Location             Delay type                Incr(ns)  Path(ns)    Netlist Resource(s)
  -------------------------------------------------------------------    -------------------
                         (clock clk rise edge)        0.000     0.000 r  
    AC19                                              0.000     0.000 r  clk (IN)
                         net (fo=0)                   0.000     0.000    clk
    AC19                 IBUF (Prop_ibuf_I_O)         0.253     0.253 r  clk_IBUF_inst/O
                         net (fo=1, routed)           1.074     1.327    clk_IBUF
    BUFGCTRL_X0Y0        BUFG (Prop_bufg_I_O)         0.026     1.353 r  clk_IBUF_BUFG_inst/O
                         net (fo=2027, routed)        0.576     1.928    dbg_hub/inst/BSCANID.u_xsdbm_id/CORE_XSDB.UUT_MASTER/U_ICON_INTERFACE/U_CMD6_WR/U_WR_FIFO/SUBCORE_FIFO.xsdbm_v3_0_0_wrfifo_inst/inst_fifo_gen/gconvfifo.rf/grf.rf/gntv_or_sync_fifo.gcx.clkx/rd_clk
    SLICE_X67Y194        FDCE                                         r  dbg_hub/inst/BSCANID.u_xsdbm_id/CORE_XSDB.UUT_MASTER/U_ICON_INTERFACE/U_CMD6_WR/U_WR_FIFO/SUBCORE_FIFO.xsdbm_v3_0_0_wrfifo_inst/inst_fifo_gen/gconvfifo.rf/grf.rf/gntv_or_sync_fifo.gcx.clkx/gnxpm_cdc.rd_pntr_gc_reg[3]/C
  -------------------------------------------------------------------    -------------------
    SLICE_X67Y194        FDCE (Prop_fdce_C_Q)         0.141     2.069 r  dbg_hub/inst/BSCANID.u_xsdbm_id/CORE_XSDB.UUT_MASTER/U_ICON_INTERFACE/U_CMD6_WR/U_WR_FIFO/SUBCORE_FIFO.xsdbm_v3_0_0_wrfifo_inst/inst_fifo_gen/gconvfifo.rf/grf.rf/gntv_or_sync_fifo.gcx.clkx/gnxpm_cdc.rd_pntr_gc_reg[3]/Q
                         net (fo=1, routed)           0.098     2.167    dbg_hub/inst/BSCANID.u_xsdbm_id/CORE_XSDB.UUT_MASTER/U_ICON_INTERFACE/U_CMD6_WR/U_WR_FIFO/SUBCORE_FIFO.xsdbm_v3_0_0_wrfifo_inst/inst_fifo_gen/gconvfifo.rf/grf.rf/gntv_or_sync_fifo.gcx.clkx/gnxpm_cdc.gsync_stage[1].wr_stg_inst/Q[3]
    SLICE_X68Y194        FDCE                                         r  dbg_hub/inst/BSCANID.u_xsdbm_id/CORE_XSDB.UUT_MASTER/U_ICON_INTERFACE/U_CMD6_WR/U_WR_FIFO/SUBCORE_FIFO.xsdbm_v3_0_0_wrfifo_inst/inst_fifo_gen/gconvfifo.rf/grf.rf/gntv_or_sync_fifo.gcx.clkx/gnxpm_cdc.gsync_stage[1].wr_stg_inst/Q_reg_reg[3]/D
  -------------------------------------------------------------------    -------------------

                         (clock dbg_hub/inst/BSCANID.u_xsdbm_id/SWITCH_N_EXT_BSCAN.bscan_inst/SERIES7_BSCAN.bscan_inst/TCK rise edge)
                                                      0.000     0.000 r  
    BSCAN_X0Y0           BSCANE2                      0.000     0.000 r  dbg_hub/inst/BSCANID.u_xsdbm_id/SWITCH_N_EXT_BSCAN.bscan_inst/SERIES7_BSCAN.bscan_inst/TCK
                         net (fo=1, routed)           1.599     1.599    dbg_hub/inst/BSCANID.u_xsdbm_id/tck_bs
    BUFGCTRL_X0Y4        BUFG (Prop_bufg_I_O)         0.029     1.628 r  dbg_hub/inst/BSCANID.u_xsdbm_id/SWITCH_N_EXT_BSCAN.u_bufg_icon_tck/O
                         net (fo=486, routed)         0.846     2.474    dbg_hub/inst/BSCANID.u_xsdbm_id/CORE_XSDB.UUT_MASTER/U_ICON_INTERFACE/U_CMD6_WR/U_WR_FIFO/SUBCORE_FIFO.xsdbm_v3_0_0_wrfifo_inst/inst_fifo_gen/gconvfifo.rf/grf.rf/gntv_or_sync_fifo.gcx.clkx/gnxpm_cdc.gsync_stage[1].wr_stg_inst/wr_clk
    SLICE_X68Y194        FDCE                                         r  dbg_hub/inst/BSCANID.u_xsdbm_id/CORE_XSDB.UUT_MASTER/U_ICON_INTERFACE/U_CMD6_WR/U_WR_FIFO/SUBCORE_FIFO.xsdbm_v3_0_0_wrfifo_inst/inst_fifo_gen/gconvfifo.rf/grf.rf/gntv_or_sync_fifo.gcx.clkx/gnxpm_cdc.gsync_stage[1].wr_stg_inst/Q_reg_reg[3]/C





--------------------------------------------------------------------------------------
Path Group:  (none)
From Clock:  clk
  To Clock:  ddr_clk

Max Delay            15 Endpoints
Min Delay            15 Endpoints
--------------------------------------------------------------------------------------


Max Delay Paths
--------------------------------------------------------------------------------------
Slack:                    inf
  Source:                 ddr3.u_axi_wrap_ddr/mig_reset_sync_reg[3]/C
                            (rising edge-triggered cell FDCE clocked by clk  {rise@0.000ns fall@5.000ns period=10.000ns})
  Destination:            ddr3.u_axi_wrap_ddr/mig_axi/u_mig_axi_32_mig/u_iodelay_ctrl/rst_ref_sync_r_reg[0][2]/PRE
                            (recovery check against rising-edge clock ddr_clk  {rise@0.000ns fall@2.500ns period=5.000ns})
  Path Group:             (none)
  Path Type:              Recovery (Max at Slow Process Corner)
  Data Path Delay:        5.361ns  (logic 0.538ns (10.035%)  route 4.823ns (89.965%))
  Logic Levels:           1  (LUT1=1)
  Clock Path Skew:        -0.060ns (DCD - SCD + CPR)
    Destination Clock Delay (DCD):    5.438ns
    Source Clock Delay      (SCD):    5.497ns
    Clock Pessimism Removal (CPR):    0.000ns
  Clock Uncertainty:      0.149ns  ((TSJ^2 + DJ^2)^1/2) / 2 + PE
    Total System Jitter     (TSJ):    0.071ns
    Discrete Jitter          (DJ):    0.100ns
    Phase Error              (PE):    0.087ns
  Timing Exception:       False Path

    Location             Delay type                Incr(ns)  Path(ns)    Netlist Resource(s)
  -------------------------------------------------------------------    -------------------
                         (clock clk rise edge)        0.000     0.000 r  
    AC19                                              0.000     0.000 r  clk (IN)
                         net (fo=0)                   0.000     0.000    clk
    AC19                 IBUF (Prop_ibuf_I_O)         1.416     1.416 r  clk_IBUF_inst/O
                         net (fo=1, routed)           2.602     4.018    clk_IBUF
    BUFGCTRL_X0Y0        BUFG (Prop_bufg_I_O)         0.081     4.099 r  clk_IBUF_BUFG_inst/O
                         net (fo=2027, routed)        1.398     5.497    ddr3.u_axi_wrap_ddr/CLK
    SLICE_X48Y195        FDCE                                         r  ddr3.u_axi_wrap_ddr/mig_reset_sync_reg[3]/C
  -------------------------------------------------------------------    -------------------
    SLICE_X48Y195        FDCE (Prop_fdce_C_Q)         0.433     5.930 r  ddr3.u_axi_wrap_ddr/mig_reset_sync_reg[3]/Q
                         net (fo=2, routed)           2.367     8.297    ddr3.u_axi_wrap_ddr/mig_axi/u_mig_axi_32_mig/u_iodelay_ctrl/sys_rst_i
    SLICE_X3Y225         LUT1 (Prop_lut1_I0_O)        0.105     8.402 f  ddr3.u_axi_wrap_ddr/mig_axi/u_mig_axi_32_mig/u_iodelay_ctrl/plle2_i_i_1/O
                         net (fo=16, routed)          2.456    10.858    ddr3.u_axi_wrap_ddr/mig_axi/u_mig_axi_32_mig/u_iodelay_ctrl/AS[0]
    SLICE_X22Y247        FDPE                                         f  ddr3.u_axi_wrap_ddr/mig_axi/u_mig_axi_32_mig/u_iodelay_ctrl/rst_ref_sync_r_reg[0][2]/PRE
  -------------------------------------------------------------------    -------------------

                         (clock ddr_clk rise edge)    0.000     0.000 r  
    AC19                                              0.000     0.000 r  clk (IN)
                         net (fo=0)                   0.000     0.000    clk
    AC19                 IBUF (Prop_ibuf_I_O)         1.350     1.350 r  clk_IBUF_inst/O
                         net (fo=1, routed)           2.471     3.821    clk_IBUF
    BUFGCTRL_X0Y0        BUFG (Prop_bufg_I_O)         0.077     3.898 r  clk_IBUF_BUFG_inst/O
                         net (fo=2027, routed)        1.706     5.604    fpga_pll.u_clk_pll/inst/clk_in1
    PLLE2_ADV_X1Y0       PLLE2_ADV (Prop_plle2_adv_CLKIN1_CLKOUT2)
                                                     -3.960     1.644 r  fpga_pll.u_clk_pll/inst/plle2_adv_inst/CLKOUT2
                         net (fo=1, routed)           2.177     3.821    fpga_pll.u_clk_pll/inst/ddr_clk_clk_pll
    BUFGCTRL_X0Y1        BUFG (Prop_bufg_I_O)         0.077     3.898 r  fpga_pll.u_clk_pll/inst/clkout3_buf/O
                         net (fo=62, routed)          1.540     5.438    ddr3.u_axi_wrap_ddr/mig_axi/u_mig_axi_32_mig/u_iodelay_ctrl/clk_ref_i
    SLICE_X22Y247        FDPE                                         r  ddr3.u_axi_wrap_ddr/mig_axi/u_mig_axi_32_mig/u_iodelay_ctrl/rst_ref_sync_r_reg[0][2]/C





Min Delay Paths
--------------------------------------------------------------------------------------
Slack:                    inf
  Source:                 ddr3.u_axi_wrap_ddr/mig_reset_sync_reg[3]/C
                            (rising edge-triggered cell FDCE clocked by clk  {rise@0.000ns fall@5.000ns period=10.000ns})
  Destination:            ddr3.u_axi_wrap_ddr/mig_axi/u_mig_axi_32_mig/u_iodelay_ctrl/rst_ref_sync_r_reg[0][14]/PRE
                            (removal check against rising-edge clock ddr_clk  {rise@0.000ns fall@2.500ns period=5.000ns})
  Path Group:             (none)
  Path Type:              Removal (Min at Fast Process Corner)
  Data Path Delay:        2.258ns  (logic 0.209ns (9.254%)  route 2.049ns (90.746%))
  Logic Levels:           1  (LUT1=1)
  Clock Path Skew:        0.715ns (DCD - SCD - CPR)
    Destination Clock Delay (DCD):    2.651ns
    Source Clock Delay      (SCD):    1.936ns
    Clock Pessimism Removal (CPR):    -0.000ns
  Clock Uncertainty:      0.149ns  ((TSJ^2 + DJ^2)^1/2) / 2 + PE
    Total System Jitter     (TSJ):    0.071ns
    Discrete Jitter          (DJ):    0.100ns
    Phase Error              (PE):    0.087ns
  Timing Exception:       False Path

    Location             Delay type                Incr(ns)  Path(ns)    Netlist Resource(s)
  -------------------------------------------------------------------    -------------------
                         (clock clk rise edge)        0.000     0.000 r  
    AC19                                              0.000     0.000 r  clk (IN)
                         net (fo=0)                   0.000     0.000    clk
    AC19                 IBUF (Prop_ibuf_I_O)         0.253     0.253 r  clk_IBUF_inst/O
                         net (fo=1, routed)           1.074     1.327    clk_IBUF
    BUFGCTRL_X0Y0        BUFG (Prop_bufg_I_O)         0.026     1.353 r  clk_IBUF_BUFG_inst/O
                         net (fo=2027, routed)        0.584     1.936    ddr3.u_axi_wrap_ddr/CLK
    SLICE_X48Y195        FDCE                                         r  ddr3.u_axi_wrap_ddr/mig_reset_sync_reg[3]/C
  -------------------------------------------------------------------    -------------------
    SLICE_X48Y195        FDCE (Prop_fdce_C_Q)         0.164     2.100 r  ddr3.u_axi_wrap_ddr/mig_reset_sync_reg[3]/Q
                         net (fo=2, routed)           1.343     3.444    ddr3.u_axi_wrap_ddr/mig_axi/u_mig_axi_32_mig/u_iodelay_ctrl/sys_rst_i
    SLICE_X3Y225         LUT1 (Prop_lut1_I0_O)        0.045     3.489 f  ddr3.u_axi_wrap_ddr/mig_axi/u_mig_axi_32_mig/u_iodelay_ctrl/plle2_i_i_1/O
                         net (fo=16, routed)          0.706     4.195    ddr3.u_axi_wrap_ddr/mig_axi/u_mig_axi_32_mig/u_iodelay_ctrl/AS[0]
    SLICE_X2Y247         FDPE                                         f  ddr3.u_axi_wrap_ddr/mig_axi/u_mig_axi_32_mig/u_iodelay_ctrl/rst_ref_sync_r_reg[0][14]/PRE
  -------------------------------------------------------------------    -------------------

                         (clock ddr_clk rise edge)    0.000     0.000 r  
    AC19                                              0.000     0.000 r  clk (IN)
                         net (fo=0)                   0.000     0.000    clk
    AC19                 IBUF (Prop_ibuf_I_O)         0.441     0.441 r  clk_IBUF_inst/O
                         net (fo=1, routed)           1.160     1.601    clk_IBUF
    BUFGCTRL_X0Y0        BUFG (Prop_bufg_I_O)         0.029     1.630 r  clk_IBUF_BUFG_inst/O
                         net (fo=2027, routed)        1.027     2.656    fpga_pll.u_clk_pll/inst/clk_in1
    PLLE2_ADV_X1Y0       PLLE2_ADV (Prop_plle2_adv_CLKIN1_CLKOUT2)
                                                     -2.061     0.596 r  fpga_pll.u_clk_pll/inst/plle2_adv_inst/CLKOUT2
                         net (fo=1, routed)           1.005     1.601    fpga_pll.u_clk_pll/inst/ddr_clk_clk_pll
    BUFGCTRL_X0Y1        BUFG (Prop_bufg_I_O)         0.029     1.630 r  fpga_pll.u_clk_pll/inst/clkout3_buf/O
                         net (fo=62, routed)          1.021     2.651    ddr3.u_axi_wrap_ddr/mig_axi/u_mig_axi_32_mig/u_iodelay_ctrl/clk_ref_i
    SLICE_X2Y247         FDPE                                         r  ddr3.u_axi_wrap_ddr/mig_axi/u_mig_axi_32_mig/u_iodelay_ctrl/rst_ref_sync_r_reg[0][14]/C





--------------------------------------------------------------------------------------
Path Group:  (none)
From Clock:  clk_pll_i
  To Clock:  ddr_clk

Max Delay             0 Endpoints
Min Delay             1 Endpoint
--------------------------------------------------------------------------------------


Min Delay Paths
--------------------------------------------------------------------------------------
Slack:                    inf
  Source:                 ddr3.u_axi_wrap_ddr/mig_axi/u_mig_axi_32_mig/u_ddr3_infrastructure/rstdiv0_sync_r1_reg_rep/C
                            (rising edge-triggered cell FDPE clocked by clk_pll_i  {rise@0.000ns fall@5.000ns period=10.000ns})
  Destination:            ddr3.u_axi_wrap_ddr/mig_axi/u_mig_axi_32_mig/temp_mon_enabled.u_tempmon/xadc_supplied_temperature.rst_r1_reg/D
                            (rising edge-triggered cell FDRE clocked by ddr_clk  {rise@0.000ns fall@2.500ns period=5.000ns})
  Path Group:             (none)
  Path Type:              Hold (Min at Fast Process Corner)
  Data Path Delay:        2.725ns  (logic 0.141ns (5.174%)  route 2.584ns (94.826%))
  Logic Levels:           0  
  Clock Path Skew:        -0.460ns (DCD - SCD - CPR)
    Destination Clock Delay (DCD):    2.521ns
    Source Clock Delay      (SCD):    2.982ns
    Clock Pessimism Removal (CPR):    -0.000ns
  Clock Uncertainty:      0.248ns  ((TSJ^2 + DJ^2)^1/2) / 2 + PE
    Total System Jitter     (TSJ):    0.071ns
    Discrete Jitter          (DJ):    0.196ns
    Phase Error              (PE):    0.144ns
  Timing Exception:       False Path

    Location             Delay type                Incr(ns)  Path(ns)    Netlist Resource(s)
  -------------------------------------------------------------------    -------------------
                         (clock clk_pll_i rise edge)
                                                      0.000     0.000 r  
    AC19                                              0.000     0.000 r  clk (IN)
                         net (fo=0)                   0.000     0.000    clk
    AC19                 IBUF (Prop_ibuf_I_O)         0.253     0.253 r  clk_IBUF_inst/O
                         net (fo=1, routed)           1.074     1.327    clk_IBUF
    BUFGCTRL_X0Y0        BUFG (Prop_bufg_I_O)         0.026     1.353 r  clk_IBUF_BUFG_inst/O
                         net (fo=2027, routed)        0.701     2.054    ddr3.u_axi_wrap_ddr/mig_axi/u_mig_axi_32_mig/u_ddr3_infrastructure/mmcm_clk
    PLLE2_ADV_X0Y4       PLLE2_ADV (Prop_plle2_adv_CLKIN1_CLKOUT3)
                                                      0.050     2.104 r  ddr3.u_axi_wrap_ddr/mig_axi/u_mig_axi_32_mig/u_ddr3_infrastructure/plle2_i/CLKOUT3
                         net (fo=1, routed)           0.518     2.622    ddr3.u_axi_wrap_ddr/mig_axi/u_mig_axi_32_mig/u_ddr3_infrastructure/pll_clk3_out
    BUFHCE_X0Y48         BUFH (Prop_bufh_I_O)         0.020     2.642 r  ddr3.u_axi_wrap_ddr/mig_axi/u_mig_axi_32_mig/u_ddr3_infrastructure/u_bufh_pll_clk3/O
                         net (fo=1, routed)           0.326     2.968    ddr3.u_axi_wrap_ddr/mig_axi/u_mig_axi_32_mig/u_ddr3_infrastructure/pll_clk3
    MMCME2_ADV_X0Y4      MMCME2_ADV (Prop_mmcme2_adv_CLKIN1_CLKFBOUT)
                                                     -1.511     1.457 r  ddr3.u_axi_wrap_ddr/mig_axi/u_mig_axi_32_mig/u_ddr3_infrastructure/gen_mmcm.mmcm_i/CLKFBOUT
                         net (fo=1, routed)           0.790     2.248    ddr3.u_axi_wrap_ddr/mig_axi/u_mig_axi_32_mig/u_ddr3_infrastructure/clk_pll_i
    BUFGCTRL_X0Y16       BUFG (Prop_bufg_I_O)         0.026     2.274 r  ddr3.u_axi_wrap_ddr/mig_axi/u_mig_axi_32_mig/u_ddr3_infrastructure/u_bufg_clkdiv0/O
                         net (fo=7005, routed)        0.708     2.982    ddr3.u_axi_wrap_ddr/mig_axi/u_mig_axi_32_mig/u_ddr3_infrastructure/CLK
    SLICE_X23Y245        FDPE                                         r  ddr3.u_axi_wrap_ddr/mig_axi/u_mig_axi_32_mig/u_ddr3_infrastructure/rstdiv0_sync_r1_reg_rep/C
  -------------------------------------------------------------------    -------------------
    SLICE_X23Y245        FDPE (Prop_fdpe_C_Q)         0.141     3.123 r  ddr3.u_axi_wrap_ddr/mig_axi/u_mig_axi_32_mig/u_ddr3_infrastructure/rstdiv0_sync_r1_reg_rep/Q
                         net (fo=32, routed)          2.584     5.707    ddr3.u_axi_wrap_ddr/mig_axi/u_mig_axi_32_mig/temp_mon_enabled.u_tempmon/in0
    SLICE_X13Y163        FDRE                                         r  ddr3.u_axi_wrap_ddr/mig_axi/u_mig_axi_32_mig/temp_mon_enabled.u_tempmon/xadc_supplied_temperature.rst_r1_reg/D
  -------------------------------------------------------------------    -------------------

                         (clock ddr_clk rise edge)    0.000     0.000 r  
    AC19                                              0.000     0.000 r  clk (IN)
                         net (fo=0)                   0.000     0.000    clk
    AC19                 IBUF (Prop_ibuf_I_O)         0.441     0.441 r  clk_IBUF_inst/O
                         net (fo=1, routed)           1.160     1.601    clk_IBUF
    BUFGCTRL_X0Y0        BUFG (Prop_bufg_I_O)         0.029     1.630 r  clk_IBUF_BUFG_inst/O
                         net (fo=2027, routed)        1.027     2.656    fpga_pll.u_clk_pll/inst/clk_in1
    PLLE2_ADV_X1Y0       PLLE2_ADV (Prop_plle2_adv_CLKIN1_CLKOUT2)
                                                     -2.061     0.596 r  fpga_pll.u_clk_pll/inst/plle2_adv_inst/CLKOUT2
                         net (fo=1, routed)           1.005     1.601    fpga_pll.u_clk_pll/inst/ddr_clk_clk_pll
    BUFGCTRL_X0Y1        BUFG (Prop_bufg_I_O)         0.029     1.630 r  fpga_pll.u_clk_pll/inst/clkout3_buf/O
                         net (fo=62, routed)          0.891     2.521    ddr3.u_axi_wrap_ddr/mig_axi/u_mig_axi_32_mig/temp_mon_enabled.u_tempmon/clk_ref_i
    SLICE_X13Y163        FDRE                                         r  ddr3.u_axi_wrap_ddr/mig_axi/u_mig_axi_32_mig/temp_mon_enabled.u_tempmon/xadc_supplied_temperature.rst_r1_reg/C





--------------------------------------------------------------------------------------
Path Group:  (none)
From Clock:  clk
  To Clock:  sys_clk

Max Delay            37 Endpoints
Min Delay            61 Endpoints
--------------------------------------------------------------------------------------


Max Delay Paths
--------------------------------------------------------------------------------------
Slack:                    inf
  Source:                 u_jtag_axi_wrap/u_jtag_axi/inst/jtag_axi_engine_u/tx_fifo_i/inst_fifo_gen/gconvfifo.rf/grf.rf/gntv_or_sync_fifo.mem/gdm.dm_gen.dm/RAM_reg_64_127_15_17/RAMC/CLK
                            (rising edge-triggered cell RAMD64E clocked by clk  {rise@0.000ns fall@5.000ns period=10.000ns})
  Destination:            u_jtag_axi_wrap/u_jtag_axi/inst/jtag_axi_engine_u/tx_fifo_i/inst_fifo_gen/gconvfifo.rf/grf.rf/gntv_or_sync_fifo.mem/gdm.dm_gen.dm/gpr1.dout_i_reg[17]/D
                            (rising edge-triggered cell FDRE clocked by sys_clk  {rise@0.000ns fall@5.000ns period=10.000ns})
  Path Group:             (none)
  Path Type:              Setup (Max at Slow Process Corner)
  Data Path Delay:        2.196ns  (logic 1.189ns (54.136%)  route 1.007ns (45.864%))
  Logic Levels:           1  (LUT6=1)
  Clock Path Skew:        -0.311ns (DCD - SCD + CPR)
    Destination Clock Delay (DCD):    5.186ns
    Source Clock Delay      (SCD):    5.497ns
    Clock Pessimism Removal (CPR):    0.000ns
  Clock Uncertainty:      0.154ns  ((TSJ^2 + DJ^2)^1/2) / 2 + PE
    Total System Jitter     (TSJ):    0.071ns
    Discrete Jitter          (DJ):    0.114ns
    Phase Error              (PE):    0.087ns
  Timing Exception:       False Path

    Location             Delay type                Incr(ns)  Path(ns)    Netlist Resource(s)
  -------------------------------------------------------------------    -------------------
                         (clock clk rise edge)        0.000     0.000 r  
    AC19                                              0.000     0.000 r  clk (IN)
                         net (fo=0)                   0.000     0.000    clk
    AC19                 IBUF (Prop_ibuf_I_O)         1.416     1.416 r  clk_IBUF_inst/O
                         net (fo=1, routed)           2.602     4.018    clk_IBUF
    BUFGCTRL_X0Y0        BUFG (Prop_bufg_I_O)         0.081     4.099 r  clk_IBUF_BUFG_inst/O
                         net (fo=2027, routed)        1.398     5.497    u_jtag_axi_wrap/u_jtag_axi/inst/jtag_axi_engine_u/tx_fifo_i/inst_fifo_gen/gconvfifo.rf/grf.rf/gntv_or_sync_fifo.mem/gdm.dm_gen.dm/RAM_reg_64_127_15_17/WCLK
    SLICE_X42Y194        RAMD64E                                      r  u_jtag_axi_wrap/u_jtag_axi/inst/jtag_axi_engine_u/tx_fifo_i/inst_fifo_gen/gconvfifo.rf/grf.rf/gntv_or_sync_fifo.mem/gdm.dm_gen.dm/RAM_reg_64_127_15_17/RAMC/CLK
  -------------------------------------------------------------------    -------------------
    SLICE_X42Y194        RAMD64E (Prop_ramd64e_CLK_O)
                                                      1.084     6.581 r  u_jtag_axi_wrap/u_jtag_axi/inst/jtag_axi_engine_u/tx_fifo_i/inst_fifo_gen/gconvfifo.rf/grf.rf/gntv_or_sync_fifo.mem/gdm.dm_gen.dm/RAM_reg_64_127_15_17/RAMC/O
                         net (fo=1, routed)           1.007     7.589    u_jtag_axi_wrap/u_jtag_axi/inst/jtag_axi_engine_u/tx_fifo_i/inst_fifo_gen/gconvfifo.rf/grf.rf/gntv_or_sync_fifo.mem/gdm.dm_gen.dm/RAM_reg_64_127_15_17_n_2
    SLICE_X43Y196        LUT6 (Prop_lut6_I3_O)        0.105     7.694 r  u_jtag_axi_wrap/u_jtag_axi/inst/jtag_axi_engine_u/tx_fifo_i/inst_fifo_gen/gconvfifo.rf/grf.rf/gntv_or_sync_fifo.mem/gdm.dm_gen.dm/gpr1.dout_i[17]_i_1/O
                         net (fo=1, routed)           0.000     7.694    u_jtag_axi_wrap/u_jtag_axi/inst/jtag_axi_engine_u/tx_fifo_i/inst_fifo_gen/gconvfifo.rf/grf.rf/gntv_or_sync_fifo.mem/gdm.dm_gen.dm/dout_i0[17]
    SLICE_X43Y196        FDRE                                         r  u_jtag_axi_wrap/u_jtag_axi/inst/jtag_axi_engine_u/tx_fifo_i/inst_fifo_gen/gconvfifo.rf/grf.rf/gntv_or_sync_fifo.mem/gdm.dm_gen.dm/gpr1.dout_i_reg[17]/D
  -------------------------------------------------------------------    -------------------

                         (clock sys_clk rise edge)    0.000     0.000 r  
    AC19                                              0.000     0.000 r  clk (IN)
                         net (fo=0)                   0.000     0.000    clk
    AC19                 IBUF (Prop_ibuf_I_O)         1.350     1.350 r  clk_IBUF_inst/O
                         net (fo=1, routed)           2.471     3.821    clk_IBUF
    BUFGCTRL_X0Y0        BUFG (Prop_bufg_I_O)         0.077     3.898 r  clk_IBUF_BUFG_inst/O
                         net (fo=2027, routed)        1.706     5.604    fpga_pll.u_clk_pll/inst/clk_in1
    PLLE2_ADV_X1Y0       PLLE2_ADV (Prop_plle2_adv_CLKIN1_CLKOUT1)
                                                     -3.960     1.644 r  fpga_pll.u_clk_pll/inst/plle2_adv_inst/CLKOUT1
                         net (fo=1, routed)           2.177     3.821    fpga_pll.u_clk_pll/inst/sys_clk_clk_pll
    BUFGCTRL_X0Y3        BUFG (Prop_bufg_I_O)         0.077     3.898 r  fpga_pll.u_clk_pll/inst/clkout2_buf/O
                         net (fo=3586, routed)        1.288     5.186    u_jtag_axi_wrap/u_jtag_axi/inst/jtag_axi_engine_u/tx_fifo_i/inst_fifo_gen/gconvfifo.rf/grf.rf/gntv_or_sync_fifo.mem/gdm.dm_gen.dm/gpr1.dout_i_reg[31]_0
    SLICE_X43Y196        FDRE                                         r  u_jtag_axi_wrap/u_jtag_axi/inst/jtag_axi_engine_u/tx_fifo_i/inst_fifo_gen/gconvfifo.rf/grf.rf/gntv_or_sync_fifo.mem/gdm.dm_gen.dm/gpr1.dout_i_reg[17]/C





Min Delay Paths
--------------------------------------------------------------------------------------
Slack:                    inf
  Source:                 u_jtag_axi_wrap/u_jtag_axi/inst/jtag_axi_engine_u/rx_fifo_i/inst_fifo_gen/gconvfifo.rf/grf.rf/gntv_or_sync_fifo.gcx.clkx/rd_pntr_cdc_inst/src_gray_ff_reg[1]/C
                            (rising edge-triggered cell FDRE clocked by clk  {rise@0.000ns fall@5.000ns period=10.000ns})
  Destination:            u_jtag_axi_wrap/u_jtag_axi/inst/jtag_axi_engine_u/rx_fifo_i/inst_fifo_gen/gconvfifo.rf/grf.rf/gntv_or_sync_fifo.gcx.clkx/rd_pntr_cdc_inst/dest_graysync_ff_reg[0][1]/D
                            (rising edge-triggered cell FDRE clocked by sys_clk  {rise@0.000ns fall@5.000ns period=10.000ns})
  Path Group:             (none)
  Path Type:              Hold (Min at Fast Process Corner)
  Data Path Delay:        0.233ns  (logic 0.128ns (54.994%)  route 0.105ns (45.006%))
  Logic Levels:           0  
  Clock Path Skew:        0.545ns (DCD - SCD - CPR)
    Destination Clock Delay (DCD):    2.472ns
    Source Clock Delay      (SCD):    1.927ns
    Clock Pessimism Removal (CPR):    -0.000ns
  Clock Uncertainty:      0.154ns  ((TSJ^2 + DJ^2)^1/2) / 2 + PE
    Total System Jitter     (TSJ):    0.071ns
    Discrete Jitter          (DJ):    0.114ns
    Phase Error              (PE):    0.087ns
  Timing Exception:       False Path

    Location             Delay type                Incr(ns)  Path(ns)    Netlist Resource(s)
  -------------------------------------------------------------------    -------------------
                         (clock clk rise edge)        0.000     0.000 r  
    AC19                                              0.000     0.000 r  clk (IN)
                         net (fo=0)                   0.000     0.000    clk
    AC19                 IBUF (Prop_ibuf_I_O)         0.253     0.253 r  clk_IBUF_inst/O
                         net (fo=1, routed)           1.074     1.327    clk_IBUF
    BUFGCTRL_X0Y0        BUFG (Prop_bufg_I_O)         0.026     1.353 r  clk_IBUF_BUFG_inst/O
                         net (fo=2027, routed)        0.575     1.927    u_jtag_axi_wrap/u_jtag_axi/inst/jtag_axi_engine_u/rx_fifo_i/inst_fifo_gen/gconvfifo.rf/grf.rf/gntv_or_sync_fifo.gcx.clkx/rd_pntr_cdc_inst/src_clk
    SLICE_X43Y179        FDRE                                         r  u_jtag_axi_wrap/u_jtag_axi/inst/jtag_axi_engine_u/rx_fifo_i/inst_fifo_gen/gconvfifo.rf/grf.rf/gntv_or_sync_fifo.gcx.clkx/rd_pntr_cdc_inst/src_gray_ff_reg[1]/C
  -------------------------------------------------------------------    -------------------
    SLICE_X43Y179        FDRE (Prop_fdre_C_Q)         0.128     2.055 r  u_jtag_axi_wrap/u_jtag_axi/inst/jtag_axi_engine_u/rx_fifo_i/inst_fifo_gen/gconvfifo.rf/grf.rf/gntv_or_sync_fifo.gcx.clkx/rd_pntr_cdc_inst/src_gray_ff_reg[1]/Q
                         net (fo=1, routed)           0.105     2.160    u_jtag_axi_wrap/u_jtag_axi/inst/jtag_axi_engine_u/rx_fifo_i/inst_fifo_gen/gconvfifo.rf/grf.rf/gntv_or_sync_fifo.gcx.clkx/rd_pntr_cdc_inst/async_path[1]
    SLICE_X43Y178        FDRE                                         r  u_jtag_axi_wrap/u_jtag_axi/inst/jtag_axi_engine_u/rx_fifo_i/inst_fifo_gen/gconvfifo.rf/grf.rf/gntv_or_sync_fifo.gcx.clkx/rd_pntr_cdc_inst/dest_graysync_ff_reg[0][1]/D
  -------------------------------------------------------------------    -------------------

                         (clock sys_clk rise edge)    0.000     0.000 r  
    AC19                                              0.000     0.000 r  clk (IN)
                         net (fo=0)                   0.000     0.000    clk
    AC19                 IBUF (Prop_ibuf_I_O)         0.441     0.441 r  clk_IBUF_inst/O
                         net (fo=1, routed)           1.160     1.601    clk_IBUF
    BUFGCTRL_X0Y0        BUFG (Prop_bufg_I_O)         0.029     1.630 r  clk_IBUF_BUFG_inst/O
                         net (fo=2027, routed)        1.027     2.656    fpga_pll.u_clk_pll/inst/clk_in1
    PLLE2_ADV_X1Y0       PLLE2_ADV (Prop_plle2_adv_CLKIN1_CLKOUT1)
                                                     -2.061     0.596 r  fpga_pll.u_clk_pll/inst/plle2_adv_inst/CLKOUT1
                         net (fo=1, routed)           1.005     1.601    fpga_pll.u_clk_pll/inst/sys_clk_clk_pll
    BUFGCTRL_X0Y3        BUFG (Prop_bufg_I_O)         0.029     1.630 r  fpga_pll.u_clk_pll/inst/clkout2_buf/O
                         net (fo=3586, routed)        0.842     2.472    u_jtag_axi_wrap/u_jtag_axi/inst/jtag_axi_engine_u/rx_fifo_i/inst_fifo_gen/gconvfifo.rf/grf.rf/gntv_or_sync_fifo.gcx.clkx/rd_pntr_cdc_inst/dest_clk
    SLICE_X43Y178        FDRE                                         r  u_jtag_axi_wrap/u_jtag_axi/inst/jtag_axi_engine_u/rx_fifo_i/inst_fifo_gen/gconvfifo.rf/grf.rf/gntv_or_sync_fifo.gcx.clkx/rd_pntr_cdc_inst/dest_graysync_ff_reg[0][1]/C





--------------------------------------------------------------------------------------
Path Group:  (none)
From Clock:  cpu_clk
  To Clock:  sys_clk

Max Delay           138 Endpoints
Min Delay           138 Endpoints
--------------------------------------------------------------------------------------


Max Delay Paths
--------------------------------------------------------------------------------------
Slack:                    inf
  Source:                 fpga_pll.u_rst_cpu/delay_reg[1]/C
                            (rising edge-triggered cell FDCE clocked by cpu_clk  {rise@0.000ns fall@6.667ns period=13.333ns})
  Destination:            u_axi_clock_sync/awFifo/bufferCC_12/buffers_0_reg/CLR
                            (recovery check against rising-edge clock sys_clk  {rise@0.000ns fall@5.000ns period=10.000ns})
  Path Group:             (none)
  Path Type:              Recovery (Max at Slow Process Corner)
  Data Path Delay:        9.289ns  (logic 0.538ns (5.792%)  route 8.751ns (94.208%))
  Logic Levels:           1  (LUT1=1)
  Clock Path Skew:        -0.295ns (DCD - SCD + CPR)
    Destination Clock Delay (DCD):    5.182ns
    Source Clock Delay      (SCD):    5.477ns
    Clock Pessimism Removal (CPR):    0.000ns
  Clock Uncertainty:      0.190ns  ((TSJ^2 + DJ^2)^1/2) / 2 + PE
    Total System Jitter     (TSJ):    0.071ns
    Discrete Jitter          (DJ):    0.121ns
    Phase Error              (PE):    0.120ns
  Timing Exception:       Asynchronous Clock Groups

    Location             Delay type                Incr(ns)  Path(ns)    Netlist Resource(s)
  -------------------------------------------------------------------    -------------------
                         (clock cpu_clk rise edge)    0.000     0.000 r  
    AC19                                              0.000     0.000 r  clk (IN)
                         net (fo=0)                   0.000     0.000    clk
    AC19                 IBUF (Prop_ibuf_I_O)         1.416     1.416 r  clk_IBUF_inst/O
                         net (fo=1, routed)           2.602     4.018    clk_IBUF
    BUFGCTRL_X0Y0        BUFG (Prop_bufg_I_O)         0.081     4.099 r  clk_IBUF_BUFG_inst/O
                         net (fo=2027, routed)        1.823     5.922    fpga_pll.u_clk_pll/inst/clk_in1
    PLLE2_ADV_X1Y0       PLLE2_ADV (Prop_plle2_adv_CLKIN1_CLKOUT0)
                                                     -4.192     1.730 r  fpga_pll.u_clk_pll/inst/plle2_adv_inst/CLKOUT0
                         net (fo=1, routed)           2.288     4.018    fpga_pll.u_clk_pll/inst/cpu_clk_clk_pll
    BUFGCTRL_X0Y2        BUFG (Prop_bufg_I_O)         0.081     4.099 r  fpga_pll.u_clk_pll/inst/clkout1_buf/O
                         net (fo=37090, routed)       1.378     5.477    fpga_pll.u_rst_cpu/cpu_clk
    SLICE_X56Y175        FDCE                                         r  fpga_pll.u_rst_cpu/delay_reg[1]/C
  -------------------------------------------------------------------    -------------------
    SLICE_X56Y175        FDCE (Prop_fdce_C_Q)         0.433     5.910 r  fpga_pll.u_rst_cpu/delay_reg[1]/Q
                         net (fo=86, routed)          2.568     8.479    fpga_pll.u_rst_cpu/Q[0]
    SLICE_X44Y145        LUT1 (Prop_lut1_I0_O)        0.105     8.584 f  fpga_pll.u_rst_cpu/FSM_onehot_wb_state[2]_i_1/O
                         net (fo=2489, routed)        6.182    14.766    u_axi_clock_sync/awFifo/bufferCC_12/reset0
    SLICE_X56Y188        FDCE                                         f  u_axi_clock_sync/awFifo/bufferCC_12/buffers_0_reg/CLR
  -------------------------------------------------------------------    -------------------

                         (clock sys_clk rise edge)    0.000     0.000 r  
    AC19                                              0.000     0.000 r  clk (IN)
                         net (fo=0)                   0.000     0.000    clk
    AC19                 IBUF (Prop_ibuf_I_O)         1.350     1.350 r  clk_IBUF_inst/O
                         net (fo=1, routed)           2.471     3.821    clk_IBUF
    BUFGCTRL_X0Y0        BUFG (Prop_bufg_I_O)         0.077     3.898 r  clk_IBUF_BUFG_inst/O
                         net (fo=2027, routed)        1.706     5.604    fpga_pll.u_clk_pll/inst/clk_in1
    PLLE2_ADV_X1Y0       PLLE2_ADV (Prop_plle2_adv_CLKIN1_CLKOUT1)
                                                     -3.960     1.644 r  fpga_pll.u_clk_pll/inst/plle2_adv_inst/CLKOUT1
                         net (fo=1, routed)           2.177     3.821    fpga_pll.u_clk_pll/inst/sys_clk_clk_pll
    BUFGCTRL_X0Y3        BUFG (Prop_bufg_I_O)         0.077     3.898 r  fpga_pll.u_clk_pll/inst/clkout2_buf/O
                         net (fo=3586, routed)        1.284     5.182    u_axi_clock_sync/awFifo/bufferCC_12/sys_clk
    SLICE_X56Y188        FDCE                                         r  u_axi_clock_sync/awFifo/bufferCC_12/buffers_0_reg/C





Min Delay Paths
--------------------------------------------------------------------------------------
Slack:                    inf
  Source:                 u_axi_clock_sync/wFifo/pushCC_pushPtrGray_reg[3]/C
                            (rising edge-triggered cell FDCE clocked by cpu_clk  {rise@0.000ns fall@6.667ns period=13.333ns})
  Destination:            u_axi_clock_sync/wFifo/pushToPopGray_buffercc/buffers_0_reg[3]/D
                            (rising edge-triggered cell FDCE clocked by sys_clk  {rise@0.000ns fall@5.000ns period=10.000ns})
  Path Group:             (none)
  Path Type:              Hold (Min at Fast Process Corner)
  Data Path Delay:        0.242ns  (logic 0.128ns (52.979%)  route 0.114ns (47.021%))
  Logic Levels:           0  
  Clock Path Skew:        0.547ns (DCD - SCD - CPR)
    Destination Clock Delay (DCD):    2.474ns
    Source Clock Delay      (SCD):    1.927ns
    Clock Pessimism Removal (CPR):    -0.000ns
  Clock Uncertainty:      0.190ns  ((TSJ^2 + DJ^2)^1/2) / 2 + PE
    Total System Jitter     (TSJ):    0.071ns
    Discrete Jitter          (DJ):    0.121ns
    Phase Error              (PE):    0.120ns
  Timing Exception:       Asynchronous Clock Groups

    Location             Delay type                Incr(ns)  Path(ns)    Netlist Resource(s)
  -------------------------------------------------------------------    -------------------
                         (clock cpu_clk rise edge)    0.000     0.000 r  
    AC19                                              0.000     0.000 r  clk (IN)
                         net (fo=0)                   0.000     0.000    clk
    AC19                 IBUF (Prop_ibuf_I_O)         0.253     0.253 r  clk_IBUF_inst/O
                         net (fo=1, routed)           1.074     1.327    clk_IBUF
    BUFGCTRL_X0Y0        BUFG (Prop_bufg_I_O)         0.026     1.353 r  clk_IBUF_BUFG_inst/O
                         net (fo=2027, routed)        0.750     2.103    fpga_pll.u_clk_pll/inst/clk_in1
    PLLE2_ADV_X1Y0       PLLE2_ADV (Prop_plle2_adv_CLKIN1_CLKOUT0)
                                                     -1.703     0.400 r  fpga_pll.u_clk_pll/inst/plle2_adv_inst/CLKOUT0
                         net (fo=1, routed)           0.927     1.327    fpga_pll.u_clk_pll/inst/cpu_clk_clk_pll
    BUFGCTRL_X0Y2        BUFG (Prop_bufg_I_O)         0.026     1.353 r  fpga_pll.u_clk_pll/inst/clkout1_buf/O
                         net (fo=37090, routed)       0.575     1.927    u_axi_clock_sync/wFifo/cpu_clk
    SLICE_X69Y190        FDCE                                         r  u_axi_clock_sync/wFifo/pushCC_pushPtrGray_reg[3]/C
  -------------------------------------------------------------------    -------------------
    SLICE_X69Y190        FDCE (Prop_fdce_C_Q)         0.128     2.055 r  u_axi_clock_sync/wFifo/pushCC_pushPtrGray_reg[3]/Q
                         net (fo=2, routed)           0.114     2.169    u_axi_clock_sync/wFifo/pushToPopGray_buffercc/buffers_0_reg[3]_0[3]
    SLICE_X69Y189        FDCE                                         r  u_axi_clock_sync/wFifo/pushToPopGray_buffercc/buffers_0_reg[3]/D
  -------------------------------------------------------------------    -------------------

                         (clock sys_clk rise edge)    0.000     0.000 r  
    AC19                                              0.000     0.000 r  clk (IN)
                         net (fo=0)                   0.000     0.000    clk
    AC19                 IBUF (Prop_ibuf_I_O)         0.441     0.441 r  clk_IBUF_inst/O
                         net (fo=1, routed)           1.160     1.601    clk_IBUF
    BUFGCTRL_X0Y0        BUFG (Prop_bufg_I_O)         0.029     1.630 r  clk_IBUF_BUFG_inst/O
                         net (fo=2027, routed)        1.027     2.656    fpga_pll.u_clk_pll/inst/clk_in1
    PLLE2_ADV_X1Y0       PLLE2_ADV (Prop_plle2_adv_CLKIN1_CLKOUT1)
                                                     -2.061     0.596 r  fpga_pll.u_clk_pll/inst/plle2_adv_inst/CLKOUT1
                         net (fo=1, routed)           1.005     1.601    fpga_pll.u_clk_pll/inst/sys_clk_clk_pll
    BUFGCTRL_X0Y3        BUFG (Prop_bufg_I_O)         0.029     1.630 r  fpga_pll.u_clk_pll/inst/clkout2_buf/O
                         net (fo=3586, routed)        0.845     2.474    u_axi_clock_sync/wFifo/pushToPopGray_buffercc/sys_clk
    SLICE_X69Y189        FDCE                                         r  u_axi_clock_sync/wFifo/pushToPopGray_buffercc/buffers_0_reg[3]/C





--------------------------------------------------------------------------------------
Path Group:  (none)
From Clock:  clk_pll_i
  To Clock:  

Max Delay             2 Endpoints
Min Delay             2 Endpoints
--------------------------------------------------------------------------------------


Max Delay Paths
--------------------------------------------------------------------------------------
Slack:                    inf
  Source:                 ddr3.u_axi_wrap_ddr/mig_axi/u_mig_axi_32_mig/u_ddr3_infrastructure/gen_mmcm.mmcm_i/CLKFBOUT
                            (clock source 'clk_pll_i'  {rise@0.000ns fall@5.000ns period=10.000ns})
  Destination:            ddr3.u_axi_wrap_ddr/mig_axi/u_mig_axi_32_mig/u_ddr3_infrastructure/gen_mmcm.mmcm_i/CLKFBIN
  Path Group:             (none)
  Path Type:              Max at Slow Process Corner
  Data Path Delay:        3.816ns  (logic 0.081ns (2.123%)  route 3.735ns (97.877%))
  Logic Levels:           1  (BUFG=1)
  Clock Uncertainty:      0.168ns  ((TSJ^2 + DJ^2)^1/2) / 2 + PE
    Total System Jitter     (TSJ):    0.050ns
    Discrete Jitter          (DJ):    0.096ns
    Phase Error              (PE):    0.114ns

    Location             Delay type                Incr(ns)  Path(ns)    Netlist Resource(s)
  -------------------------------------------------------------------    -------------------
                         (clock clk_pll_i fall edge)
                                                      5.000     5.000 f  
    AC19                                              0.000     5.000 f  clk (IN)
                         net (fo=0)                   0.000     5.000    clk
    AC19                 IBUF (Prop_ibuf_I_O)         1.416     6.416 f  clk_IBUF_inst/O
                         net (fo=1, routed)           2.602     9.018    clk_IBUF
    BUFGCTRL_X0Y0        BUFG (Prop_bufg_I_O)         0.081     9.099 f  clk_IBUF_BUFG_inst/O
                         net (fo=2027, routed)        1.696    10.795    ddr3.u_axi_wrap_ddr/mig_axi/u_mig_axi_32_mig/u_ddr3_infrastructure/mmcm_clk
    PLLE2_ADV_X0Y4       PLLE2_ADV (Prop_plle2_adv_CLKIN1_CLKOUT3)
                                                      0.077    10.872 f  ddr3.u_axi_wrap_ddr/mig_axi/u_mig_axi_32_mig/u_ddr3_infrastructure/plle2_i/CLKOUT3
                         net (fo=1, routed)           1.429    12.301    ddr3.u_axi_wrap_ddr/mig_axi/u_mig_axi_32_mig/u_ddr3_infrastructure/pll_clk3_out
    BUFHCE_X0Y48         BUFH (Prop_bufh_I_O)         0.106    12.407 f  ddr3.u_axi_wrap_ddr/mig_axi/u_mig_axi_32_mig/u_ddr3_infrastructure/u_bufh_pll_clk3/O
                         net (fo=1, routed)           0.841    13.248    ddr3.u_axi_wrap_ddr/mig_axi/u_mig_axi_32_mig/u_ddr3_infrastructure/pll_clk3
  -------------------------------------------------------------------    -------------------
    MMCME2_ADV_X0Y4      MMCME2_ADV (Prop_mmcme2_adv_CLKIN1_CLKFBOUT)
                                                     -3.816     9.432 f  ddr3.u_axi_wrap_ddr/mig_axi/u_mig_axi_32_mig/u_ddr3_infrastructure/gen_mmcm.mmcm_i/CLKFBOUT
                         net (fo=1, routed)           2.061    11.493    ddr3.u_axi_wrap_ddr/mig_axi/u_mig_axi_32_mig/u_ddr3_infrastructure/clk_pll_i
    BUFGCTRL_X0Y16       BUFG (Prop_bufg_I_O)         0.081    11.574 f  ddr3.u_axi_wrap_ddr/mig_axi/u_mig_axi_32_mig/u_ddr3_infrastructure/u_bufg_clkdiv0/O
                         net (fo=7005, routed)        1.674    13.248    ddr3.u_axi_wrap_ddr/mig_axi/u_mig_axi_32_mig/u_ddr3_infrastructure/CLK
    MMCME2_ADV_X0Y4      MMCME2_ADV                                   f  ddr3.u_axi_wrap_ddr/mig_axi/u_mig_axi_32_mig/u_ddr3_infrastructure/gen_mmcm.mmcm_i/CLKFBIN
  -------------------------------------------------------------------    -------------------





Min Delay Paths
--------------------------------------------------------------------------------------
Slack:                    inf
  Source:                 ddr3.u_axi_wrap_ddr/mig_axi/u_mig_axi_32_mig/u_ddr3_infrastructure/gen_mmcm.mmcm_i/CLKFBOUT
                            (clock source 'clk_pll_i'  {rise@0.000ns fall@5.000ns period=10.000ns})
  Destination:            ddr3.u_axi_wrap_ddr/mig_axi/u_mig_axi_32_mig/u_ddr3_infrastructure/gen_mmcm.mmcm_i/CLKFBIN
  Path Group:             (none)
  Path Type:              Min at Fast Process Corner
  Data Path Delay:        1.511ns  (logic 0.026ns (1.721%)  route 1.485ns (98.279%))
  Logic Levels:           1  (BUFG=1)
  Clock Uncertainty:      0.168ns  ((TSJ^2 + DJ^2)^1/2) / 2 + PE
    Total System Jitter     (TSJ):    0.050ns
    Discrete Jitter          (DJ):    0.096ns
    Phase Error              (PE):    0.114ns

    Location             Delay type                Incr(ns)  Path(ns)    Netlist Resource(s)
  -------------------------------------------------------------------    -------------------
                         (clock clk_pll_i rise edge)
                                                      0.000     0.000 r  
    AC19                                              0.000     0.000 r  clk (IN)
                         net (fo=0)                   0.000     0.000    clk
    AC19                 IBUF (Prop_ibuf_I_O)         0.253     0.253 r  clk_IBUF_inst/O
                         net (fo=1, routed)           1.074     1.327    clk_IBUF
    BUFGCTRL_X0Y0        BUFG (Prop_bufg_I_O)         0.026     1.353 r  clk_IBUF_BUFG_inst/O
                         net (fo=2027, routed)        0.701     2.054    ddr3.u_axi_wrap_ddr/mig_axi/u_mig_axi_32_mig/u_ddr3_infrastructure/mmcm_clk
    PLLE2_ADV_X0Y4       PLLE2_ADV (Prop_plle2_adv_CLKIN1_CLKOUT3)
                                                      0.050     2.104 r  ddr3.u_axi_wrap_ddr/mig_axi/u_mig_axi_32_mig/u_ddr3_infrastructure/plle2_i/CLKOUT3
                         net (fo=1, routed)           0.518     2.622    ddr3.u_axi_wrap_ddr/mig_axi/u_mig_axi_32_mig/u_ddr3_infrastructure/pll_clk3_out
    BUFHCE_X0Y48         BUFH (Prop_bufh_I_O)         0.020     2.642 r  ddr3.u_axi_wrap_ddr/mig_axi/u_mig_axi_32_mig/u_ddr3_infrastructure/u_bufh_pll_clk3/O
                         net (fo=1, routed)           0.326     2.968    ddr3.u_axi_wrap_ddr/mig_axi/u_mig_axi_32_mig/u_ddr3_infrastructure/pll_clk3
  -------------------------------------------------------------------    -------------------
    MMCME2_ADV_X0Y4      MMCME2_ADV (Prop_mmcme2_adv_CLKIN1_CLKFBOUT)
                                                     -1.511     1.457 r  ddr3.u_axi_wrap_ddr/mig_axi/u_mig_axi_32_mig/u_ddr3_infrastructure/gen_mmcm.mmcm_i/CLKFBOUT
                         net (fo=1, routed)           0.790     2.248    ddr3.u_axi_wrap_ddr/mig_axi/u_mig_axi_32_mig/u_ddr3_infrastructure/clk_pll_i
    BUFGCTRL_X0Y16       BUFG (Prop_bufg_I_O)         0.026     2.274 r  ddr3.u_axi_wrap_ddr/mig_axi/u_mig_axi_32_mig/u_ddr3_infrastructure/u_bufg_clkdiv0/O
                         net (fo=7005, routed)        0.694     2.968    ddr3.u_axi_wrap_ddr/mig_axi/u_mig_axi_32_mig/u_ddr3_infrastructure/CLK
    MMCME2_ADV_X0Y4      MMCME2_ADV                                   r  ddr3.u_axi_wrap_ddr/mig_axi/u_mig_axi_32_mig/u_ddr3_infrastructure/gen_mmcm.mmcm_i/CLKFBIN
  -------------------------------------------------------------------    -------------------





--------------------------------------------------------------------------------------
Path Group:  (none)
From Clock:  clkfbout_clk_pll
  To Clock:  

Max Delay             1 Endpoint
Min Delay             1 Endpoint
--------------------------------------------------------------------------------------


Max Delay Paths
--------------------------------------------------------------------------------------
Slack:                    inf
  Source:                 fpga_pll.u_clk_pll/inst/plle2_adv_inst/CLKFBOUT
                            (clock source 'clkfbout_clk_pll'  {rise@0.000ns fall@5.000ns period=10.000ns})
  Destination:            fpga_pll.u_clk_pll/inst/plle2_adv_inst/CLKFBIN
  Path Group:             (none)
  Path Type:              Max at Slow Process Corner
  Data Path Delay:        4.192ns  (logic 0.081ns (1.932%)  route 4.111ns (98.068%))
  Logic Levels:           1  (BUFG=1)
  Clock Uncertainty:      0.131ns  ((TSJ^2 + DJ^2)^1/2) / 2 + PE
    Total System Jitter     (TSJ):    0.050ns
    Discrete Jitter          (DJ):    0.072ns
    Phase Error              (PE):    0.087ns

    Location             Delay type                Incr(ns)  Path(ns)    Netlist Resource(s)
  -------------------------------------------------------------------    -------------------
                         (clock clkfbout_clk_pll fall edge)
                                                      5.000     5.000 f  
    AC19                                              0.000     5.000 f  clk (IN)
                         net (fo=0)                   0.000     5.000    clk
    AC19                 IBUF (Prop_ibuf_I_O)         1.416     6.416 f  clk_IBUF_inst/O
                         net (fo=1, routed)           2.602     9.018    clk_IBUF
    BUFGCTRL_X0Y0        BUFG (Prop_bufg_I_O)         0.081     9.099 f  clk_IBUF_BUFG_inst/O
                         net (fo=2027, routed)        1.823    10.922    fpga_pll.u_clk_pll/inst/clk_in1
  -------------------------------------------------------------------    -------------------
    PLLE2_ADV_X1Y0       PLLE2_ADV (Prop_plle2_adv_CLKIN1_CLKFBOUT)
                                                     -4.192     6.730 f  fpga_pll.u_clk_pll/inst/plle2_adv_inst/CLKFBOUT
                         net (fo=1, routed)           2.288     9.018    fpga_pll.u_clk_pll/inst/clkfbout_clk_pll
    BUFGCTRL_X0Y5        BUFG (Prop_bufg_I_O)         0.081     9.099 f  fpga_pll.u_clk_pll/inst/clkf_buf/O
                         net (fo=1, routed)           1.823    10.922    fpga_pll.u_clk_pll/inst/clkfbout_buf_clk_pll
    PLLE2_ADV_X1Y0       PLLE2_ADV                                    f  fpga_pll.u_clk_pll/inst/plle2_adv_inst/CLKFBIN
  -------------------------------------------------------------------    -------------------





Min Delay Paths
--------------------------------------------------------------------------------------
Slack:                    inf
  Source:                 fpga_pll.u_clk_pll/inst/plle2_adv_inst/CLKFBOUT
                            (clock source 'clkfbout_clk_pll'  {rise@0.000ns fall@5.000ns period=10.000ns})
  Destination:            fpga_pll.u_clk_pll/inst/plle2_adv_inst/CLKFBIN
  Path Group:             (none)
  Path Type:              Min at Fast Process Corner
  Data Path Delay:        1.703ns  (logic 0.026ns (1.527%)  route 1.677ns (98.473%))
  Logic Levels:           1  (BUFG=1)
  Clock Uncertainty:      0.131ns  ((TSJ^2 + DJ^2)^1/2) / 2 + PE
    Total System Jitter     (TSJ):    0.050ns
    Discrete Jitter          (DJ):    0.072ns
    Phase Error              (PE):    0.087ns

    Location             Delay type                Incr(ns)  Path(ns)    Netlist Resource(s)
  -------------------------------------------------------------------    -------------------
                         (clock clkfbout_clk_pll rise edge)
                                                      0.000     0.000 r  
    AC19                                              0.000     0.000 r  clk (IN)
                         net (fo=0)                   0.000     0.000    clk
    AC19                 IBUF (Prop_ibuf_I_O)         0.253     0.253 r  clk_IBUF_inst/O
                         net (fo=1, routed)           1.074     1.327    clk_IBUF
    BUFGCTRL_X0Y0        BUFG (Prop_bufg_I_O)         0.026     1.353 r  clk_IBUF_BUFG_inst/O
                         net (fo=2027, routed)        0.750     2.103    fpga_pll.u_clk_pll/inst/clk_in1
  -------------------------------------------------------------------    -------------------
    PLLE2_ADV_X1Y0       PLLE2_ADV (Prop_plle2_adv_CLKIN1_CLKFBOUT)
                                                     -1.703     0.400 r  fpga_pll.u_clk_pll/inst/plle2_adv_inst/CLKFBOUT
                         net (fo=1, routed)           0.927     1.327    fpga_pll.u_clk_pll/inst/clkfbout_clk_pll
    BUFGCTRL_X0Y5        BUFG (Prop_bufg_I_O)         0.026     1.353 r  fpga_pll.u_clk_pll/inst/clkf_buf/O
                         net (fo=1, routed)           0.750     2.103    fpga_pll.u_clk_pll/inst/clkfbout_buf_clk_pll
    PLLE2_ADV_X1Y0       PLLE2_ADV                                    r  fpga_pll.u_clk_pll/inst/plle2_adv_inst/CLKFBIN
  -------------------------------------------------------------------    -------------------





--------------------------------------------------------------------------------------
Path Group:  (none)
From Clock:  ddr_clk
  To Clock:  

Max Delay             1 Endpoint
Min Delay             1 Endpoint
--------------------------------------------------------------------------------------


Max Delay Paths
--------------------------------------------------------------------------------------
Slack:                    inf
  Source:                 fpga_pll.u_clk_pll/inst/plle2_adv_inst/CLKOUT2
                            (clock source 'ddr_clk'  {rise@0.000ns fall@2.500ns period=5.000ns})
  Destination:            ddr3.u_axi_wrap_ddr/mig_axi/u_mig_axi_32_mig/u_iodelay_ctrl/u_idelayctrl_200/REFCLK
  Path Group:             (none)
  Path Type:              Max at Slow Process Corner
  Data Path Delay:        3.841ns  (logic 0.081ns (2.109%)  route 3.760ns (97.891%))
  Logic Levels:           1  (BUFG=1)
  Clock Uncertainty:      0.143ns  ((TSJ^2 + DJ^2)^1/2) / 2 + PE
    Total System Jitter     (TSJ):    0.050ns
    Discrete Jitter          (DJ):    0.100ns
    Phase Error              (PE):    0.087ns

    Location             Delay type                Incr(ns)  Path(ns)    Netlist Resource(s)
  -------------------------------------------------------------------    -------------------
                         (clock ddr_clk fall edge)    2.500     2.500 f  
    AC19                                              0.000     2.500 f  clk (IN)
                         net (fo=0)                   0.000     2.500    clk
    AC19                 IBUF (Prop_ibuf_I_O)         1.416     3.916 f  clk_IBUF_inst/O
                         net (fo=1, routed)           2.602     6.518    clk_IBUF
    BUFGCTRL_X0Y0        BUFG (Prop_bufg_I_O)         0.081     6.599 f  clk_IBUF_BUFG_inst/O
                         net (fo=2027, routed)        1.823     8.422    fpga_pll.u_clk_pll/inst/clk_in1
  -------------------------------------------------------------------    -------------------
    PLLE2_ADV_X1Y0       PLLE2_ADV (Prop_plle2_adv_CLKIN1_CLKOUT2)
                                                     -4.192     4.230 f  fpga_pll.u_clk_pll/inst/plle2_adv_inst/CLKOUT2
                         net (fo=1, routed)           2.288     6.518    fpga_pll.u_clk_pll/inst/ddr_clk_clk_pll
    BUFGCTRL_X0Y1        BUFG (Prop_bufg_I_O)         0.081     6.599 f  fpga_pll.u_clk_pll/inst/clkout3_buf/O
                         net (fo=62, routed)          1.472     8.071    ddr3.u_axi_wrap_ddr/mig_axi/u_mig_axi_32_mig/u_iodelay_ctrl/clk_ref_i
    IDELAYCTRL_X0Y4      IDELAYCTRL                                   f  ddr3.u_axi_wrap_ddr/mig_axi/u_mig_axi_32_mig/u_iodelay_ctrl/u_idelayctrl_200/REFCLK
  -------------------------------------------------------------------    -------------------





Min Delay Paths
--------------------------------------------------------------------------------------
Slack:                    inf
  Source:                 fpga_pll.u_clk_pll/inst/plle2_adv_inst/CLKOUT2
                            (clock source 'ddr_clk'  {rise@0.000ns fall@2.500ns period=5.000ns})
  Destination:            ddr3.u_axi_wrap_ddr/mig_axi/u_mig_axi_32_mig/u_iodelay_ctrl/u_idelayctrl_200/REFCLK
  Path Group:             (none)
  Path Type:              Min at Fast Process Corner
  Data Path Delay:        1.594ns  (logic 0.026ns (1.631%)  route 1.568ns (98.369%))
  Logic Levels:           1  (BUFG=1)
  Clock Uncertainty:      0.143ns  ((TSJ^2 + DJ^2)^1/2) / 2 + PE
    Total System Jitter     (TSJ):    0.050ns
    Discrete Jitter          (DJ):    0.100ns
    Phase Error              (PE):    0.087ns

    Location             Delay type                Incr(ns)  Path(ns)    Netlist Resource(s)
  -------------------------------------------------------------------    -------------------
                         (clock ddr_clk rise edge)    0.000     0.000 r  
    AC19                                              0.000     0.000 r  clk (IN)
                         net (fo=0)                   0.000     0.000    clk
    AC19                 IBUF (Prop_ibuf_I_O)         0.253     0.253 r  clk_IBUF_inst/O
                         net (fo=1, routed)           1.074     1.327    clk_IBUF
    BUFGCTRL_X0Y0        BUFG (Prop_bufg_I_O)         0.026     1.353 r  clk_IBUF_BUFG_inst/O
                         net (fo=2027, routed)        0.750     2.103    fpga_pll.u_clk_pll/inst/clk_in1
  -------------------------------------------------------------------    -------------------
    PLLE2_ADV_X1Y0       PLLE2_ADV (Prop_plle2_adv_CLKIN1_CLKOUT2)
                                                     -1.703     0.400 r  fpga_pll.u_clk_pll/inst/plle2_adv_inst/CLKOUT2
                         net (fo=1, routed)           0.927     1.327    fpga_pll.u_clk_pll/inst/ddr_clk_clk_pll
    BUFGCTRL_X0Y1        BUFG (Prop_bufg_I_O)         0.026     1.353 r  fpga_pll.u_clk_pll/inst/clkout3_buf/O
                         net (fo=62, routed)          0.641     1.994    ddr3.u_axi_wrap_ddr/mig_axi/u_mig_axi_32_mig/u_iodelay_ctrl/clk_ref_i
    IDELAYCTRL_X0Y4      IDELAYCTRL                                   r  ddr3.u_axi_wrap_ddr/mig_axi/u_mig_axi_32_mig/u_iodelay_ctrl/u_idelayctrl_200/REFCLK
  -------------------------------------------------------------------    -------------------





--------------------------------------------------------------------------------------
Path Group:  (none)
From Clock:  freq_refclk
  To Clock:  

Max Delay             5 Endpoints
Min Delay             5 Endpoints
--------------------------------------------------------------------------------------


Max Delay Paths
--------------------------------------------------------------------------------------
Slack:                    inf
  Source:                 ddr3.u_axi_wrap_ddr/mig_axi/u_mig_axi_32_mig/u_ddr3_infrastructure/plle2_i/CLKOUT0
                            (clock source 'freq_refclk'  {rise@0.000ns fall@0.625ns period=1.250ns})
  Destination:            ddr3.u_axi_wrap_ddr/mig_axi/u_mig_axi_32_mig/u_memc_ui_top_axi/mem_intfc0/ddr_phy_top0/u_ddr_mc_phy_wrapper/u_ddr_mc_phy/ddr_phy_4lanes_0.u_ddr_phy_4lanes/phaser_ref_i/CLKIN
  Path Group:             (none)
  Path Type:              Max at Slow Process Corner
  Data Path Delay:        0.550ns  (logic 0.000ns (0.000%)  route 0.550ns (100.000%))
  Logic Levels:           0  
  Clock Uncertainty:      0.168ns  ((TSJ^2 + DJ^2)^1/2) / 2 + PE
    Total System Jitter     (TSJ):    0.050ns
    Discrete Jitter          (DJ):    0.096ns
    Phase Error              (PE):    0.114ns

    Location             Delay type                Incr(ns)  Path(ns)    Netlist Resource(s)
  -------------------------------------------------------------------    -------------------
                         (clock freq_refclk fall edge)
                                                      0.625     0.625 f  
    AC19                                              0.000     0.625 f  clk (IN)
                         net (fo=0)                   0.000     0.625    clk
    AC19                 IBUF (Prop_ibuf_I_O)         1.416     2.041 f  clk_IBUF_inst/O
                         net (fo=1, routed)           2.602     4.643    clk_IBUF
    BUFGCTRL_X0Y0        BUFG (Prop_bufg_I_O)         0.081     4.724 f  clk_IBUF_BUFG_inst/O
                         net (fo=2027, routed)        1.696     6.420    ddr3.u_axi_wrap_ddr/mig_axi/u_mig_axi_32_mig/u_ddr3_infrastructure/mmcm_clk
  -------------------------------------------------------------------    -------------------
    PLLE2_ADV_X0Y4       PLLE2_ADV (Prop_plle2_adv_CLKIN1_CLKOUT0)
                                                      0.077     6.497 f  ddr3.u_axi_wrap_ddr/mig_axi/u_mig_axi_32_mig/u_ddr3_infrastructure/plle2_i/CLKOUT0
                         net (fo=7, routed)           0.550     7.047    ddr3.u_axi_wrap_ddr/mig_axi/u_mig_axi_32_mig/u_memc_ui_top_axi/mem_intfc0/ddr_phy_top0/u_ddr_mc_phy_wrapper/u_ddr_mc_phy/ddr_phy_4lanes_0.u_ddr_phy_4lanes/freq_refclk
    PHASER_REF_X0Y4      PHASER_REF                                   f  ddr3.u_axi_wrap_ddr/mig_axi/u_mig_axi_32_mig/u_memc_ui_top_axi/mem_intfc0/ddr_phy_top0/u_ddr_mc_phy_wrapper/u_ddr_mc_phy/ddr_phy_4lanes_0.u_ddr_phy_4lanes/phaser_ref_i/CLKIN
  -------------------------------------------------------------------    -------------------





Min Delay Paths
--------------------------------------------------------------------------------------
Slack:                    inf
  Source:                 ddr3.u_axi_wrap_ddr/mig_axi/u_mig_axi_32_mig/u_ddr3_infrastructure/plle2_i/CLKOUT0
                            (clock source 'freq_refclk'  {rise@0.000ns fall@0.625ns period=1.250ns})
  Destination:            ddr3.u_axi_wrap_ddr/mig_axi/u_mig_axi_32_mig/u_memc_ui_top_axi/mem_intfc0/ddr_phy_top0/u_ddr_mc_phy_wrapper/u_ddr_mc_phy/ddr_phy_4lanes_0.u_ddr_phy_4lanes/ddr_byte_lane_D.ddr_byte_lane_D/phaser_out/FREQREFCLK
  Path Group:             (none)
  Path Type:              Min at Fast Process Corner
  Data Path Delay:        0.190ns  (logic 0.000ns (0.000%)  route 0.190ns (100.000%))
  Logic Levels:           0  
  Clock Uncertainty:      0.168ns  ((TSJ^2 + DJ^2)^1/2) / 2 + PE
    Total System Jitter     (TSJ):    0.050ns
    Discrete Jitter          (DJ):    0.096ns
    Phase Error              (PE):    0.114ns

    Location             Delay type                Incr(ns)  Path(ns)    Netlist Resource(s)
  -------------------------------------------------------------------    -------------------
                         (clock freq_refclk rise edge)
                                                      0.000     0.000 r  
    AC19                                              0.000     0.000 r  clk (IN)
                         net (fo=0)                   0.000     0.000    clk
    AC19                 IBUF (Prop_ibuf_I_O)         0.253     0.253 r  clk_IBUF_inst/O
                         net (fo=1, routed)           1.074     1.327    clk_IBUF
    BUFGCTRL_X0Y0        BUFG (Prop_bufg_I_O)         0.026     1.353 r  clk_IBUF_BUFG_inst/O
                         net (fo=2027, routed)        0.701     2.054    ddr3.u_axi_wrap_ddr/mig_axi/u_mig_axi_32_mig/u_ddr3_infrastructure/mmcm_clk
  -------------------------------------------------------------------    -------------------
    PLLE2_ADV_X0Y4       PLLE2_ADV (Prop_plle2_adv_CLKIN1_CLKOUT0)
                                                      0.050     2.104 r  ddr3.u_axi_wrap_ddr/mig_axi/u_mig_axi_32_mig/u_ddr3_infrastructure/plle2_i/CLKOUT0
                         net (fo=7, routed)           0.190     2.294    ddr3.u_axi_wrap_ddr/mig_axi/u_mig_axi_32_mig/u_memc_ui_top_axi/mem_intfc0/ddr_phy_top0/u_ddr_mc_phy_wrapper/u_ddr_mc_phy/ddr_phy_4lanes_0.u_ddr_phy_4lanes/ddr_byte_lane_D.ddr_byte_lane_D/freq_refclk
    PHASER_OUT_PHY_X0Y19 PHASER_OUT_PHY                               r  ddr3.u_axi_wrap_ddr/mig_axi/u_mig_axi_32_mig/u_memc_ui_top_axi/mem_intfc0/ddr_phy_top0/u_ddr_mc_phy_wrapper/u_ddr_mc_phy/ddr_phy_4lanes_0.u_ddr_phy_4lanes/ddr_byte_lane_D.ddr_byte_lane_D/phaser_out/FREQREFCLK
  -------------------------------------------------------------------    -------------------





--------------------------------------------------------------------------------------
Path Group:  (none)
From Clock:  pll_clkfbout
  To Clock:  

Max Delay             1 Endpoint
Min Delay             1 Endpoint
--------------------------------------------------------------------------------------


Max Delay Paths
--------------------------------------------------------------------------------------
Slack:                    inf
  Source:                 ddr3.u_axi_wrap_ddr/mig_axi/u_mig_axi_32_mig/u_ddr3_infrastructure/plle2_i/CLKFBOUT
                            (clock source 'pll_clkfbout'  {rise@0.000ns fall@5.000ns period=10.000ns})
  Destination:            ddr3.u_axi_wrap_ddr/mig_axi/u_mig_axi_32_mig/u_ddr3_infrastructure/plle2_i/CLKFBIN
  Path Group:             (none)
  Path Type:              Max at Slow Process Corner
  Data Path Delay:        0.012ns  (logic 0.000ns (0.000%)  route 0.012ns (99.999%))
  Logic Levels:           0  
  Clock Uncertainty:      0.168ns  ((TSJ^2 + DJ^2)^1/2) / 2 + PE
    Total System Jitter     (TSJ):    0.050ns
    Discrete Jitter          (DJ):    0.096ns
    Phase Error              (PE):    0.114ns

    Location             Delay type                Incr(ns)  Path(ns)    Netlist Resource(s)
  -------------------------------------------------------------------    -------------------
                         (clock pll_clkfbout fall edge)
                                                      5.000     5.000 f  
    AC19                                              0.000     5.000 f  clk (IN)
                         net (fo=0)                   0.000     5.000    clk
    AC19                 IBUF (Prop_ibuf_I_O)         1.416     6.416 f  clk_IBUF_inst/O
                         net (fo=1, routed)           2.602     9.018    clk_IBUF
    BUFGCTRL_X0Y0        BUFG (Prop_bufg_I_O)         0.081     9.099 f  clk_IBUF_BUFG_inst/O
                         net (fo=2027, routed)        1.696    10.795    ddr3.u_axi_wrap_ddr/mig_axi/u_mig_axi_32_mig/u_ddr3_infrastructure/mmcm_clk
  -------------------------------------------------------------------    -------------------
    PLLE2_ADV_X0Y4       PLLE2_ADV (Prop_plle2_adv_CLKIN1_CLKFBOUT)
                                                      0.077    10.872 f  ddr3.u_axi_wrap_ddr/mig_axi/u_mig_axi_32_mig/u_ddr3_infrastructure/plle2_i/CLKFBOUT
                         net (fo=1, routed)           0.012    10.884    ddr3.u_axi_wrap_ddr/mig_axi/u_mig_axi_32_mig/u_ddr3_infrastructure/pll_clkfbout
    PLLE2_ADV_X0Y4       PLLE2_ADV                                    f  ddr3.u_axi_wrap_ddr/mig_axi/u_mig_axi_32_mig/u_ddr3_infrastructure/plle2_i/CLKFBIN
  -------------------------------------------------------------------    -------------------





Min Delay Paths
--------------------------------------------------------------------------------------
Slack:                    inf
  Source:                 ddr3.u_axi_wrap_ddr/mig_axi/u_mig_axi_32_mig/u_ddr3_infrastructure/plle2_i/CLKFBOUT
                            (clock source 'pll_clkfbout'  {rise@0.000ns fall@5.000ns period=10.000ns})
  Destination:            ddr3.u_axi_wrap_ddr/mig_axi/u_mig_axi_32_mig/u_ddr3_infrastructure/plle2_i/CLKFBIN
  Path Group:             (none)
  Path Type:              Min at Fast Process Corner
  Data Path Delay:        0.005ns  (logic 0.000ns (0.000%)  route 0.005ns (100.000%))
  Logic Levels:           0  
  Clock Uncertainty:      0.168ns  ((TSJ^2 + DJ^2)^1/2) / 2 + PE
    Total System Jitter     (TSJ):    0.050ns
    Discrete Jitter          (DJ):    0.096ns
    Phase Error              (PE):    0.114ns

    Location             Delay type                Incr(ns)  Path(ns)    Netlist Resource(s)
  -------------------------------------------------------------------    -------------------
                         (clock pll_clkfbout rise edge)
                                                      0.000     0.000 r  
    AC19                                              0.000     0.000 r  clk (IN)
                         net (fo=0)                   0.000     0.000    clk
    AC19                 IBUF (Prop_ibuf_I_O)         0.253     0.253 r  clk_IBUF_inst/O
                         net (fo=1, routed)           1.074     1.327    clk_IBUF
    BUFGCTRL_X0Y0        BUFG (Prop_bufg_I_O)         0.026     1.353 r  clk_IBUF_BUFG_inst/O
                         net (fo=2027, routed)        0.701     2.054    ddr3.u_axi_wrap_ddr/mig_axi/u_mig_axi_32_mig/u_ddr3_infrastructure/mmcm_clk
  -------------------------------------------------------------------    -------------------
    PLLE2_ADV_X0Y4       PLLE2_ADV (Prop_plle2_adv_CLKIN1_CLKFBOUT)
                                                      0.050     2.104 r  ddr3.u_axi_wrap_ddr/mig_axi/u_mig_axi_32_mig/u_ddr3_infrastructure/plle2_i/CLKFBOUT
                         net (fo=1, routed)           0.005     2.109    ddr3.u_axi_wrap_ddr/mig_axi/u_mig_axi_32_mig/u_ddr3_infrastructure/pll_clkfbout
    PLLE2_ADV_X0Y4       PLLE2_ADV                                    r  ddr3.u_axi_wrap_ddr/mig_axi/u_mig_axi_32_mig/u_ddr3_infrastructure/plle2_i/CLKFBIN
  -------------------------------------------------------------------    -------------------





--------------------------------------------------------------------------------------
Path Group:  (none)
From Clock:  sys_clk
  To Clock:  

Max Delay            41 Endpoints
Min Delay            41 Endpoints
--------------------------------------------------------------------------------------


Max Delay Paths
--------------------------------------------------------------------------------------
Slack:                    inf
  Source:                 u_confreg/FSM_onehot_state_reg[5]/C
                            (rising edge-triggered cell FDRE clocked by sys_clk  {rise@0.000ns fall@5.000ns period=10.000ns})
  Destination:            btn_key_col[2]
                            (output port)
  Path Group:             (none)
  Path Type:              Max at Slow Process Corner
  Data Path Delay:        12.812ns  (logic 4.028ns (31.439%)  route 8.784ns (68.561%))
  Logic Levels:           2  (LUT3=1 OBUF=1)
  Clock Uncertainty:      0.150ns  ((TSJ^2 + DJ^2)^1/2) / 2 + PE
    Total System Jitter     (TSJ):    0.050ns
    Discrete Jitter          (DJ):    0.114ns
    Phase Error              (PE):    0.087ns

    Location             Delay type                Incr(ns)  Path(ns)    Netlist Resource(s)
  -------------------------------------------------------------------    -------------------
                         (clock sys_clk rise edge)    0.000     0.000 r  
    AC19                                              0.000     0.000 r  clk (IN)
                         net (fo=0)                   0.000     0.000    clk
    AC19                 IBUF (Prop_ibuf_I_O)         1.416     1.416 r  clk_IBUF_inst/O
                         net (fo=1, routed)           2.602     4.018    clk_IBUF
    BUFGCTRL_X0Y0        BUFG (Prop_bufg_I_O)         0.081     4.099 r  clk_IBUF_BUFG_inst/O
                         net (fo=2027, routed)        1.823     5.922    fpga_pll.u_clk_pll/inst/clk_in1
    PLLE2_ADV_X1Y0       PLLE2_ADV (Prop_plle2_adv_CLKIN1_CLKOUT1)
                                                     -4.192     1.730 r  fpga_pll.u_clk_pll/inst/plle2_adv_inst/CLKOUT1
                         net (fo=1, routed)           2.288     4.018    fpga_pll.u_clk_pll/inst/sys_clk_clk_pll
    BUFGCTRL_X0Y3        BUFG (Prop_bufg_I_O)         0.081     4.099 r  fpga_pll.u_clk_pll/inst/clkout2_buf/O
                         net (fo=3586, routed)        1.571     5.670    u_confreg/aclk
    SLICE_X49Y203        FDRE                                         r  u_confreg/FSM_onehot_state_reg[5]/C
  -------------------------------------------------------------------    -------------------
    SLICE_X49Y203        FDRE (Prop_fdre_C_Q)         0.348     6.018 r  u_confreg/FSM_onehot_state_reg[5]/Q
                         net (fo=19, routed)          0.730     6.748    u_confreg/p_1_in12_in
    SLICE_X50Y203        LUT3 (Prop_lut3_I1_O)        0.252     7.000 r  u_confreg/btn_key_col[2]_INST_0/O
                         net (fo=1, routed)           8.055    15.054    btn_key_col_OBUF[2]
    Y8                   OBUF (Prop_obuf_I_O)         3.428    18.482 r  btn_key_col_OBUF[2]_inst/O
                         net (fo=0)                   0.000    18.482    btn_key_col[2]
    Y8                                                                r  btn_key_col[2] (OUT)
  -------------------------------------------------------------------    -------------------





Min Delay Paths
--------------------------------------------------------------------------------------
Slack:                    inf
  Source:                 APB_DEV/uart0/regs/lcr_reg[6]/C
                            (rising edge-triggered cell FDRE clocked by sys_clk  {rise@0.000ns fall@5.000ns period=10.000ns})
  Destination:            UART_TX
                            (output port)
  Path Group:             (none)
  Path Type:              Min at Fast Process Corner
  Data Path Delay:        1.872ns  (logic 1.398ns (74.685%)  route 0.474ns (25.315%))
  Logic Levels:           2  (LUT4=1 OBUFT=1)
  Clock Uncertainty:      0.150ns  ((TSJ^2 + DJ^2)^1/2) / 2 + PE
    Total System Jitter     (TSJ):    0.050ns
    Discrete Jitter          (DJ):    0.114ns
    Phase Error              (PE):    0.087ns

    Location             Delay type                Incr(ns)  Path(ns)    Netlist Resource(s)
  -------------------------------------------------------------------    -------------------
                         (clock sys_clk rise edge)    0.000     0.000 r  
    AC19                                              0.000     0.000 r  clk (IN)
                         net (fo=0)                   0.000     0.000    clk
    AC19                 IBUF (Prop_ibuf_I_O)         0.253     0.253 r  clk_IBUF_inst/O
                         net (fo=1, routed)           1.074     1.327    clk_IBUF
    BUFGCTRL_X0Y0        BUFG (Prop_bufg_I_O)         0.026     1.353 r  clk_IBUF_BUFG_inst/O
                         net (fo=2027, routed)        0.750     2.103    fpga_pll.u_clk_pll/inst/clk_in1
    PLLE2_ADV_X1Y0       PLLE2_ADV (Prop_plle2_adv_CLKIN1_CLKOUT1)
                                                     -1.703     0.400 r  fpga_pll.u_clk_pll/inst/plle2_adv_inst/CLKOUT1
                         net (fo=1, routed)           0.927     1.327    fpga_pll.u_clk_pll/inst/sys_clk_clk_pll
    BUFGCTRL_X0Y3        BUFG (Prop_bufg_I_O)         0.026     1.353 r  fpga_pll.u_clk_pll/inst/clkout2_buf/O
                         net (fo=3586, routed)        0.650     2.002    APB_DEV/uart0/regs/sys_clk
    SLICE_X7Y188         FDRE                                         r  APB_DEV/uart0/regs/lcr_reg[6]/C
  -------------------------------------------------------------------    -------------------
    SLICE_X7Y188         FDRE (Prop_fdre_C_Q)         0.141     2.143 f  APB_DEV/uart0/regs/lcr_reg[6]/Q
                         net (fo=4, routed)           0.078     2.221    APB_DEV/uart0/regs/transmitter/Q[6]
    SLICE_X6Y188         LUT4 (Prop_lut4_I0_O)        0.045     2.266 r  APB_DEV/uart0/regs/transmitter/UART_TX_IOBUF_inst_i_1/O
                         net (fo=1, routed)           0.396     2.662    UART_TX_IOBUF_inst/I
    H19                  OBUFT (Prop_obuft_I_O)       1.212     3.875 r  UART_TX_IOBUF_inst/OBUFT/O
                         net (fo=1, unset)            0.000     3.875    UART_TX
    H19                                                               r  UART_TX (INOUT)
  -------------------------------------------------------------------    -------------------





--------------------------------------------------------------------------------------
Path Group:  (none)
From Clock:  
  To Clock:  clk

Max Delay            12 Endpoints
Min Delay            12 Endpoints
--------------------------------------------------------------------------------------


Max Delay Paths
--------------------------------------------------------------------------------------
Slack:                    inf
  Source:                 resetn_fpga
                            (input port)
  Destination:            ddr3.u_axi_wrap_ddr/mig_reset_sync_reg[0]/CLR
                            (recovery check against rising-edge clock clk  {rise@0.000ns fall@5.000ns period=10.000ns})
  Path Group:             (none)
  Path Type:              Recovery (Max at Slow Process Corner)
  Data Path Delay:        7.340ns  (logic 1.563ns (21.293%)  route 5.777ns (78.707%))
  Logic Levels:           2  (IBUF=1 LUT3=1)
  Clock Path Skew:        5.186ns (DCD - SCD + CPR)
    Destination Clock Delay (DCD):    5.186ns
    Source Clock Delay      (SCD):    0.000ns
    Clock Pessimism Removal (CPR):    0.000ns
  Clock Uncertainty:      0.025ns  ((TSJ^2 + TIJ^2)^1/2 + DJ) / 2 + PE
    Total System Jitter     (TSJ):    0.050ns
    Total Input Jitter      (TIJ):    0.000ns
    Discrete Jitter          (DJ):    0.000ns
    Phase Error              (PE):    0.000ns

    Location             Delay type                Incr(ns)  Path(ns)    Netlist Resource(s)
  -------------------------------------------------------------------    -------------------
    Y3                                                0.000     0.000 r  resetn_fpga (IN)
                         net (fo=0)                   0.000     0.000    resetn_fpga
    Y3                   IBUF (Prop_ibuf_I_O)         1.436     1.436 r  resetn_fpga_IBUF_inst/O
                         net (fo=4, routed)           4.979     6.415    ddr3.u_axi_wrap_ddr/resetn_fpga_IBUF
    SLICE_X56Y190        LUT3 (Prop_lut3_I2_O)        0.127     6.542 f  ddr3.u_axi_wrap_ddr/mig_reset_sync[3]_i_1/O
                         net (fo=4, routed)           0.798     7.340    ddr3.u_axi_wrap_ddr/mig_reset_sync[3]_i_1_n_0
    SLICE_X48Y195        FDCE                                         f  ddr3.u_axi_wrap_ddr/mig_reset_sync_reg[0]/CLR
  -------------------------------------------------------------------    -------------------

                         (clock clk rise edge)        0.000     0.000 r  
    AC19                                              0.000     0.000 r  clk (IN)
                         net (fo=0)                   0.000     0.000    clk
    AC19                 IBUF (Prop_ibuf_I_O)         1.350     1.350 r  clk_IBUF_inst/O
                         net (fo=1, routed)           2.471     3.821    clk_IBUF
    BUFGCTRL_X0Y0        BUFG (Prop_bufg_I_O)         0.077     3.898 r  clk_IBUF_BUFG_inst/O
                         net (fo=2027, routed)        1.288     5.186    ddr3.u_axi_wrap_ddr/CLK
    SLICE_X48Y195        FDCE                                         r  ddr3.u_axi_wrap_ddr/mig_reset_sync_reg[0]/C





Min Delay Paths
--------------------------------------------------------------------------------------
Slack:                    inf
  Source:                 resetn_fpga
                            (input port)
  Destination:            virtual_flag_reg/D
                            (rising edge-triggered cell FDRE clocked by clk  {rise@0.000ns fall@5.000ns period=10.000ns})
  Path Group:             (none)
  Path Type:              Hold (Min at Fast Process Corner)
  Data Path Delay:        2.719ns  (logic 0.317ns (11.678%)  route 2.401ns (88.322%))
  Logic Levels:           2  (IBUF=1 LUT3=1)
  Clock Path Skew:        2.482ns (DCD - SCD - CPR)
    Destination Clock Delay (DCD):    2.482ns
    Source Clock Delay      (SCD):    0.000ns
    Clock Pessimism Removal (CPR):    -0.000ns

    Location             Delay type                Incr(ns)  Path(ns)    Netlist Resource(s)
  -------------------------------------------------------------------    -------------------
    Y3                                                0.000     0.000 r  resetn_fpga (IN)
                         net (fo=0)                   0.000     0.000    resetn_fpga
    Y3                   IBUF (Prop_ibuf_I_O)         0.272     0.272 r  resetn_fpga_IBUF_inst/O
                         net (fo=4, routed)           2.401     2.674    resetn_fpga_IBUF
    SLICE_X56Y190        LUT3 (Prop_lut3_I1_O)        0.045     2.719 r  virtual_flag_i_1/O
                         net (fo=1, routed)           0.000     2.719    virtual_flag_i_1_n_0
    SLICE_X56Y190        FDRE                                         r  virtual_flag_reg/D
  -------------------------------------------------------------------    -------------------

                         (clock clk rise edge)        0.000     0.000 r  
    AC19                                              0.000     0.000 r  clk (IN)
                         net (fo=0)                   0.000     0.000    clk
    AC19                 IBUF (Prop_ibuf_I_O)         0.441     0.441 r  clk_IBUF_inst/O
                         net (fo=1, routed)           1.160     1.601    clk_IBUF
    BUFGCTRL_X0Y0        BUFG (Prop_bufg_I_O)         0.029     1.630 r  clk_IBUF_BUFG_inst/O
                         net (fo=2027, routed)        0.852     2.482    clk_IBUF_BUFG
    SLICE_X56Y190        FDRE                                         r  virtual_flag_reg/C





--------------------------------------------------------------------------------------
Path Group:  (none)
From Clock:  
  To Clock:  clk_pll_i

Max Delay            34 Endpoints
Min Delay            34 Endpoints
--------------------------------------------------------------------------------------


Max Delay Paths
--------------------------------------------------------------------------------------
Slack:                    inf
  Source:                 ddr3.u_axi_wrap_ddr/mig_axi/u_mig_axi_32_mig/u_ddr3_infrastructure/gen_mmcm.mmcm_i/LOCKED
                            (internal pin)
  Destination:            ddr3.u_axi_wrap_ddr/mig_axi/u_mig_axi_32_mig/u_ddr3_infrastructure/rstdiv0_sync_r1_reg_rep__0/PRE
                            (recovery check against rising-edge clock clk_pll_i  {rise@0.000ns fall@5.000ns period=10.000ns})
  Path Group:             (none)
  Path Type:              Recovery (Max at Slow Process Corner)
  Data Path Delay:        4.248ns  (logic 0.126ns (2.966%)  route 4.122ns (97.034%))
  Logic Levels:           1  (LUT4=1)
  Clock Uncertainty:      0.168ns  ((TSJ^2 + DJ^2)^1/2) / 2 + PE
    Total System Jitter     (TSJ):    0.050ns
    Discrete Jitter          (DJ):    0.096ns
    Phase Error              (PE):    0.114ns

    Location             Delay type                Incr(ns)  Path(ns)    Netlist Resource(s)
  -------------------------------------------------------------------    -------------------
    MMCME2_ADV_X0Y4      MMCME2_ADV                   0.000     0.000 r  ddr3.u_axi_wrap_ddr/mig_axi/u_mig_axi_32_mig/u_ddr3_infrastructure/gen_mmcm.mmcm_i/LOCKED
                         net (fo=3, routed)           1.590     1.590    ddr3.u_axi_wrap_ddr/mig_axi/u_mig_axi_32_mig/u_iodelay_ctrl/mmcm_locked
    SLICE_X3Y225         LUT4 (Prop_lut4_I0_O)        0.126     1.716 f  ddr3.u_axi_wrap_ddr/mig_axi/u_mig_axi_32_mig/u_iodelay_ctrl/rstdiv2_sync_r[11]_i_1/O
                         net (fo=33, routed)          2.531     4.248    ddr3.u_axi_wrap_ddr/mig_axi/u_mig_axi_32_mig/u_ddr3_infrastructure/rst_tmp
    SLICE_X22Y244        FDPE                                         f  ddr3.u_axi_wrap_ddr/mig_axi/u_mig_axi_32_mig/u_ddr3_infrastructure/rstdiv0_sync_r1_reg_rep__0/PRE
  -------------------------------------------------------------------    -------------------

                         (clock clk_pll_i rise edge)
                                                      0.000     0.000 r  
    AC19                                              0.000     0.000 r  clk (IN)
                         net (fo=0)                   0.000     0.000    clk
    AC19                 IBUF (Prop_ibuf_I_O)         1.350     1.350 r  clk_IBUF_inst/O
                         net (fo=1, routed)           2.471     3.821    clk_IBUF
    BUFGCTRL_X0Y0        BUFG (Prop_bufg_I_O)         0.077     3.898 r  clk_IBUF_BUFG_inst/O
                         net (fo=2027, routed)        1.586     5.484    ddr3.u_axi_wrap_ddr/mig_axi/u_mig_axi_32_mig/u_ddr3_infrastructure/mmcm_clk
    PLLE2_ADV_X0Y4       PLLE2_ADV (Prop_plle2_adv_CLKIN1_CLKOUT3)
                                                      0.073     5.557 r  ddr3.u_axi_wrap_ddr/mig_axi/u_mig_axi_32_mig/u_ddr3_infrastructure/plle2_i/CLKOUT3
                         net (fo=1, routed)           1.281     6.838    ddr3.u_axi_wrap_ddr/mig_axi/u_mig_axi_32_mig/u_ddr3_infrastructure/pll_clk3_out
    BUFHCE_X0Y48         BUFH (Prop_bufh_I_O)         0.069     6.907 r  ddr3.u_axi_wrap_ddr/mig_axi/u_mig_axi_32_mig/u_ddr3_infrastructure/u_bufh_pll_clk3/O
                         net (fo=1, routed)           0.805     7.712    ddr3.u_axi_wrap_ddr/mig_axi/u_mig_axi_32_mig/u_ddr3_infrastructure/pll_clk3
    MMCME2_ADV_X0Y4      MMCME2_ADV (Prop_mmcme2_adv_CLKIN1_CLKFBOUT)
                                                     -3.606     4.105 r  ddr3.u_axi_wrap_ddr/mig_axi/u_mig_axi_32_mig/u_ddr3_infrastructure/gen_mmcm.mmcm_i/CLKFBOUT
                         net (fo=1, routed)           1.964     6.070    ddr3.u_axi_wrap_ddr/mig_axi/u_mig_axi_32_mig/u_ddr3_infrastructure/clk_pll_i
    BUFGCTRL_X0Y16       BUFG (Prop_bufg_I_O)         0.077     6.147 r  ddr3.u_axi_wrap_ddr/mig_axi/u_mig_axi_32_mig/u_ddr3_infrastructure/u_bufg_clkdiv0/O
                         net (fo=7005, routed)        1.538     7.685    ddr3.u_axi_wrap_ddr/mig_axi/u_mig_axi_32_mig/u_ddr3_infrastructure/CLK
    SLICE_X22Y244        FDPE                                         r  ddr3.u_axi_wrap_ddr/mig_axi/u_mig_axi_32_mig/u_ddr3_infrastructure/rstdiv0_sync_r1_reg_rep__0/C





Min Delay Paths
--------------------------------------------------------------------------------------
Slack:                    inf
  Source:                 ddr3.u_axi_wrap_ddr/mig_axi/u_mig_axi_32_mig/u_iodelay_ctrl/u_idelayctrl_200/RDY
                            (internal pin)
  Destination:            ddr3.u_axi_wrap_ddr/mig_axi/u_mig_axi_32_mig/u_ddr3_infrastructure/rstdiv0_sync_r1_reg_rep__2/PRE
                            (removal check against rising-edge clock clk_pll_i  {rise@0.000ns fall@5.000ns period=10.000ns})
  Path Group:             (none)
  Path Type:              Removal (Min at Fast Process Corner)
  Data Path Delay:        1.011ns  (logic 0.042ns (4.154%)  route 0.969ns (95.846%))
  Logic Levels:           1  (LUT4=1)
  Clock Uncertainty:      0.168ns  ((TSJ^2 + DJ^2)^1/2) / 2 + PE
    Total System Jitter     (TSJ):    0.050ns
    Discrete Jitter          (DJ):    0.096ns
    Phase Error              (PE):    0.114ns

    Location             Delay type                Incr(ns)  Path(ns)    Netlist Resource(s)
  -------------------------------------------------------------------    -------------------
    IDELAYCTRL_X0Y4      IDELAYCTRL                   0.000     0.000 r  ddr3.u_axi_wrap_ddr/mig_axi/u_mig_axi_32_mig/u_iodelay_ctrl/u_idelayctrl_200/RDY
                         net (fo=1, routed)           0.437     0.437    ddr3.u_axi_wrap_ddr/mig_axi/u_mig_axi_32_mig/u_iodelay_ctrl/iodelay_ctrl_rdy[0]
    SLICE_X3Y225         LUT4 (Prop_lut4_I1_O)        0.042     0.479 f  ddr3.u_axi_wrap_ddr/mig_axi/u_mig_axi_32_mig/u_iodelay_ctrl/rstdiv2_sync_r[11]_i_1/O
                         net (fo=33, routed)          0.532     1.011    ddr3.u_axi_wrap_ddr/mig_axi/u_mig_axi_32_mig/u_ddr3_infrastructure/rst_tmp
    SLICE_X20Y234        FDPE                                         f  ddr3.u_axi_wrap_ddr/mig_axi/u_mig_axi_32_mig/u_ddr3_infrastructure/rstdiv0_sync_r1_reg_rep__2/PRE
  -------------------------------------------------------------------    -------------------

                         (clock clk_pll_i rise edge)
                                                      0.000     0.000 r  
    AC19                                              0.000     0.000 r  clk (IN)
                         net (fo=0)                   0.000     0.000    clk
    AC19                 IBUF (Prop_ibuf_I_O)         0.441     0.441 r  clk_IBUF_inst/O
                         net (fo=1, routed)           1.160     1.601    clk_IBUF
    BUFGCTRL_X0Y0        BUFG (Prop_bufg_I_O)         0.029     1.630 r  clk_IBUF_BUFG_inst/O
                         net (fo=2027, routed)        0.976     2.606    ddr3.u_axi_wrap_ddr/mig_axi/u_mig_axi_32_mig/u_ddr3_infrastructure/mmcm_clk
    PLLE2_ADV_X0Y4       PLLE2_ADV (Prop_plle2_adv_CLKIN1_CLKOUT3)
                                                      0.053     2.659 r  ddr3.u_axi_wrap_ddr/mig_axi/u_mig_axi_32_mig/u_ddr3_infrastructure/plle2_i/CLKOUT3
                         net (fo=1, routed)           0.577     3.236    ddr3.u_axi_wrap_ddr/mig_axi/u_mig_axi_32_mig/u_ddr3_infrastructure/pll_clk3_out
    BUFHCE_X0Y48         BUFH (Prop_bufh_I_O)         0.043     3.279 r  ddr3.u_axi_wrap_ddr/mig_axi/u_mig_axi_32_mig/u_ddr3_infrastructure/u_bufh_pll_clk3/O
                         net (fo=1, routed)           0.553     3.832    ddr3.u_axi_wrap_ddr/mig_axi/u_mig_axi_32_mig/u_ddr3_infrastructure/pll_clk3
    MMCME2_ADV_X0Y4      MMCME2_ADV (Prop_mmcme2_adv_CLKIN1_CLKFBOUT)
                                                     -1.858     1.974 r  ddr3.u_axi_wrap_ddr/mig_axi/u_mig_axi_32_mig/u_ddr3_infrastructure/gen_mmcm.mmcm_i/CLKFBOUT
                         net (fo=1, routed)           0.860     2.834    ddr3.u_axi_wrap_ddr/mig_axi/u_mig_axi_32_mig/u_ddr3_infrastructure/clk_pll_i
    BUFGCTRL_X0Y16       BUFG (Prop_bufg_I_O)         0.029     2.863 r  ddr3.u_axi_wrap_ddr/mig_axi/u_mig_axi_32_mig/u_ddr3_infrastructure/u_bufg_clkdiv0/O
                         net (fo=7005, routed)        0.979     3.842    ddr3.u_axi_wrap_ddr/mig_axi/u_mig_axi_32_mig/u_ddr3_infrastructure/CLK
    SLICE_X20Y234        FDPE                                         r  ddr3.u_axi_wrap_ddr/mig_axi/u_mig_axi_32_mig/u_ddr3_infrastructure/rstdiv0_sync_r1_reg_rep__2/C





--------------------------------------------------------------------------------------
Path Group:  (none)
From Clock:  
  To Clock:  dbg_hub/inst/BSCANID.u_xsdbm_id/SWITCH_N_EXT_BSCAN.bscan_inst/SERIES7_BSCAN.bscan_inst/TCK

Max Delay           257 Endpoints
Min Delay           257 Endpoints
--------------------------------------------------------------------------------------


Max Delay Paths
--------------------------------------------------------------------------------------
Slack:                    inf
  Source:                 dbg_hub/inst/BSCANID.u_xsdbm_id/SWITCH_N_EXT_BSCAN.bscan_inst/SERIES7_BSCAN.bscan_inst/SHIFT
                            (internal pin)
  Destination:            dbg_hub/inst/BSCANID.u_xsdbm_id/SWITCH_N_EXT_BSCAN.bscanid_reg[27]/D
                            (rising edge-triggered cell FDRE clocked by dbg_hub/inst/BSCANID.u_xsdbm_id/SWITCH_N_EXT_BSCAN.bscan_inst/SERIES7_BSCAN.bscan_inst/TCK  {rise@0.000ns fall@16.500ns period=33.000ns})
  Path Group:             (none)
  Path Type:              Setup (Max at Slow Process Corner)
  Data Path Delay:        9.211ns  (logic 0.210ns (2.280%)  route 9.001ns (97.720%))
  Logic Levels:           2  (LUT4=1 LUT5=1)
  Clock Uncertainty:      0.025ns  ((TSJ^2 + TIJ^2)^1/2 + DJ) / 2 + PE
    Total System Jitter     (TSJ):    0.050ns
    Total Input Jitter      (TIJ):    0.000ns
    Discrete Jitter          (DJ):    0.000ns
    Phase Error              (PE):    0.000ns

    Location             Delay type                Incr(ns)  Path(ns)    Netlist Resource(s)
  -------------------------------------------------------------------    -------------------
    BSCAN_X0Y0           BSCANE2                      0.000     0.000 r  dbg_hub/inst/BSCANID.u_xsdbm_id/SWITCH_N_EXT_BSCAN.bscan_inst/SERIES7_BSCAN.bscan_inst/SHIFT
                         net (fo=37, routed)          5.427     5.427    dbg_hub/inst/BSCANID.u_xsdbm_id/SWITCH_N_EXT_BSCAN.bscan_switch/s_bscan_shift
    SLICE_X49Y231        LUT5 (Prop_lut5_I0_O)        0.105     5.532 r  dbg_hub/inst/BSCANID.u_xsdbm_id/SWITCH_N_EXT_BSCAN.bscan_switch/m_bscan_bscanid_en_INST_0/O
                         net (fo=35, routed)          3.574     9.106    dbg_hub/inst/BSCANID.u_xsdbm_id/bscanid_en_int
    SLICE_X115Y231       LUT4 (Prop_lut4_I2_O)        0.105     9.211 r  dbg_hub/inst/BSCANID.u_xsdbm_id/SWITCH_N_EXT_BSCAN.bscanid[27]_i_1/O
                         net (fo=1, routed)           0.000     9.211    dbg_hub/inst/BSCANID.u_xsdbm_id/p_2_in[27]
    SLICE_X115Y231       FDRE                                         r  dbg_hub/inst/BSCANID.u_xsdbm_id/SWITCH_N_EXT_BSCAN.bscanid_reg[27]/D
  -------------------------------------------------------------------    -------------------

                         (clock dbg_hub/inst/BSCANID.u_xsdbm_id/SWITCH_N_EXT_BSCAN.bscan_inst/SERIES7_BSCAN.bscan_inst/TCK rise edge)
                                                      0.000     0.000 r  
    BSCAN_X0Y0           BSCANE2                      0.000     0.000 r  dbg_hub/inst/BSCANID.u_xsdbm_id/SWITCH_N_EXT_BSCAN.bscan_inst/SERIES7_BSCAN.bscan_inst/TCK
                         net (fo=1, routed)           2.316     2.316    dbg_hub/inst/BSCANID.u_xsdbm_id/tck_bs
    BUFGCTRL_X0Y4        BUFG (Prop_bufg_I_O)         0.077     2.393 r  dbg_hub/inst/BSCANID.u_xsdbm_id/SWITCH_N_EXT_BSCAN.u_bufg_icon_tck/O
                         net (fo=486, routed)         1.463     3.855    dbg_hub/inst/BSCANID.u_xsdbm_id/itck_i
    SLICE_X115Y231       FDRE                                         r  dbg_hub/inst/BSCANID.u_xsdbm_id/SWITCH_N_EXT_BSCAN.bscanid_reg[27]/C





Min Delay Paths
--------------------------------------------------------------------------------------
Slack:                    inf
  Source:                 dbg_hub/inst/BSCANID.u_xsdbm_id/SWITCH_N_EXT_BSCAN.bscan_inst/SERIES7_BSCAN.bscan_inst/TDI
                            (internal pin)
  Destination:            dbg_hub/inst/BSCANID.u_xsdbm_id/CORE_XSDB.U_ICON/iTDI_reg_reg/D
                            (rising edge-triggered cell FDRE clocked by dbg_hub/inst/BSCANID.u_xsdbm_id/SWITCH_N_EXT_BSCAN.bscan_inst/SERIES7_BSCAN.bscan_inst/TCK  {rise@0.000ns fall@16.500ns period=33.000ns})
  Path Group:             (none)
  Path Type:              Hold (Min at Fast Process Corner)
  Data Path Delay:        1.529ns  (logic 0.000ns (0.000%)  route 1.529ns (100.000%))
  Logic Levels:           0  
  Clock Uncertainty:      0.025ns  ((TSJ^2 + TIJ^2)^1/2 + DJ) / 2 + PE
    Total System Jitter     (TSJ):    0.050ns
    Total Input Jitter      (TIJ):    0.000ns
    Discrete Jitter          (DJ):    0.000ns
    Phase Error              (PE):    0.000ns

    Location             Delay type                Incr(ns)  Path(ns)    Netlist Resource(s)
  -------------------------------------------------------------------    -------------------
    BSCAN_X0Y0           BSCANE2                      0.000     0.000 r  dbg_hub/inst/BSCANID.u_xsdbm_id/SWITCH_N_EXT_BSCAN.bscan_inst/SERIES7_BSCAN.bscan_inst/TDI
                         net (fo=4, routed)           1.529     1.529    dbg_hub/inst/BSCANID.u_xsdbm_id/CORE_XSDB.U_ICON/out
    SLICE_X49Y228        FDRE                                         r  dbg_hub/inst/BSCANID.u_xsdbm_id/CORE_XSDB.U_ICON/iTDI_reg_reg/D
  -------------------------------------------------------------------    -------------------

                         (clock dbg_hub/inst/BSCANID.u_xsdbm_id/SWITCH_N_EXT_BSCAN.bscan_inst/SERIES7_BSCAN.bscan_inst/TCK rise edge)
                                                      0.000     0.000 r  
    BSCAN_X0Y0           BSCANE2                      0.000     0.000 r  dbg_hub/inst/BSCANID.u_xsdbm_id/SWITCH_N_EXT_BSCAN.bscan_inst/SERIES7_BSCAN.bscan_inst/TCK
                         net (fo=1, routed)           1.599     1.599    dbg_hub/inst/BSCANID.u_xsdbm_id/tck_bs
    BUFGCTRL_X0Y4        BUFG (Prop_bufg_I_O)         0.029     1.628 r  dbg_hub/inst/BSCANID.u_xsdbm_id/SWITCH_N_EXT_BSCAN.u_bufg_icon_tck/O
                         net (fo=486, routed)         0.934     2.562    dbg_hub/inst/BSCANID.u_xsdbm_id/CORE_XSDB.U_ICON/m_bscan_tck[0]
    SLICE_X49Y228        FDRE                                         r  dbg_hub/inst/BSCANID.u_xsdbm_id/CORE_XSDB.U_ICON/iTDI_reg_reg/C





--------------------------------------------------------------------------------------
Path Group:  (none)
From Clock:  
  To Clock:  sys_clk

Max Delay            62 Endpoints
Min Delay            62 Endpoints
--------------------------------------------------------------------------------------


Max Delay Paths
--------------------------------------------------------------------------------------
Slack:                    inf
  Source:                 btn_key_row[2]
                            (input port)
  Destination:            u_confreg/btn_key_r_reg[15]/D
                            (rising edge-triggered cell FDRE clocked by sys_clk  {rise@0.000ns fall@5.000ns period=10.000ns})
  Path Group:             (none)
  Path Type:              Setup (Max at Slow Process Corner)
  Data Path Delay:        11.369ns  (logic 2.095ns (18.424%)  route 9.274ns (81.576%))
  Logic Levels:           6  (IBUF=1 LUT4=1 LUT5=2 LUT6=2)
  Clock Path Skew:        5.351ns (DCD - SCD + CPR)
    Destination Clock Delay (DCD):    5.351ns
    Source Clock Delay      (SCD):    0.000ns
    Clock Pessimism Removal (CPR):    0.000ns
  Clock Uncertainty:      0.150ns  ((TSJ^2 + DJ^2)^1/2) / 2 + PE
    Total System Jitter     (TSJ):    0.050ns
    Discrete Jitter          (DJ):    0.114ns
    Phase Error              (PE):    0.087ns

    Location             Delay type                Incr(ns)  Path(ns)    Netlist Resource(s)
  -------------------------------------------------------------------    -------------------
    Y7                                                0.000     0.000 f  btn_key_row[2] (IN)
                         net (fo=0)                   0.000     0.000    btn_key_row[2]
    Y7                   IBUF (Prop_ibuf_I_O)         1.405     1.405 f  btn_key_row_IBUF[2]_inst/O
                         net (fo=31, routed)          6.518     7.922    u_confreg/btn_key_row[2]
    SLICE_X47Y203        LUT4 (Prop_lut4_I1_O)        0.108     8.030 f  u_confreg/FSM_onehot_state[1]_i_3/O
                         net (fo=10, routed)          0.678     8.708    u_confreg/key_start1
    SLICE_X48Y204        LUT5 (Prop_lut5_I3_O)        0.267     8.975 r  u_confreg/btn_key_r[13]_i_5/O
                         net (fo=1, routed)           0.560     9.535    u_confreg/btn_key_r[13]_i_5_n_0
    SLICE_X48Y204        LUT6 (Prop_lut6_I4_O)        0.105     9.640 r  u_confreg/btn_key_r[13]_i_2/O
                         net (fo=20, routed)          0.991    10.631    u_confreg/btn_key_r0
    SLICE_X46Y202        LUT5 (Prop_lut5_I1_O)        0.105    10.736 r  u_confreg/btn_key_r[15]_i_7/O
                         net (fo=1, routed)           0.528    11.264    u_confreg/btn_key_r[15]_i_7_n_0
    SLICE_X46Y202        LUT6 (Prop_lut6_I5_O)        0.105    11.369 r  u_confreg/btn_key_r[15]_i_1/O
                         net (fo=1, routed)           0.000    11.369    u_confreg/btn_key_r[15]_i_1_n_0
    SLICE_X46Y202        FDRE                                         r  u_confreg/btn_key_r_reg[15]/D
  -------------------------------------------------------------------    -------------------

                         (clock sys_clk rise edge)    0.000     0.000 r  
    AC19                                              0.000     0.000 r  clk (IN)
                         net (fo=0)                   0.000     0.000    clk
    AC19                 IBUF (Prop_ibuf_I_O)         1.350     1.350 r  clk_IBUF_inst/O
                         net (fo=1, routed)           2.471     3.821    clk_IBUF
    BUFGCTRL_X0Y0        BUFG (Prop_bufg_I_O)         0.077     3.898 r  clk_IBUF_BUFG_inst/O
                         net (fo=2027, routed)        1.706     5.604    fpga_pll.u_clk_pll/inst/clk_in1
    PLLE2_ADV_X1Y0       PLLE2_ADV (Prop_plle2_adv_CLKIN1_CLKOUT1)
                                                     -3.960     1.644 r  fpga_pll.u_clk_pll/inst/plle2_adv_inst/CLKOUT1
                         net (fo=1, routed)           2.177     3.821    fpga_pll.u_clk_pll/inst/sys_clk_clk_pll
    BUFGCTRL_X0Y3        BUFG (Prop_bufg_I_O)         0.077     3.898 r  fpga_pll.u_clk_pll/inst/clkout2_buf/O
                         net (fo=3586, routed)        1.453     5.351    u_confreg/aclk
    SLICE_X46Y202        FDRE                                         r  u_confreg/btn_key_r_reg[15]/C





Min Delay Paths
--------------------------------------------------------------------------------------
Slack:                    inf
  Source:                 UART_TX
                            (input port)
  Destination:            APB_DEV/uart0/regs/i_uart_sync_flops/flop_0_reg[0]/D
                            (rising edge-triggered cell FDSE clocked by sys_clk  {rise@0.000ns fall@5.000ns period=10.000ns})
  Path Group:             (none)
  Path Type:              Hold (Min at Fast Process Corner)
  Data Path Delay:        0.595ns  (logic 0.270ns (45.285%)  route 0.326ns (54.715%))
  Logic Levels:           2  (IBUF=1 LUT4=1)
  Clock Path Skew:        2.551ns (DCD - SCD - CPR)
    Destination Clock Delay (DCD):    2.551ns
    Source Clock Delay      (SCD):    0.000ns
    Clock Pessimism Removal (CPR):    -0.000ns

    Location             Delay type                Incr(ns)  Path(ns)    Netlist Resource(s)
  -------------------------------------------------------------------    -------------------
    H19                                               0.000     0.000 r  UART_TX (INOUT)
                         net (fo=1, unset)            0.000     0.000    UART_TX_IOBUF_inst/IO
    H19                  IBUF (Prop_ibuf_I_O)         0.225     0.225 r  UART_TX_IOBUF_inst/IBUF/O
                         net (fo=5, routed)           0.326     0.550    APB_DEV/uart0/regs/i_uart_sync_flops/UART_TX_IBUF
    SLICE_X1Y185         LUT4 (Prop_lut4_I2_O)        0.045     0.595 r  APB_DEV/uart0/regs/i_uart_sync_flops/flop_0[0]_i_1/O
                         net (fo=1, routed)           0.000     0.595    APB_DEV/uart0/regs/i_uart_sync_flops/rcv_pad_i
    SLICE_X1Y185         FDSE                                         r  APB_DEV/uart0/regs/i_uart_sync_flops/flop_0_reg[0]/D
  -------------------------------------------------------------------    -------------------

                         (clock sys_clk rise edge)    0.000     0.000 r  
    AC19                                              0.000     0.000 r  clk (IN)
                         net (fo=0)                   0.000     0.000    clk
    AC19                 IBUF (Prop_ibuf_I_O)         0.441     0.441 r  clk_IBUF_inst/O
                         net (fo=1, routed)           1.160     1.601    clk_IBUF
    BUFGCTRL_X0Y0        BUFG (Prop_bufg_I_O)         0.029     1.630 r  clk_IBUF_BUFG_inst/O
                         net (fo=2027, routed)        1.027     2.656    fpga_pll.u_clk_pll/inst/clk_in1
    PLLE2_ADV_X1Y0       PLLE2_ADV (Prop_plle2_adv_CLKIN1_CLKOUT1)
                                                     -2.061     0.596 r  fpga_pll.u_clk_pll/inst/plle2_adv_inst/CLKOUT1
                         net (fo=1, routed)           1.005     1.601    fpga_pll.u_clk_pll/inst/sys_clk_clk_pll
    BUFGCTRL_X0Y3        BUFG (Prop_bufg_I_O)         0.029     1.630 r  fpga_pll.u_clk_pll/inst/clkout2_buf/O
                         net (fo=3586, routed)        0.921     2.551    APB_DEV/uart0/regs/i_uart_sync_flops/sys_clk
    SLICE_X1Y185         FDSE                                         r  APB_DEV/uart0/regs/i_uart_sync_flops/flop_0_reg[0]/C





